distance_m,rain_rate_mmph,humidity_pct,visibility_km,Cn2,SNR_RF_dB,SNR_FSO_dB,SNR_THz_dB,C_RF_bps,C_FSO_bps,C_THz_bps,Eb_RF_J_per_bit,Eb_FSO_J_per_bit,Eb_THz_J_per_bit,best_channel,scenario
10.0,0.0,36.45058616983593,24.13695735821147,1e-15,50.99281208007342,72.81774539815319,48.01416750034694,338789139.74563247,1000000000.0,1000000000.0,2.951688477236353e-10,1.0000000000000001e-11,3.1622776601683794e-11,1,clear
20.0,0.0,36.45058616983593,24.13695735821147,1e-15,43.00159658294659,66.79291916369522,41.98163241121637,285697869.1807323,1000000000.0,1000000000.0,3.500201114091616e-10,1.0000000000000001e-11,3.1622776601683794e-11,1,clear
30.0,0.0,36.45058616983593,24.13695735821147,1e-15,40.353590787279884,63.267024868907356,38.44787205425179,268106113.58752957,1000000000.0,1000000000.0,3.7298664570493895e-10,1.0000000000000001e-11,3.1622776601683794e-11,1,clear
40.0,0.0,36.45058616983593,24.13695735821147,1e-15,36.98695984061368,60.76427937888443,35.93716214623484,245741815.92269582,1000000000.0,1000000000.0,4.0693115099083294e-10,1.0000000000000001e-11,3.1622776601683794e-11,1,clear
50.0,0.0,36.45058616983593,24.13695735821147,1e-15,34.79451409792772,58.82217968528877,33.98702671022275,231179312.77526534,1000000000.0,1000000000.0,4.325646564111568e-10,1.0000000000000001e-11,3.1622776601683794e-11,1,clear
60.0,0.0,36.45058616983593,24.13695735821147,1e-15,36.34152854680568,57.234711094489384,32.39146661341931,241454588.24717575,1000000000.0,1000000000.0,4.1415655310567363e-10,1.0000000000000001e-11,3.1622776601683794e-11,1,clear
70.0,0.0,36.45058616983593,24.13695735821147,1e-15,35.28015402008718,55.89197729351938,31.0405956449561,234404822.7864444,1000000000.0,1000000000.0,4.266123828480503e-10,1.0000000000000001e-11,3.1622776601683794e-11,1,clear
80.0,0.0,36.45058616983593,24.13695735821147,1e-15,30.9114603433173,54.728378930100895,29.86882152955141,205394679.1834843,1000000000.0,1000000000.0,4.868675293709409e-10,1.0000000000000001e-11,3.1622776601683794e-11,1,clear
90.0,0.0,36.45058616983593,24.13695735821147,1e-15,29.475267720687967,53.701602414738545,28.83383590475283,195861981.0373307,1000000000.0,1000000000.0,5.105636094885628e-10,1.0000000000000001e-11,3.1622776601683794e-11,1,clear
100.0,0.0,36.45058616983593,24.13695735821147,1e-15,31.020650682728075,52.78275588029761,27.90675091768837,206119543.78222838,1000000000.0,1000000000.0,4.85155352884213e-10,1.0000000000000001e-11,3.1622776601683794e-11,1,clear
110.0,0.0,36.45058616983593,24.13695735821147,1e-15,32.14941762498398,51.95123162028695,27.066962038672926,213613691.80178812,1000000000.0,1000000000.0,4.68134786476093e-10,1.0000000000000001e-11,3.1622776601683794e-11,1,clear
120.0,0.0,36.45058616983593,24.13695735821147,1e-15,25.695739159713582,51.19181343733887,26.29925564503398,170796428.6442542,1000000000.0,1000000000.0,5.854923360738791e-10,1.0000000000000001e-11,3.1622776601683794e-11,1,clear
130.0,0.0,36.45058616983593,24.13695735821147,1e-15,26.54954431034436,50.492945811110886,25.592078343998793,176455146.8469422,1000000000.0,1000000000.0,5.66716255019415e-10,1.0000000000000001e-11,3.1622776601683794e-11,1,clear
140.0,0.0,36.45058616983593,24.13695735821147,1e-15,26.76648152088552,49.845646320133746,24.936449500719817,177893341.47796804,1000000000.0,1000000000.0,5.621345867652103e-10,1.0000000000000001e-11,3.1622776601683794e-11,1,clear
150.0,0.0,36.45058616983593,24.13695735821147,1e-15,29.33014485951692,49.2427941857075,24.325249857320003,194898910.7329848,1000000000.0,1000000000.0,5.13086500196001e-10,1.0000000000000001e-11,3.1622776601683794e-11,1,clear
160.0,0.0,36.45058616983593,24.13695735821147,1e-15,23.720133511118263,48.67864889381074,23.75274020946418,157715412.02098155,1000000000.0,1000000000.0,6.340534429615324e-10,1.0000000000000001e-11,3.1622776601683794e-11,1,clear
170.0,0.0,36.45058616983593,24.13695735821147,1e-15,22.79913653317479,48.14851500721067,23.214226259166253,151625245.7877506,1000000000.0,1000000000.0,6.5952077756222e-10,1.0000000000000001e-11,3.1622776601683794e-11,1,clear
180.0,0.0,36.45058616983593,24.13695735821147,1e-15,22.65158671428081,47.64850292857429,22.705819408814648,150650152.32884908,1000000000.0,1000000000.0,6.637895710965722e-10,1.0000000000000001e-11,3.1622776601683794e-11,1,clear
190.0,0.0,36.45058616983593,24.13695735821147,1e-15,22.397817365901332,47.17535443137153,22.224262315973235,148973521.504703,1000000000.0,1000000000.0,6.71260227924753e-10,1.0000000000000001e-11,3.1622776601683794e-11,1,clear
200.0,0.0,36.45058616983593,24.13695735821147,1e-15,23.725213252172978,46.72631299363341,21.76679924589922,157749018.47824445,1000000000.0,1000000000.0,6.339183657982078e-10,1.0000000000000001e-11,3.1622776601683794e-11,1,clear
210.0,0.0,36.45058616983593,24.13695735821147,1e-15,22.022716112256944,46.29902580012902,21.331078088649548,146496298.79036552,1000000000.0,1000000000.0,6.826111022988972e-10,1.0000000000000001e-11,3.1622776601683794e-11,1,clear
220.0,0.0,36.45058616983593,24.13695735821147,1e-15,24.136957536430074,45.891468562291855,20.915075191032855,160473564.095146,1000000000.0,1000000000.0,6.231555992656164e-10,1.0000000000000001e-11,3.1622776601683794e-11,1,clear
230.0,0.0,36.45058616983593,24.13695735821147,1e-15,16.79433693450811,45.501887063090194,20.517036911274175,112176562.09510581,1000000000.0,1000000000.0,8.914518160684739e-10,1.0000000000000001e-11,3.1622776601683794e-11,1,clear
240.0,0.0,36.45058616983593,24.13695735821147,1e-15,18.57728155781963,45.128751151499735,20.135433621542944,123822418.28118359,1000000000.0,1000000000.0,8.076081971918352e-10,1.0000000000000001e-11,3.1622776601683794e-11,1,clear
250.0,0.0,36.45058616983593,24.13695735821147,1e-15,24.889678521562587,44.770718134348854,19.768923106483356,165456884.80512133,1000000000.0,1000000000.0,6.04387059008044e-10,1.0000000000000001e-11,3.1622776601683794e-11,1,clear
260.0,0.0,36.45058616983593,24.13695735821147,1e-15,22.426872791123316,44.42660335216748,19.41632114465682,149165460.21252602,1000000000.0,1000000000.0,6.703964835929398e-10,1.0000000000000001e-11,3.1622776601683794e-11,1,clear
270.0,0.0,36.45058616983593,24.13695735821147,1e-15,19.873865858377854,44.09535631097256,19.076577645042477,132334630.19317201,1000000000.0,1000000000.0,7.556601008672305e-10,1.0000000000000001e-11,3.1622776601683794e-11,1,clear
280.0,0.0,36.45058616983593,24.13695735821147,1e-15,21.67253316952487,43.77604115675489,18.74875712552688,144184842.80257902,1000000000.0,1000000000.0,6.935541770983664e-10,1.0000000000000001e-11,3.1622776601683794e-11,1,clear
290.0,0.0,36.45058616983593,24.13695735821147,1e-15,21.986236040279266,43.467820577697644,18.432022618541197,146255448.53966612,1000000000.0,1000000000.0,6.837352112244822e-10,1.0000000000000001e-11,3.1622776601683794e-11,1,clear
300.0,0.0,36.45058616983593,24.13695735821147,1e-15,22.15795028147062,43.16994243645356,18.125622306276114,147389256.73917004,1000000000.0,1000000000.0,6.78475502301818e-10,1.0000000000000001e-11,3.1622776601683794e-11,1,clear
310.0,0.0,36.45058616983593,24.13695735821147,1e-15,20.376045237835427,42.88172859505777,17.828878348132974,135638914.5480308,1000000000.0,1000000000.0,7.372515500674345e-10,1.0000000000000001e-11,3.1622776601683794e-11,1,clear
320.0,0.0,36.45058616983593,24.13695735821147,1e-15,17.885992022103196,42.602565514569925,17.54117748256934,119297647.78527339,1000000000.0,1000000000.0,8.382394947131928e-10,1.0000000000000001e-11,3.1622776601683794e-11,1,clear
330.0,0.0,36.45058616983593,24.13695735821147,1e-15,18.165540812491358,42.33189630161059,17.261963075558782,121126117.06547762,1000000000.0,1000000000.0,8.255857813550038e-10,1.0000000000000001e-11,3.1622776601683794e-11,1,clear
340.0,0.0,36.45058616983593,24.13695735821147,1e-15,17.376437880980973,42.06921394250652,16.990728356420448,115969694.19189282,1000000000.0,1000000000.0,8.62294245896104e-10,1.0000000000000001e-11,3.1622776601683794e-11,1,clear
350.0,0.0,36.45058616983593,24.13695735821147,1e-15,19.959783761822152,41.81405551839733,16.727010634409112,132899696.37070131,1000000000.0,1000000000.0,7.524471667795753e-10,1.0000000000000001e-11,3.1622776601683794e-11,1,clear
360.0,0.0,36.45058616983593,24.13695735821147,1e-15,15.664752687600071,41.565997235428966,16.470386330217906,104846871.41576245,1000000000.0,1000000000.0,9.537719022960394e-10,1.0000000000000001e-11,3.1622776601683794e-11,1,clear
370.0,0.0,36.45058616983593,24.13695735821147,1e-15,18.296498165996454,41.32465013598653,16.220466688372824,121983296.81134753,1000000000.0,1000000000.0,8.197843689587629e-10,1.0000000000000001e-11,3.1622776601683794e-11,1,clear
380.0,0.0,36.45058616983593,24.13695735821147,1e-15,20.51142108170899,41.0896563819541,15.976894061525542,136530283.93245745,1000000000.0,1000000000.0,7.324382336264001e-10,1.0000000000000001e-11,3.1622776601683794e-11,1,clear
390.0,0.0,36.45058616983593,24.13695735821147,1e-15,16.192800415522825,40.8606860208197,15.739338677480845,108267744.18065509,1000000000.0,1000000000.0,9.236361277938925e-10,1.0000000000000001e-11,3.1622776601683794e-11,1,clear
400.0,0.0,36.45058616983593,24.13695735821147,1e-15,18.189237945716968,40.63743416125388,15.507495815600606,121281197.91200966,1000000000.0,1000000000.0,8.245301144910417e-10,1.0000000000000001e-11,3.1622776601683794e-11,1,clear
410.0,0.0,36.45058616983593,24.13695735821147,1e-15,15.054670866247108,40.41961849747814,15.281083331914203,100908312.40197146,1000000000.0,1000000000.0,9.909986364814708e-10,1.0000000000000001e-11,3.1622776601683794e-11,1,clear
420.0,0.0,36.45058616983593,24.13695735821147,1e-15,19.213247947888732,40.20697713197919,15.059839482499939,127993843.6707795,1000000000.0,1000000000.0,7.812875770589083e-10,1.0000000000000001e-11,3.1622776601683794e-11,1,clear
430.0,0.0,36.45058616983593,24.13695735821147,1e-15,15.380309847460339,39.99926665443602,14.843521003015269,103008623.57584715,1000000000.0,1000000000.0,9.707925077395891e-10,1.0000000000000001e-11,3.1622776601683794e-11,1,clear
440.0,0.0,36.45058616983593,24.13695735821147,1e-15,17.680816197304935,39.796260441510036,14.63190140903231,117956828.37977217,1000000000.0,1000000000.0,8.477677924506531e-10,1.0000000000000001e-11,3.1622776601683794e-11,1,clear
450.0,0.0,36.45058616983593,24.13695735821147,1e-15,16.629517881828676,39.59774714771039,14.424769487398237,111104389.11020459,1000000000.0,1000000000.0,9.000544515015502e-10,1.0000000000000001e-11,3.1622776601683794e-11,1,clear
460.0,0.0,36.45058616983593,24.13695735821147,1e-15,15.584868181781388,39.40352936213128,14.221927953422664,104330277.5611593,1000000000.0,1000000000.0,9.584945265901278e-10,1.0000000000000001e-11,3.1622776601683794e-11,1,clear
470.0,0.0,36.45058616983593,24.13695735821147,1e-15,15.782216915873079,39.21342240965294,14.023192252488855,105606939.1083356,1000000000.0,1000000000.0,9.469074744929044e-10,1.0000000000000001e-11,3.1622776601683794e-11,1,clear
480.0,0.0,36.45058616983593,24.13695735821147,1e-15,20.876742630501866,39.02725327835412,13.828389487840496,138936910.17631328,1000000000.0,1000000000.0,7.197511436888752e-10,1.0000000000000001e-11,3.1622776601683794e-11,1,clear
490.0,0.0,36.45058616983593,24.13695735821147,1e-15,17.01867302552445,38.8448596575184,13.637357458931035,113637237.1236715,1000000000.0,1000000000.0,8.799932357662825e-10,1.0000000000000001e-11,3.1622776601683794e-11,1,clear
500.0,0.0,36.45058616983593,24.13695735821147,1e-15,15.41088996084548,38.66608907282663,13.449943796929944,103206092.59856759,1000000000.0,1000000000.0,9.689350452299549e-10,1.0000000000000001e-11,3.1622776601683794e-11,1,clear
510.0,0.0,36.45058616983593,24.13695735821147,1e-15,14.460671026390926,38.490798107185995,13.266005185840669,97089642.50274879,1000000000.0,1000000000.0,1.0299759832483555e-09,1.0000000000000001e-11,3.1622776601683794e-11,1,clear
520.0,0.0,36.45058616983593,24.13695735821147,1e-15,16.122421837023836,38.318851697216935,13.08540665925247,107811217.85770215,1000000000.0,1000000000.0,9.275472625862365e-10,1.0000000000000001e-11,3.1622776601683794e-11,1,clear
530.0,0.0,36.45058616983593,24.13695735821147,1e-15,18.277808454864925,38.150122496749475,12.908020964081715,121860940.20788907,1000000000.0,1000000000.0,8.206074877594468e-10,1.0000000000000001e-11,3.1622776601683794e-11,1,clear
540.0,0.0,36.45058616983593,24.13695735821147,1e-15,11.469680399109393,37.98449029981271,12.733727983787162,78189903.36354984,1000000000.0,1000000000.0,1.2789375059723821e-09,1.0000000000000001e-11,3.1622776601683794e-11,1,clear
550.0,0.0,36.45058616983593,24.13695735821147,1e-15,13.604538004226981,37.82184151656724,12.562414214510738,91618136.76263537,1000000000.0,1000000000.0,1.0914869427991142e-09,1.0000000000000001e-11,3.1622776601683794e-11,1,clear
560.0,0.0,36.45058616983593,24.13695735821147,1e-15,15.00823463673089,37.66206869645491,12.393972288420628,100609187.70823503,1000000000.0,1000000000.0,9.939450091774753e-10,1.0000000000000001e-11,3.1622776601683794e-11,1,clear
570.0,0.0,36.45058616983593,24.13695735821147,1e-15,13.419731632989524,37.505070093551986,12.22830053924389,90442672.95754401,1000000000.0,1000000000.0,1.1056727618714058e-09,1.0000000000000001e-11,3.1622776601683794e-11,1,clear
580.0,0.0,36.45058616983593,24.13695735821147,1e-15,16.149425222919632,37.350749269721014,12.06530260558398,107986360.63373677,1000000000.0,1000000000.0,9.260428762774537e-10,1.0000000000000001e-11,3.1622776601683794e-11,1,clear
590.0,0.0,36.45058616983593,24.13695735821147,1e-15,14.86161398054891,37.1990147316837,11.904887068148923,99665359.56386,1000000000.0,1000000000.0,1.0033576403838246e-09,1.0000000000000001e-11,3.1622776601683794e-11,1,clear
600.0,0.0,36.45058616983593,24.13695735821147,1e-15,14.772299329076915,37.04977959859433,11.74696711746796,99090913.74160461,1000000000.0,1000000000.0,1.0091742645623996e-09,1.0000000000000001e-11,3.1622776601683794e-11,1,clear
610.0,0.0,36.45058616983593,24.13695735821147,1e-15,14.677953482276621,36.902961297088034,11.591460249074572,98484522.55577111,1000000000.0,1000000000.0,1.0153879757438098e-09,1.0000000000000001e-11,3.1622776601683794e-11,1,clear
620.0,0.0,36.45058616983593,24.13695735821147,1e-15,14.43476940933499,36.758481281123665,11.438287983473856,96923521.47112526,1000000000.0,1000000000.0,1.031741299554322e-09,1.0000000000000001e-11,3.1622776601683794e-11,1,clear
630.0,0.0,36.45058616983593,24.13695735821147,1e-15,16.270401498945418,36.61626477424019,11.287375608516356,108771322.05485518,1000000000.0,1000000000.0,9.193599756888893e-10,1.0000000000000001e-11,3.1622776601683794e-11,1,clear
640.0,0.0,36.45058616983593,24.13695735821147,1e-15,12.929556180108733,36.47624053210888,11.138651942059283,87335671.0887247,1000000000.0,1000000000.0,1.1450075181584115e-09,1.0000000000000001e-11,3.1622776601683794e-11,1,clear
650.0,0.0,36.45058616983593,24.13695735821147,1e-15,13.970812894593593,36.33834062349333,10.992049113028997,93953938.69083391,1000000000.0,1000000000.0,1.0643513342113453e-09,1.0000000000000001e-11,3.1622776601683794e-11,1,clear
660.0,0.0,36.45058616983593,24.13695735821147,1e-15,11.983880884045547,36.20250022793046,10.847502359197762,81390978.79311422,1000000000.0,1000000000.0,1.2286373930234655e-09,1.0000000000000001e-11,3.1622776601683794e-11,1,clear
670.0,0.0,36.45058616983593,24.13695735821147,1e-15,12.470183966161088,36.068657448624116,10.704949840167671,84439283.18229507,1000000000.0,1000000000.0,1.1842829099355458e-09,1.0000000000000001e-11,3.1622776601683794e-11,1,clear
680.0,0.0,36.45058616983593,24.13695735821147,1e-15,12.19804818800938,35.9367531391988,10.56433246420849,82731066.89656267,1000000000.0,1000000000.0,1.2087357718356082e-09,1.0000000000000001e-11,3.1622776601683794e-11,1,clear
690.0,0.0,36.45058616983593,24.13695735821147,1e-15,15.33936034835385,35.80673074309931,10.42559372773718,102744256.29550257,1000000000.0,1000000000.0,9.73290416472432e-10,1.0000000000000001e-11,3.1622776601683794e-11,1,clear
700.0,0.0,36.45058616983593,24.13695735821147,1e-15,16.599830159524245,35.67853614454474,10.28867956634619,110911356.99798162,1000000000.0,1000000000.0,9.016209223895784e-10,1.0000000000000001e-11,3.1622776601683794e-11,1,clear
710.0,0.0,36.45058616983593,24.13695735821147,1e-15,13.800704482769717,35.552117530053216,10.153538216398886,92868143.90493539,1000000000.0,1000000000.0,1.0767955059203633e-09,1.0000000000000001e-11,3.1622776601683794e-11,1,clear
720.0,0.0,36.45058616983593,24.13695735821147,1e-15,16.025549830401772,35.42742525965021,10.020120086304047,107183124.9649985,1000000000.0,1000000000.0,9.32982687644681e-10,1.0000000000000001e-11,3.1622776601683794e-11,1,clear
730.0,0.0,36.45058616983593,24.13695735821147,1e-15,14.68963080165176,35.3044117469593,9.888377636669361,98559553.11323857,1000000000.0,1000000000.0,1.014614990036597e-09,1.0000000000000001e-11,3.1622776601683794e-11,1,clear
740.0,0.0,36.45058616983593,24.13695735821147,1e-15,13.70777420689727,35.18303134745001,9.758265268608,92275688.22704993,1000000000.0,1000000000.0,1.0837090670507268e-09,1.0000000000000001e-11,3.1622776601683794e-11,1,clear
750.0,0.0,36.45058616983593,24.13695735821147,1e-15,13.87942264127804,35.06324025418544,9.629739219542586,93370390.88568068,1000000000.0,1000000000.0,1.0710033346913626e-09,1.0000000000000001e-11,3.1622776601683794e-11,1,clear
760.0,0.0,36.45058616983593,24.13695735821147,1e-15,12.727962958786236,34.94499640047455,9.50275746590978,86062686.33042419,1000000000.0,1000000000.0,1.1619437443082556e-09,1.0000000000000001e-11,3.1622776601683794e-11,1,clear
770.0,0.0,36.45058616983593,24.13695735821147,1e-15,12.41412110317279,34.82825936888668,9.377279632225054,84086891.84640753,1000000000.0,1000000000.0,1.189246002607151e-09,1.0000000000000001e-11,3.1622776601683794e-11,1,clear
780.0,0.0,36.45058616983593,24.13695735821147,1e-15,10.322096135831984,34.71299030613595,9.253266906014119,71140478.08844455,1000000000.0,1000000000.0,1.4056694962841858e-09,1.0000000000000001e-11,3.1622776601683794e-11,1,clear
790.0,0.0,36.45058616983593,24.13695735821147,1e-15,8.978322207360478,34.59915184338713,9.130681958163962,63088204.25517535,1000000000.0,1000000000.0,1.5850823649303133e-09,1.0000000000000001e-11,3.1622776601683794e-11,1,clear
800.0,0.0,36.45058616983593,24.13695735821147,1e-15,14.162035652879482,34.48670802157363,9.009488868282943,95176460.85740636,1000000000.0,1000000000.0,1.0506799590900978e-09,1.0000000000000001e-11,3.1622776601683794e-11,1,clear
810.0,0.0,36.45058616983593,24.13695735821147,1e-15,12.647695492341029,34.37562422135376,8.889653054697874,85556653.0361536,1000000000.0,1000000000.0,1.1688161756134044e-09,1.0000000000000001e-11,3.1622776601683794e-11,1,clear
820.0,0.0,36.45058616983593,24.13695735821147,1e-15,11.605256938811863,34.265867097364506,8.771141208745576,79031578.16504633,1000000000.0,1000000000.0,1.2653170077303033e-09,1.0000000000000001e-11,3.1622776601683794e-11,1,clear
830.0,0.0,36.45058616983593,24.13695735821147,1e-15,9.729258138909088,34.15740451645933,8.653921233047498,67558100.20373805,1000000000.0,1000000000.0,1.4802074021978925e-09,1.0000000000000001e-11,3.1622776601683794e-11,1,clear
840.0,0.0,36.45058616983593,24.13695735821147,1e-15,11.932090140387544,34.050205499644505,8.537962183480374,81067497.35787772,1000000000.0,1000000000.0,1.2335399914782557e-09,1.0000000000000001e-11,3.1622776601683794e-11,1,clear
850.0,0.0,36.45058616983593,24.13695735821147,1e-15,9.771413240061335,33.94424016745093,8.423234214581214,67811349.13441183,1000000000.0,1000000000.0,1.4746794050917e-09,1.0000000000000001e-11,3.1622776601683794e-11,1,clear
860.0,0.0,36.45058616983593,24.13695735821147,1e-15,9.8528119110116,33.83947968850046,8.30970852814474,68301017.79484403,1000000000.0,1000000000.0,1.4641070254673261e-09,1.0000000000000001e-11,3.1622776601683794e-11,1,clear
870.0,0.0,36.45058616983593,24.13695735821147,1e-15,12.592920274018581,33.73589623104525,8.19735732479279,85211607.66931306,1000000000.0,1000000000.0,1.1735490355736199e-09,1.0000000000000001e-11,3.1622776601683794e-11,1,clear
880.0,0.0,36.45058616983593,24.13695735821147,1e-15,11.846151424785873,33.63346291727597,8.086153758310843,80531243.67513286,1000000000.0,1000000000.0,1.241754075019692e-09,1.0000000000000001e-11,3.1622776601683794e-11,1,clear
890.0,0.0,36.45058616983593,24.13695735821147,1e-15,13.76731097597272,33.53215378021158,7.976071892565017,92655192.31762373,1000000000.0,1000000000.0,1.0792703301202822e-09,1.0000000000000001e-11,3.1622776601683794e-11,1,clear
900.0,0.0,36.45058616983593,24.13695735821147,1e-15,8.858299576291571,33.43194372299729,7.867086660825834,62381457.00089516,1000000000.0,1000000000.0,1.6030404675954431e-09,1.0000000000000001e-11,3.1622776601683794e-11,1,clear
910.0,0.0,36.45058616983593,24.13695735821147,1e-15,10.364961999106555,33.33280848045092,7.759173827339509,71401184.72492516,1000000000.0,1000000000.0,1.4005369852790607e-09,1.0000000000000001e-11,3.1622776601683794e-11,1,clear
920.0,0.0,36.45058616983593,24.13695735821147,1e-15,11.23911041276476,33.234724582711,7.652309950999324,76762535.34950323,1000000000.0,1000000000.0,1.3027188268951197e-09,1.0000000000000001e-11,3.1622776601683794e-11,1,clear
930.0,0.0,36.45058616983593,24.13695735821147,1e-15,11.505869659624679,33.13766932084899,7.546472350980764,78414401.5131702,1000000000.0,1000000000.0,1.2752759451107252e-09,1.0000000000000001e-11,3.1622776601683794e-11,1,clear
940.0,0.0,36.45058616983593,24.13695735821147,1e-15,8.361514025679156,33.04162071432107,7.4416390742145495,59480571.590313636,1000000000.0,1000000000.0,1.681221234536437e-09,1.0000000000000001e-11,3.1622776601683794e-11,1,clear
950.0,0.0,36.45058616983593,24.13695735821147,1e-15,12.174745121808158,32.94655748014116,7.337788864580602,82585069.49716389,1000000000.0,1000000000.0,1.2108726263581356e-09,1.0000000000000001e-11,3.1622776601683794e-11,1,clear
960.0,0.0,36.45058616983593,24.13695735821147,1e-15,10.009801512021312,32.852459003668585,7.234901133715255,69247838.2932497,1000000000.0,1000000000.0,1.4440883999370712e-09,1.0000000000000001e-11,3.1622776601683794e-11,1,clear
970.0,0.0,36.45058616983593,24.13695735821147,1e-15,11.508249701672895,32.75930531090869,7.132955933330777,78429170.31721337,1000000000.0,1000000000.0,1.275035801036038e-09,1.0000000000000001e-11,3.1622776601683794e-11,1,clear
980.0,0.0,36.45058616983593,24.13695735821147,1e-15,8.733847930294942,32.66707704223409,7.031933928954828,61651000.68092881,1000000000.0,1000000000.0,1.6220336879452163e-09,1.0000000000000001e-11,3.1622776601683794e-11,1,clear
990.0,0.0,36.45058616983593,24.13695735821147,1e-15,10.94571780517009,32.57575542743961,6.931816375002768,74953937.28484099,1000000000.0,1000000000.0,1.3341527292953087e-09,1.0000000000000001e-11,3.1622776601683794e-11,1,clear
1000.0,0.0,36.45058616983593,24.13695735821147,1e-15,10.758427730563298,32.48532226205097,6.8325850911028,73804113.47904904,1000000000.0,1000000000.0,1.3549380283307278e-09,1.0000000000000001e-11,3.1622776601683794e-11,1,clear
1010.0,0.0,36.45058616983593,24.13695735821147,1e-15,8.751949458774916,32.3957598848115,6.7342224395989945,61757093.73640044,1000000000.0,1000000000.0,1.6192471819809534e-09,1.0000000000000001e-11,3.1622776601683794e-11,1,clear
1020.0,0.0,36.45058616983593,24.13695735821147,1e-15,6.617307903020404,32.30705115627847,6.63671130416256,49652498.08062837,1000000000.0,1000000000.0,2.0139973589569386e-09,1.0000000000000001e-11,3.1622776601683794e-11,1,clear
1030.0,0.0,36.45058616983593,24.13695735821147,1e-15,11.169825694037357,32.219179438462874,6.540035069446503,76334643.47853167,1000000000.0,1000000000.0,1.310021183607466e-09,1.0000000000000001e-11,3.1622776601683794e-11,1,clear
1040.0,0.0,36.45058616983593,24.13695735821147,1e-15,11.041141037964607,32.13212857545297,6.444177601723425,75541196.43861918,1000000000.0,1000000000.0,1.323780992550929e-09,1.0000000000000001e-11,3.1622776601683794e-11,1,clear
1050.0,0.0,36.45058616983593,24.13695735821147,1e-15,6.080987594040835,32.04588287496485,6.349123230449294,46759972.605801575,1000000000.0,1000000000.0,2.138581235772428e-09,1.0000000000000001e-11,3.1622776601683794e-11,1,clear
1060.0,0.0,36.45058616983593,24.13695735821147,1e-15,6.175651510447381,31.960427090767197,6.254856730701704,47265595.555555314,1000000000.0,1000000000.0,2.1157037973310083e-09,1.0000000000000001e-11,3.1622776601683794e-11,1,clear
1070.0,0.0,36.45058616983593,24.13695735821147,1e-15,10.724599209891082,31.875746405931146,6.161363306441956,73596836.02718039,1000000000.0,1000000000.0,1.3587540633277842e-09,1.0000000000000001e-11,3.1622776601683794e-11,1,clear
1080.0,0.0,36.45058616983593,24.13695735821147,1e-15,11.752733993005478,31.791826416859337,6.0686285745562145,79949061.66268934,1000000000.0,1000000000.0,1.250796418623485e-09,1.0000000000000001e-11,3.1622776601683794e-11,1,clear
1090.0,0.0,36.45058616983593,24.13695735821147,1e-15,12.561351073591084,31.708653118050513,5.976638549631787,85012846.83982772,1000000000.0,1000000000.0,1.1762928041735798e-09,1.0000000000000001e-11,3.1622776601683794e-11,1,clear
1100.0,0.0,36.45058616983593,24.13695735821147,1e-15,10.51235413846598,31.626212887560094,5.885379629428826,72299254.54090889,1000000000.0,1000000000.0,1.3831401255101085e-09,1.0000000000000001e-11,3.1622776601683794e-11,1,clear
1110.0,0.0,36.45058616983593,24.13695735821147,1e-15,5.454264495583317,31.54449247311834,5.794838581009202,43468719.23448326,1000000000.0,1000000000.0,2.3005048632919255e-09,1.0000000000000001e-11,3.1622776601683794e-11,1,clear
1120.0,0.0,36.45058616983593,24.13695735821147,1e-15,7.655176564110889,31.463478978871045,5.705002527487778,55429154.17663457,1000000000.0,1000000000.0,1.8041047438922256e-09,1.0000000000000001e-11,3.1622776601683794e-11,1,clear
1130.0,0.0,36.45058616983593,24.13695735821147,1e-15,3.5992708619127285,31.383159852709554,5.615858935372046,34365987.98656916,1000000000.0,1000000000.0,2.9098537786570195e-09,1.0000000000000001e-11,3.1622776601683794e-11,1,clear
1140.0,0.0,36.45058616983593,24.13695735821147,1e-15,9.129481484603758,31.303522874158737,5.527395602460075,63981418.4088674,1000000000.0,1000000000.0,1.5629537838776746e-09,1.0000000000000001e-11,3.1622776601683794e-11,1,clear
1150.0,0.0,36.45058616983593,24.13695735821147,1e-15,7.722424348362409,31.224556142793887,5.439600646266314,55810935.191797376,1000000000.0,1000000000.0,1.7917635613226057e-09,1.0000000000000001e-11,3.1622776601683794e-11,1,clear
1160.0,0.0,36.45058616983593,24.13695735821147,1e-15,7.0463995718040735,31.146248067158922,5.352462492949229,52013510.151263215,1000000000.0,1000000000.0,1.922577417082307e-09,1.0000000000000001e-11,3.1622776601683794e-11,1,clear
1170.0,0.0,36.45058616983593,24.13695735821147,1e-15,8.39185305172144,31.06858735416032,5.265969866713419,59656564.08034793,1000000000.0,1000000000.0,1.6762614733445905e-09,1.0000000000000001e-11,3.1622776601683794e-11,1,clear
1180.0,0.0,36.45058616983593,24.13695735821147,1e-15,6.830513450205586,30.99156299891218,5.180111779663207,50820620.03492923,1000000000.0,1000000000.0,1.9677052332551154e-09,1.0000000000000001e-11,3.1622776601683794e-11,1,clear
1190.0,0.0,36.45058616983593,24.13695735821147,1e-15,6.3946657009243495,30.915164275009708,5.0948775220841185,48443583.5200987,1000000000.0,1000000000.0,2.0642568681673007e-09,1.0000000000000001e-11,3.1622776601683794e-11,1,clear
1200.0,0.0,36.45058616983593,24.13695735821147,1e-15,9.550464561828122,30.839380725209672,5.010256653131307,66486638.10389886,1000000000.0,1000000000.0,1.5040616107514673e-09,1.0000000000000001e-11,3.1622776601683794e-11,1,clear
1210.0,0.0,36.45058616983593,24.13695735821147,1e-15,8.135679816812655,30.76420215249756,4.92623899190383,58175509.0651804,1000000000.0,1000000000.0,1.7189363979257844e-09,1.0000000000000001e-11,3.1622776601683794e-11,1,clear
1220.0,0.0,36.45058616983593,24.13695735821147,1e-15,8.980975594654097,30.689618611522242,4.842814608886954,63103853.590421796,1000000000.0,1000000000.0,1.5846892750647875e-09,1.0000000000000001e-11,3.1622776601683794e-11,1,clear
1230.0,0.0,36.45058616983593,24.13695735821147,1e-15,4.915237705608661,30.615620400380195,4.759973817742974,40720620.333028495,1000000000.0,1000000000.0,2.455758266503863e-09,1.0000000000000001e-11,3.1622776601683794e-11,1,clear
1240.0,0.0,36.45058616983593,24.13695735821147,1e-15,6.932588875651504,30.542198052732253,4.677707167435301,51383398.88339727,1000000000.0,1000000000.0,1.9461538585045114e-09,1.0000000000000001e-11,3.1622776601683794e-11,1,clear
1250.0,0.0,36.45058616983593,24.13695735821147,1e-15,8.549331680874232,30.469342330237218,4.596005434667887,60572557.47734941,1000000000.0,1000000000.0,1.65091262718095e-09,1.0000000000000001e-11,3.1622776601683794e-11,1,clear
1260.0,0.0,36.45058616983593,24.13695735821147,1e-15,6.833710290830481,30.39704421528625,4.514859616626836,50838211.153712474,1000000000.0,1000000000.0,1.9670243647567345e-09,1.0000000000000001e-11,3.1622776601683794e-11,1,clear
1270.0,0.0,36.45058616983593,24.13695735821147,1e-15,11.900975925161418,30.325294904025228,4.434260924007987,80873271.6279105,1000000000.0,1000000000.0,1.2365024684557043e-09,1.0000000000000001e-11,3.1622776601683794e-11,1,clear
1280.0,0.0,36.45058616983593,24.13695735821147,1e-15,11.93513081561521,30.25408579965002,4.3542007743188265,81086482.81286125,1000000000.0,1000000000.0,1.2332511724647016e-09,1.0000000000000001e-11,3.1622776601683794e-11,1,clear
1290.0,0.0,36.45058616983593,24.13695735821147,1e-15,4.7115830759527455,30.183408505962888,4.274670785440236,39703383.894000195,1000000000.0,1000000000.0,2.5186770041309144e-09,1.0000000000000001e-11,3.1622776601683794e-11,1,clear
1300.0,0.0,36.45058616983593,24.13695735821147,1e-15,8.774215879770637,30.11325482117774,4.195662769437575,61887668.56215708,1000000000.0,1000000000.0,1.6158307837944271e-09,1.0000000000000001e-11,3.1622776601683794e-11,1,clear
1310.0,0.0,36.45058616983593,24.13695735821147,1e-15,5.446143813455095,30.043616731962487,4.117168726608043,43426735.63070394,1000000000.0,1000000000.0,2.3027289191245854e-09,1.0000000000000001e-11,3.1622776601683794e-11,1,clear
1320.0,0.0,36.45058616983593,24.13695735821147,1e-15,3.0529055628395554,29.974486407707936,4.039180839755403,31888268.575208377,1000000000.0,1000000000.0,3.135949503314999e-09,1.0000000000000001e-11,3.1622776601683794e-11,1,clear
1330.0,0.0,36.45058616983593,24.13695735821147,1e-15,7.587426514546635,29.905856195013186,3.961691468679703,55045396.24789501,1000000000.0,1000000000.0,1.8166823534097842e-09,1.0000000000000001e-11,3.1622776601683794e-11,1,clear
1340.0,0.0,36.45058616983593,24.13695735821147,1e-15,5.343722958548668,29.837718612377067,3.8846931448743476,42898725.64962243,1000000000.0,1000000000.0,2.3310715758028615e-09,1.0000000000000001e-11,3.1622776601683794e-11,1,clear
1350.0,0.0,36.45058616983593,24.13695735821147,1e-15,8.021744776925203,29.77006634508738,3.8081785664194,57520491.83488638,1000000000.0,1000000000.0,1.7385108647375935e-09,1.0000000000000001e-11,3.1622776601683794e-11,1,clear
1360.0,0.0,36.45058616983593,24.13695735821147,1e-15,7.934042807521664,29.70289224029827,3.73214059306423,57017878.84767526,1000000000.0,1000000000.0,1.7538358497542954e-09,1.0000000000000001e-11,3.1622776601683794e-11,1,clear
1370.0,0.0,36.45058616983593,24.13695735821147,1e-15,7.714012292295848,29.636189302288287,3.656572241489471,55763131.02914418,1000000000.0,1000000000.0,1.793299589790533e-09,1.0000000000000001e-11,3.1622776601683794e-11,1,clear
1380.0,0.0,36.45058616983593,24.13695735821147,1e-15,9.522016435607156,29.569950687890497,3.581466680741954,66316557.632380866,1000000000.0,1000000000.0,1.5079190411893798e-09,1.0000000000000001e-11,3.1622776601683794e-11,1,clear
1390.0,0.0,36.45058616983593,24.13695735821147,1e-15,9.948557501135511,29.504169702087864,3.506817227833807,68878094.2343758,1000000000.0,1000000000.0,1.4518404016772553e-09,1.0000000000000001e-11,3.1622776601683794e-11,1,clear
1400.0,0.0,36.45058616983593,24.13695735821147,1e-15,4.5436669634331395,29.438839793766157,3.432617343500027,38873655.33320195,1000000000.0,1000000000.0,2.5724362461636094e-09,1.0000000000000001e-11,3.1622776601683794e-11,1,clear
1410.0,0.0,36.45058616983593,24.13695735821147,1e-15,9.564724469732695,29.37395455161834,3.358860628106214,66571934.54162148,1000000000.0,1000000000.0,1.5021345059077252e-09,1.0000000000000001e-11,3.1622776601683794e-11,1,clear
1420.0,0.0,36.45058616983593,24.13695735821147,1e-15,7.160230517335336,29.309507700193336,3.285540817701758,52646462.50178916,1000000000.0,1000000000.0,1.8994628555831565e-09,1.0000000000000001e-11,3.1622776601683794e-11,1,clear
1430.0,0.0,36.45058616983593,24.13695735821147,1e-15,4.37366376142802,29.245493096083543,3.2126517802106775,38042067.619362235,1000000000.0,1000000000.0,2.628668898877176e-09,1.0000000000000001e-11,3.1622776601683794e-11,1,clear
1440.0,0.0,36.45058616983593,24.13695735821147,1e-15,4.523928795181305,29.181904724245285,3.1401875117559825,38776664.62281604,1000000000.0,1000000000.0,2.578870590668605e-09,1.0000000000000001e-11,3.1622776601683794e-11,1,clear
1450.0,0.0,36.45058616983593,24.13695735821147,1e-15,7.171156853218591,29.118736694446312,3.0681421331105128,52707359.74829945,1000000000.0,1000000000.0,1.8972682463614846e-09,1.0000000000000001e-11,3.1622776601683794e-11,1,clear
1460.0,0.0,36.45058616983593,24.13695735821147,1e-15,7.184071434572061,29.05598323783562,2.9965098862703314,52779370.15624882,1000000000.0,1000000000.0,1.894679677001801e-09,1.0000000000000001e-11,3.1622776601683794e-11,1,clear
1470.0,0.0,36.45058616983593,24.13695735821147,1e-15,5.38112002611517,28.993638703630033,2.925285131144591,43091195.10674435,1000000000.0,1000000000.0,2.3206597021104356e-09,1.0000000000000001e-11,3.1622776601683794e-11,1,clear
1480.0,0.0,36.45058616983593,24.13695735821147,1e-15,6.107649337837515,28.93169755591348,2.8544623423580333,46902160.64789562,1000000000.0,1000000000.0,2.132097937890773e-09,1.0000000000000001e-11,3.1622776601683794e-11,1,clear
1490.0,0.0,36.45058616983593,24.13695735821147,1e-15,8.68611026870245,28.870154370543638,2.784036106160727,61371460.98712599,1000000000.0,1000000000.0,1.6294218581659184e-09,1.0000000000000001e-11,3.1622776601683794e-11,1,clear
1500.0,0.0,36.45058616983593,24.13695735821147,1e-15,7.128531096602771,28.80900383216214,2.7140011174416543,52469927.732471205,1000000000.0,1000000000.0,1.905853587408596e-09,1.0000000000000001e-11,3.1622776601683794e-11,1,clear
1510.0,0.0,36.45058616983593,24.13695735821147,1e-15,5.303232699731296,28.748240731304314,2.6443521768409255,42690758.78768355,1000000000.0,1000000000.0,2.3424273271256636e-09,1.0000000000000001e-11,3.1622776601683794e-11,1,clear
1520.0,0.0,36.45058616983593,24.13695735821147,1e-15,5.3942155316994445,28.687859961603912,2.575084187957941,43158681.20804801,1000000000.0,1000000000.0,2.317030947214219e-09,1.0000000000000001e-11,3.1622776601683794e-11,1,clear
1530.0,0.0,36.45058616983593,24.13695735821147,1e-15,6.33045748699287,28.627856517089832,2.506192154650421,48097064.12384802,1000000000.0,1000000000.0,2.079128982644429e-09,1.0000000000000001e-11,3.1622776601683794e-11,1,clear
1540.0,0.0,36.45058616983593,24.13695735821147,1e-15,5.396680916397912,28.56822548957055,2.437671178422221,43171391.37367333,1000000000.0,1000000000.0,2.3163487860384728e-09,1.0000000000000001e-11,3.1622776601683794e-11,1,clear
1550.0,0.0,36.45058616983593,24.13695735821147,1e-15,4.154628565808181,28.50896206610352,2.369516455894683,36983430.09777955,1000000000.0,1000000000.0,2.70391361038207e-09,1.0000000000000001e-11,3.1622776601683794e-11,1,clear
1560.0,0.0,36.45058616983593,24.13695735821147,1e-15,7.211815890687376,28.45006152654566,2.301723276360349,52934186.652359016,1000000000.0,1000000000.0,1.889138311631043e-09,1.0000000000000001e-11,3.1622776601683794e-11,1,clear
1570.0,0.0,36.45058616983593,24.13695735821147,1e-15,4.556832644820815,28.391519241182216,2.2342870194139266,38938413.48586477,1000000000.0,1000000000.0,2.5681580487685123e-09,1.0000000000000001e-11,3.1622776601683794e-11,1,clear
1580.0,0.0,36.45058616983593,24.13695735821147,1e-15,4.230181757994075,28.333330668430776,2.1672031526592264,37346946.77217063,1000000000.0,1000000000.0,2.6775950550933866e-09,1.0000000000000001e-11,3.1622776601683794e-11,1,clear
1590.0,0.0,36.45058616983593,24.13695735821147,1e-15,9.296529198679679,28.275491352618012,2.1004672294876627,64972460.452528454,1000000000.0,1000000000.0,1.5391136383555016e-09,1.0000000000000001e-11,3.1622776601683794e-11,1,clear
1600.0,0.0,36.45058616983593,24.13695735821147,1e-15,4.389436092145473,28.217996921825524,2.0340748869272716,38118857.34723877,1000000000.0,1000000000.0,2.6233734943590522e-09,1.0000000000000001e-11,3.1622776601683794e-11,1,clear
1610.0,0.0,36.45058616983593,24.13695735821147,1e-15,10.59767386059616,28.160843085803464,1.968021843557807,72820256.07069965,1000000000.0,1000000000.0,1.373244278390234e-09,1.0000000000000001e-11,3.1622776601683794e-11,1,clear
1620.0,0.0,36.45058616983593,24.13695735821147,1e-15,5.3355574779054535,28.10402563394821,1.9023038974912367,42856750.547758855,1000000000.0,1000000000.0,2.333354692595316e-09,1.0000000000000001e-11,3.1622776601683794e-11,1,clear
1630.0,0.0,36.45058616983593,24.13695735821147,1e-15,0.945115943229581,28.047540433342533,1.8369169244137424,23310082.31134987,1000000000.0,1000000000.0,4.289989141364344e-09,1.0000000000000001e-11,3.1622776601683794e-11,1,clear
1640.0,0.0,36.45058616983593,24.13695735821147,1e-15,7.307336229054101,27.991383426855506,1.7718568756880018,53468402.733082786,1000000000.0,1000000000.0,1.8702634619404195e-09,1.0000000000000001e-11,3.1622776601683794e-11,1,clear
1650.0,0.0,36.45058616983593,24.13695735821147,1e-15,6.506541343973197,27.935550631300373,1.707119776512883,49049636.45024024,1000000000.0,1000000000.0,2.0387510945457825e-09,1.0000000000000001e-11,3.1622776601683794e-11,1,clear
1660.0,0.0,36.45058616983593,24.13695735821147,1e-15,6.949241434837802,27.880038135647936,1.6427017241389592,51475423.2923736,1000000000.0,1000000000.0,1.9426746513965163e-09,1.0000000000000001e-11,3.1622776601683794e-11,1,clear
1670.0,0.0,36.45058616983593,24.13695735821147,1e-15,5.05789487100418,27.824842099293427,1.5785988861374278,41440164.07398361,1000000000.0,1000000000.0,2.4131178588354244e-09,1.0000000000000001e-11,3.1622776601683794e-11,1,clear
1680.0,0.0,36.45058616983593,24.13695735821147,1e-15,3.4186768409958432,27.769958750375494,1.5148074987208986,33536092.85083863,1000000000.0,1000000000.0,2.981861973151691e-09,1.0000000000000001e-11,3.1622776601683794e-11,1,clear
1690.0,0.0,36.45058616983593,24.13695735821147,1e-15,4.294993804073215,27.715384384144706,1.4513238651137215,37660168.471775606,1000000000.0,1000000000.0,2.655325349246511e-09,1.0000000000000001e-11,3.1622776601683794e-11,1,clear
1700.0,0.0,36.45058616983593,24.13695735821147,1e-15,4.222331469284853,27.661115361380297,1.3881443539707732,37309094.77097336,1000000000.0,1000000000.0,2.680311613397826e-09,1.0000000000000001e-11,3.1622776601683794e-11,1,clear
1710.0,0.0,36.45058616983593,24.13695735821147,1e-15,0.9685961354388013,27.607148106853394,1.3252653978422302,23396639.816864382,1000000000.0,1000000000.0,4.274118026466332e-09,1.0000000000000001e-11,3.1622776601683794e-11,1,clear
1720.0,0.0,36.45058616983593,24.13695735821147,1e-15,6.066894669442519,27.553479107834974,1.2626834916833616,46684884.195170715,1000000000.0,1000000000.0,2.142020950120391e-09,1.0000000000000001e-11,3.1622776601683794e-11,1,clear
1730.0,0.0,36.45058616983593,24.13695735821147,1e-15,4.845461368618402,27.50010491264706,1.2003951914074662,40370762.2672992,1000000000.0,1000000000.0,2.4770401742203715e-09,1.0000000000000001e-11,3.1622776601683794e-11,1,clear
1740.0,0.0,36.45058616983593,24.13695735821147,1e-15,1.7662023056124951,27.447022129255558,1.1383971124804475,26459653.497669354,1000000000.0,1000000000.0,3.779338985251954e-09,1.0000000000000001e-11,3.1622776601683794e-11,1,clear
1750.0,0.0,36.45058616983593,24.13695735821147,1e-15,1.171239302082526,27.39422742390383,1.0766859285556052,24152305.111447696,1000000000.0,1000000000.0,4.1403915501465765e-09,1.0000000000000001e-11,3.1622776601683794e-11,1,clear
1760.0,0.0,36.45058616983593,24.13695735821147,1e-15,-0.30506141479176563,27.341717519784474,1.0152583701475635,19004400.179794133,1000000000.0,1000000000.0,5.261939290581875e-09,1.0000000000000001e-11,3.1622776601683794e-11,1,clear
1770.0,0.0,36.45058616983593,24.13695735821147,1e-15,3.83838716317986,27.28948919574949,0.9541112233434887,35481024.258831725,1000000000.0,1000000000.0,2.818407926177853e-09,1.0000000000000001e-11,3.1622776601683794e-11,1,clear
1780.0,0.0,36.45058616983593,24.13695735821147,1e-15,3.884185436024893,27.237539285056158,0.8932413285507721,35696666.31186627,1000000000.0,1000000000.0,2.8013820429712804e-09,1.0000000000000001e-11,3.1622776601683794e-11,1,clear
1790.0,0.0,36.45058616983593,24.13695735821147,1e-15,3.2543578385804466,27.185864674148476,0.8326455792798413,32790300.865467805,1000000000.0,1000000000.0,3.0496822950872106e-09,1.0000000000000001e-11,3.1622776601683794e-11,1,clear
1800.0,0.0,36.45058616983593,24.13695735821147,1e-15,7.569200914824549,27.134462301472063,0.7723209209606239,54942311.709824264,1000000000.0,1000000000.0,1.8200908714607098e-09,1.0000000000000001e-11,3.1622776601683794e-11,1,clear
1810.0,0.0,36.45058616983593,24.13695735821147,1e-15,-0.944973430449437,27.08332915632257,0.7122643497921217,17031290.012496028,1000000000.0,1000000000.0,5.871545838666889e-09,1.0000000000000001e-11,3.1622776601683794e-11,1,clear
1820.0,0.0,36.45058616983593,24.13695735821147,1e-15,5.611165574556821,27.032462277725095,0.652472911623363,44283286.967414305,1000000000.0,1000000000.0,2.258188288362258e-09,1.0000000000000001e-11,3.1622776601683794e-11,1,clear
1830.0,0.0,36.45058616983593,24.13695735821147,1e-15,5.741483645001352,26.981858753344753,0.5929437008653338,44964692.344097205,1000000000.0,1000000000.0,2.2239671792867862e-09,1.0000000000000001e-11,3.1622776601683794e-11,1,clear
1840.0,0.0,36.45058616983593,24.13695735821147,1e-15,4.025777036970837,26.93151571842668,0.5336738594322128,36367520.66826242,1000000000.0,1000000000.0,2.749706280837259e-09,1.0000000000000001e-11,3.1622776601683794e-11,1,clear
1850.0,0.0,36.45058616983593,24.13695735821147,1e-15,8.245527777030162,26.88143035476496,0.4746605757117095,58809200.422223896,1000000000.0,1000000000.0,1.7004142086959947e-09,1.0000000000000001e-11,3.1622776601683794e-11,1,clear
1860.0,0.0,36.45058616983593,24.13695735821147,1e-15,6.591372371317448,26.831599889699078,0.4159010835627157,49511091.62747903,1000000000.0,1000000000.0,2.0197494483135016e-09,1.0000000000000001e-11,3.1622776601683794e-11,1,clear
1870.0,0.0,36.45058616983593,24.13695735821147,1e-15,1.9300855005560038,26.782021595137707,0.35739266134012837,27118178.118442837,1000000000.0,1000000000.0,3.6875633592800573e-09,1.0000000000000001e-11,3.1622776601683794e-11,1,clear
1880.0,0.0,36.45058616983593,24.13695735821147,1e-15,5.966512922155786,26.73269278660787,0.299132630945536,46151443.86058652,1000000000.0,1000000000.0,2.166779446859307e-09,1.0000000000000001e-11,3.1622776601683794e-11,1,clear
1890.0,0.0,36.45058616983593,24.13695735821147,1e-15,3.5019211069772638,26.683610822329953,0.24111835690331418,33917308.31709159,1000000000.0,1000000000.0,2.9483471702737704e-09,1.0000000000000001e-11,3.1622776601683794e-11,1,clear
1900.0,0.0,36.45058616983593,24.13695735821147,1e-15,7.06252901955267,26.6347731023168,0.18334724546065218,52103032.43799412,1000000000.0,1000000000.0,1.919274086762729e-09,1.0000000000000001e-11,3.1622776601683794e-11,1,clear
1910.0,0.0,36.45058616983593,24.13695735821147,1e-15,5.35324465981472,26.586177067496436,0.1258167437117379,42947695.017715104,1000000000.0,1000000000.0,2.3284136659430015e-09,1.0000000000000001e-11,3.1622776601683794e-11,1,clear
1920.0,0.0,36.45058616983593,24.13695735821147,1e-15,1.5323414637100115,26.537820198857816,0.06852433874433927,25537029.260875676,1000000000.0,1000000000.0,3.915882265648113e-09,1.0000000000000001e-11,3.1622776601683794e-11,1,clear
1930.0,0.0,36.45058616983593,24.13695735821147,1e-15,4.741044302251865,26.489700016618727,0.011467556808923973,39849805.56945148,1000000000.0,1000000000.0,2.5094225322057566e-09,1.0000000000000001e-11,3.1622776601683794e-11,1,clear
1940.0,0.0,36.45058616983593,24.13695735821147,1e-15,0.7593004950121838,26.44181407941494,-0.045356037491075085,22632450.16771907,1000000000.0,1000000000.0,4.418434560065052e-09,1.0000000000000001e-11,3.1622776601683794e-11,1,clear
1950.0,0.0,36.45058616983593,24.13695735821147,1e-15,2.4599403382587326,26.39415998351086,-0.10194884198784848,29313763.28513266,1000000000.0,1000000000.0,3.411366839095612e-09,1.0000000000000001e-11,3.1622776601683794e-11,1,clear
1960.0,0.0,36.45058616983593,24.13695735821147,1e-15,5.46843288590442,26.346735362029435,-0.15831321771798912,43542010.91635412,1000000000.0,1000000000.0,2.2966325600373364e-09,1.0000000000000001e-11,3.1622776601683794e-11,1,clear
1970.0,0.0,36.45058616983593,24.13695735821147,1e-15,4.087586928942372,26.299537884202437,-0.21445148967126215,36662331.73259952,1000000000.0,1000000000.0,2.727595198509475e-09,1.0000000000000001e-11,3.1622776601683794e-11,1,clear
1980.0,0.0,36.45058616983593,24.13695735821147,1e-15,4.808761053192654,26.252565254639322,-0.2703659475209861,40187302.06924394,1000000000.0,1000000000.0,2.4883481809178675e-09,1.0000000000000001e-11,3.1622776601683794e-11,1,clear
1990.0,0.0,36.45058616983593,24.13695735821147,1e-15,1.3371069842136336,26.205815212614695,-0.32605884633542814,24782315.004876178,1000000000.0,1000000000.0,4.035135538400023e-09,1.0000000000000001e-11,3.1622776601683794e-11,1,clear
2000.0,0.0,36.45058616983593,24.13695735821147,1e-15,0.6943211421952498,26.159285531373285,-0.38153240727189086,22398573.267546963,1000000000.0,1000000000.0,4.464570077991926e-09,1.0000000000000001e-11,3.1622776601683794e-11,1,clear
2010.0,0.0,36.45058616983593,24.13695735821147,1e-15,2.061814834499316,26.1129740174528,-0.4367888182529782,27654594.39008214,1000000000.0,1000000000.0,3.6160356788983803e-09,1.0000000000000001e-11,3.1622776601683794e-11,1,clear
2020.0,0.0,36.45058616983593,24.13695735821147,1e-15,6.091621676193682,26.066878510023216,-0.4918302346266614,46816663.90038773,1000000000.0,1000000000.0,2.13599158224454e-09,1.0000000000000001e-11,3.1622776601683794e-11,1,clear
2030.0,0.0,36.45058616983593,24.13695735821147,1e-15,3.974997351674574,26.02099688024228,-0.5466587798093769,36126207.797145665,1000000000.0,1000000000.0,2.7680735426623168e-09,1.0000000000000001e-11,3.1622776601683794e-11,1,clear
2040.0,0.0,36.45058616983593,24.13695735821147,1e-15,3.444885646972409,25.975327030627014,-0.601276545914061,33655870.56459594,1000000000.0,1000000000.0,2.971249839105167e-09,1.0000000000000001e-11,3.1622776601683794e-11,1,clear
2050.0,0.0,36.45058616983593,24.13695735821147,1e-15,-0.028926451386055874,25.92986689444089,-0.6556855943620974,19904068.414150093,1000000000.0,1000000000.0,5.024098486765075e-09,1.0000000000000001e-11,3.1622776601683794e-11,1,clear
2060.0,0.0,36.45058616983593,24.13695735821147,1e-15,2.6991059472374985,25.884614435095216,-0.7098879564810545,30337487.490744643,1000000000.0,1000000000.0,3.296251874203755e-09,1.0000000000000001e-11,3.1622776601683794e-11,1,clear
2070.0,0.0,36.45058616983593,24.13695735821147,1e-15,2.137869460875308,25.839567645565538,-0.7638856340872735,27967157.778257698,1000000000.0,1000000000.0,3.5756225495943056e-09,1.0000000000000001e-11,3.1622776601683794e-11,1,clear
2080.0,0.0,36.45058616983593,24.13695735821147,1e-15,1.6126881969352098,25.794724547822,-0.8176806000550982,25851735.231281046,1000000000.0,1000000000.0,3.868212292341532e-09,1.0000000000000001e-11,3.1622776601683794e-11,1,clear
2090.0,0.0,36.45058616983593,24.13695735821147,1e-15,-1.130860008429181,25.75008319227331,-0.8712747988718945,16487224.314819606,1000000000.0,1000000000.0,6.065302326851622e-09,1.0000000000000001e-11,3.1622776601683794e-11,1,clear
2100.0,0.0,36.45058616983593,24.13695735821147,1e-15,3.097379701329274,25.705641657223836,-0.9246701471801657,32086232.920883477,1000000000.0,1000000000.0,3.116601448558161e-09,1.0000000000000001e-11,3.1622776601683794e-11,1,clear
2110.0,0.0,36.45058616983593,24.13695735821147,1e-15,0.939729778148191,25.66139804834394,-0.9778685343065661,23290256.101577077,1000000000.0,1000000000.0,4.293641064480549e-09,1.0000000000000001e-11,3.1622776601683794e-11,1,clear
2120.0,0.0,36.45058616983593,24.13695735821147,1e-15,2.976913835598353,25.61735049815252,-1.030871822778721,31551564.581388783,1000000000.0,1000000000.0,3.1694149347822413e-09,1.0000000000000001e-11,3.1622776601683794e-11,1,clear
2130.0,0.0,36.45058616983593,24.13695735821147,1e-15,2.0578714146821966,25.573497165511753,-1.0836818488293716,27638445.005595945,1000000000.0,1000000000.0,3.6181485600855273e-09,1.0000000000000001e-11,3.1622776601683794e-11,1,clear
2140.0,0.0,36.45058616983593,24.13695735821147,1e-15,4.267912689715288,25.52983623513397,-1.1363004228894056,37529136.733007014,1000000000.0,1000000000.0,2.664596329817777e-09,1.0000000000000001e-11,3.1622776601683794e-11,1,clear
2150.0,0.0,36.45058616983593,24.13695735821147,1e-15,0.9643751618918799,25.486365917099604,-1.1887293300686395,23381064.240401015,1000000000.0,1000000000.0,4.276965281469364e-09,1.0000000000000001e-11,3.1622776601683794e-11,1,clear
2160.0,0.0,36.45058616983593,24.13695735821147,1e-15,1.1225951259894629,25.443084446386592,-1.2409703306261122,23969498.591335982,1000000000.0,1000000000.0,4.171968788539699e-09,1.0000000000000001e-11,3.1622776601683794e-11,1,clear
2170.0,0.0,36.45058616983593,24.13695735821147,1e-15,0.36862069078927107,25.399990082410568,-1.2930251604290106,21250507.593206383,1000000000.0,1000000000.0,4.705769947442065e-09,1.0000000000000001e-11,3.1622776601683794e-11,1,clear
2180.0,0.0,36.45058616983593,24.13695735821147,1e-15,2.6753965199973777,25.357081108575542,-1.3448955314014768,30235108.105815697,1000000000.0,1000000000.0,3.3074133437864274e-09,1.0000000000000001e-11,3.1622776601683794e-11,1,clear
2190.0,0.0,36.45058616983593,24.13695735821147,1e-15,-0.46567234853219475,25.314355831835172,-1.3965831319626716,18494517.494542558,1000000000.0,1000000000.0,5.407007781063142e-09,1.0000000000000001e-11,3.1622776601683794e-11,1,clear
2200.0,0.0,36.45058616983593,24.13695735821147,1e-15,5.528395365837525,25.27181258226338,-1.4480896274554027,43852775.321815185,1000000000.0,1000000000.0,2.2803573836808814e-09,1.0000000000000001e-11,3.1622776601683794e-11,1,clear
2210.0,0.0,36.45058616983593,24.13695735821147,1e-15,3.7096983188811237,25.2294497126356,-1.4994166605644352,34878653.24604731,1000000000.0,1000000000.0,2.8670831781996254e-09,1.0000000000000001e-11,3.1622776601683794e-11,1,clear
2220.0,0.0,36.45058616983593,24.13695735821147,1e-15,1.3788155440665406,25.187265598018698,-1.5505658517259633,24942354.52119759,1000000000.0,1000000000.0,4.009244592967904e-09,1.0000000000000001e-11,3.1622776601683794e-11,1,clear
2230.0,0.0,36.45058616983593,24.13695735821147,1e-15,4.581533159832119,25.145258635370354,-1.6015387995273613,39060045.49809508,1000000000.0,1000000000.0,2.5601608683450435e-09,1.0000000000000001e-11,3.1622776601683794e-11,1,clear
2240.0,0.0,36.45058616983593,24.13695735821147,1e-15,1.7000147838768527,25.103427243147635,-1.6523370810983522,26196485.56877046,1000000000.0,1000000000.0,3.817305941191314e-09,1.0000000000000001e-11,3.1622776601683794e-11,1,clear
2250.0,0.0,36.45058616983593,24.13695735821147,1e-15,6.364116195014688,25.061769860924045,-1.702962252493279,48278593.795736134,1000000000.0,1000000000.0,2.0713113646825357e-09,1.0000000000000001e-11,3.1622776601683794e-11,1,clear
2260.0,0.0,36.45058616983593,24.13695735821147,1e-15,3.7419895124756977,25.020284949015007,-1.7534158490650213,35029306.80565268,1000000000.0,1000000000.0,2.8547524664080136e-09,1.0000000000000001e-11,3.1622776601683794e-11,1,clear
2270.0,0.0,36.45058616983593,24.13695735821147,1e-15,2.099335458044777,24.978970988111882,-1.8036993858303845,27808532.800361935,1000000000.0,1000000000.0,3.596018557250114e-09,1.0000000000000001e-11,3.1622776601683794e-11,1,clear
2280.0,0.0,36.45058616983593,24.13695735821147,1e-15,-0.598159582658198,24.937826478923725,-1.8538143578279573,18081322.39065045,1000000000.0,1000000000.0,5.530568939565412e-09,1.0000000000000001e-11,3.1622776601683794e-11,1,clear
2290.0,0.0,36.45058616983593,24.13695735821147,1e-15,1.0166805622596513,24.896849941827156,-1.9037622404675858,23574548.28418887,1000000000.0,1000000000.0,4.2418628257267035e-09,1.0000000000000001e-11,3.1622776601683794e-11,1,clear
2300.0,0.0,36.45058616983593,24.13695735821147,1e-15,3.734723896211392,24.856039916523528,-1.9535444898726553,34995380.2246453,1000000000.0,1000000000.0,2.8575200314461952e-09,1.0000000000000001e-11,3.1622776601683794e-11,1,clear
2310.0,0.0,36.45058616983593,24.13695735821147,1e-15,1.6089714287274717,24.81539496170393,-2.0031625432146143,25837124.52332028,1000000000.0,1000000000.0,3.870399738552222e-09,1.0000000000000001e-11,3.1622776601683794e-11,1,clear
2320.0,0.0,36.45058616983593,24.13695735821147,1e-15,0.902765707700155,24.774913654721146,-2.052617819040705,23154489.12059465,1000000000.0,1000000000.0,4.318816946432019e-09,1.0000000000000001e-11,3.1622776601683794e-11,1,clear
2330.0,0.0,36.45058616983593,24.13695735821147,1e-15,-0.021414746172041532,24.73459459126866,-2.101911717594021,19928949.447342467,1000000000.0,1000000000.0,5.017825965399046e-09,1.0000000000000001e-11,3.1622776601683794e-11,1,clear
2340.0,0.0,36.45058616983593,24.13695735821147,1e-15,2.909848013486098,24.694436385066652,-2.1510456211274516,31256044.068719797,1000000000.0,1000000000.0,3.1993812070439617e-09,1.0000000000000001e-11,3.1622776601683794e-11,1,clear
2350.0,0.0,36.45058616983593,24.13695735821147,1e-15,5.811133053414565,24.654437667554774,-2.200020894210269,45330649.358178,1000000000.0,1000000000.0,2.2060129606760033e-09,1.0000000000000001e-11,3.1622776601683794e-11,1,clear
2360.0,0.0,36.45058616983593,24.13695735821147,1e-15,2.558278173395351,24.614597087591065,-2.248838884028629,29732259.62375323,1000000000.0,1000000000.0,3.363350154527427e-09,1.0000000000000001e-11,3.1622776601683794e-11,1,clear
2370.0,0.0,36.45058616983593,24.13695735821147,1e-15,0.16800215724863676,24.574913311157744,-2.2975009206795107,20563488.038277864,1000000000.0,1000000000.0,4.8629882155135935e-09,1.0000000000000001e-11,3.1622776601683794e-11,1,clear
2380.0,0.0,36.45058616983593,24.13695735821147,1e-15,-2.723337615762361,24.535385021072756,-2.3460083174586543,12348860.484637672,1000000000.0,1000000000.0,8.097913173802781e-09,1.0000000000000001e-11,3.1622776601683794e-11,1,clear
2390.0,0.0,36.45058616983593,24.13695735821147,1e-15,2.6036572927384043,24.49601091670759,-2.39436237114208,29926525.76679026,1000000000.0,1000000000.0,3.341517180419617e-09,1.0000000000000001e-11,3.1622776601683794e-11,1,clear
2400.0,0.0,36.45058616983593,24.13695735821147,1e-15,2.213240036764745,24.45678971371092,-2.4425643622624307,28278965.319026228,1000000000.0,1000000000.0,3.5361972714298535e-09,1.0000000000000001e-11,3.1622776601683794e-11,1,clear
2410.0,0.0,36.45058616983593,24.13695735821147,1e-15,2.464880810493298,24.41772014373815,-2.4906155553786107,29334707.111937065,1000000000.0,1000000000.0,3.408931257381035e-09,1.0000000000000001e-11,3.1622776601683794e-11,1,clear
2420.0,0.0,36.45058616983593,24.13695735821147,1e-15,3.048890619270253,24.37880095418619,-2.538517199340845,31870430.110774413,1000000000.0,1000000000.0,3.1377047517847297e-09,1.0000000000000001e-11,3.1622776601683794e-11,1,clear
2430.0,0.0,36.45058616983593,24.13695735821147,1e-15,1.4204001492459355,24.34003090793415,-2.5862705275494022,25102564.347261235,1000000000.0,1000000000.0,3.983656753813294e-09,1.0000000000000001e-11,3.1622776601683794e-11,1,clear
2440.0,0.0,36.45058616983593,24.13695735821147,1e-15,-0.5318155836571066,24.30140878308879,-2.633876758208686,18287397.018642645,1000000000.0,1000000000.0,5.468246787558526e-09,1.0000000000000001e-11,3.1622776601683794e-11,1,clear
2450.0,0.0,36.45058616983593,24.13695735821147,1e-15,-1.13497440730427,24.262933372736043,-2.681337094575696,16475329.245579014,1000000000.0,1000000000.0,6.069681431515791e-09,1.0000000000000001e-11,3.1622776601683794e-11,1,clear
2460.0,0.0,36.45058616983593,24.13695735821147,1e-15,1.7654078483363804,24.2246034846965,-2.7286527252036024,26456485.114819005,1000000000.0,1000000000.0,3.779791592345245e-09,1.0000000000000001e-11,3.1622776601683794e-11,1,clear
2470.0,0.0,36.45058616983593,24.13695735821147,1e-15,8.10882449600237,24.186417941286876,-2.775824824180262,58020908.60636278,1000000000.0,1000000000.0,1.7235166149920245e-09,1.0000000000000001e-11,3.1622776601683794e-11,1,clear
2480.0,0.0,36.45058616983593,24.13695735821147,1e-15,0.8825610894677283,24.14837557908551,-2.8228545513622407,23080497.158885594,1000000000.0,1000000000.0,4.3326623040917355e-09,1.0000000000000001e-11,3.1622776601683794e-11,1,clear
2490.0,0.0,36.45058616983593,24.13695735821147,1e-15,1.5245149398896132,24.11047524870321,-2.8697430526035816,25506501.767527472,1000000000.0,1000000000.0,3.920568994973305e-09,1.0000000000000001e-11,3.1622776601683794e-11,1,clear
2500.0,0.0,36.45058616983593,24.13695735821147,1e-15,1.9427187655985705,24.072715814558094,-2.916491459980591,27169348.869352397,1000000000.0,1000000000.0,3.680618202551116e-09,1.0000000000000001e-11,3.1622776601683794e-11,1,clear
2510.0,0.0,36.45058616983593,24.13695735821147,1e-15,0.30139738006738526,24.035096154655378,-2.9631008920115107,21018587.941734202,1000000000.0,1000000000.0,4.757693536654832e-09,1.0000000000000001e-11,3.1622776601683794e-11,1,clear
2520.0,0.0,36.45058616983593,24.13695735821147,1e-15,0.4153566139777922,23.997615160371424,-3.0095724538726074,21412762.685616072,1000000000.0,1000000000.0,4.670112001342758e-09,1.0000000000000001e-11,3.1622776601683794e-11,1,clear
2530.0,0.0,36.45058616983593,24.13695735821147,1e-15,1.624831192175435,23.960271736241964,-3.0559072376090057,25899505.22862586,1000000000.0,1000000000.0,3.861077619717358e-09,1.0000000000000001e-11,3.1622776601683794e-11,1,clear
2540.0,0.0,36.45058616983593,24.13695735821147,1e-15,1.419908259957296,23.923064799754542,-3.1021063223423937,25100665.517378863,1000000000.0,1000000000.0,3.983958111818324e-09,1.0000000000000001e-11,3.1622776601683794e-11,1,clear
2550.0,0.0,36.45058616983593,24.13695735821147,1e-15,1.420395628547169,23.885993281145034,-3.1481707744736696,25102546.895692553,1000000000.0,1000000000.0,3.983659523295598e-09,1.0000000000000001e-11,3.1622776601683794e-11,1,clear
2560.0,0.0,36.45058616983593,24.13695735821147,1e-15,3.9811596838951004,23.849056123198253,-3.194101647882519,36155449.28914644,1000000000.0,1000000000.0,2.765834804050386e-09,1.0000000000000001e-11,3.1622776601683794e-11,1,clear
2570.0,0.0,36.45058616983593,24.13695735821147,1e-15,3.003536639665768,23.812252281052224,-3.23989998412236,31669301.45409729,1000000000.0,1000000000.0,3.1576320098169475e-09,1.0000000000000001e-11,3.1622776601683794e-11,1,clear
2580.0,0.0,36.45058616983593,24.13695735821147,1e-15,3.4784057111444184,23.77558072200651,-3.2855668126120463,33809390.05514862,1000000000.0,1000000000.0,2.9577581801056964e-09,1.0000000000000001e-11,3.1622776601683794e-11,1,clear
2590.0,0.0,36.45058616983593,24.13695735821147,1e-15,3.334554884696061,23.739040425334068,-3.3311031508233953,33153172.85848844,1000000000.0,1000000000.0,3.0163025550176354e-09,1.0000000000000001e-11,3.1622776601683794e-11,1,clear
2600.0,0.0,36.45058616983593,24.13695735821147,1e-15,3.707520384979105,23.702630382096686,-3.376510004465672,34868504.17731574,1000000000.0,1000000000.0,2.8679176913203118e-09,1.0000000000000001e-11,3.1622776601683794e-11,1,clear
2610.0,0.0,36.45058616983593,24.13695735821147,1e-15,-2.0614574651624764,23.666349594964274,-3.421788367665897,13957103.693090353,1000000000.0,1000000000.0,7.164810278618644e-09,1.0000000000000001e-11,3.1622776601683794e-11,1,clear
2620.0,0.0,36.45058616983593,24.13695735821147,1e-15,3.395635395711736,23.630197078037185,-3.4669392231461416,33430976.953292947,1000000000.0,1000000000.0,2.9912377415626202e-09,1.0000000000000001e-11,3.1622776601683794e-11,1,clear
2630.0,0.0,36.45058616983593,24.13695735821147,1e-15,0.5184928798698678,23.594171856672176,-3.511963542397325,21773773.658833187,1000000000.0,1000000000.0,4.592681157013497e-09,1.0000000000000001e-11,3.1622776601683794e-11,1,clear
2640.0,0.0,36.45058616983593,24.13695735821147,1e-15,0.832639787780252,23.558272967311623,-3.556862285849718,22898341.52936581,1000000000.0,1000000000.0,4.367128504558103e-09,1.0000000000000001e-11,3.1622776601683794e-11,1,clear
2650.0,0.0,36.45058616983593,24.13695735821147,1e-15,0.7813587061599492,23.522499457316158,-3.6016364030402315,22712207.615486603,1000000000.0,1000000000.0,4.402918540239732e-09,1.0000000000000001e-11,3.1622776601683794e-11,1,clear
2660.0,0.0,36.45058616983593,24.13695735821147,1e-15,0.42452998788515117,23.486850384799823,-3.6462868327763545,21444708.142314445,1000000000.0,1000000000.0,4.663155093385542e-09,1.0000000000000001e-11,3.1622776601683794e-11,1,clear
2670.0,0.0,36.45058616983593,24.13695735821147,1e-15,-1.570466576550956,23.45132481846919,-3.6908145032974744,15252107.509904215,1000000000.0,1000000000.0,6.556470962131843e-09,1.0000000000000001e-11,3.1622776601683794e-11,1,clear
2680.0,0.0,36.45058616983593,24.13695735821147,1e-15,-2.1648126372834327,23.41592183746485,-3.735220332432675,13695683.134353,1000000000.0,1000000000.0,7.301570795630423e-09,1.0000000000000001e-11,3.1622776601683794e-11,1,clear
2690.0,0.0,36.45058616983593,24.13695735821147,1e-15,-1.3213940032648424,23.380640531206012,-3.779505227756033,15943039.607251542,1000000000.0,1000000000.0,6.2723296475106255e-09,1.0000000000000001e-11,3.1622776601683794e-11,1,clear
2700.0,0.0,36.45058616983593,24.13695735821147,1e-15,2.6360814910541137,23.34547999923805,-3.8236700867385593,30065774.083078578,1000000000.0,1000000000.0,3.326041089901003e-09,1.0000000000000001e-11,3.1622776601683794e-11,1,clear
2710.0,0.0,36.45058616983593,24.13695735821147,1e-15,3.7306940473312977,23.310439351082948,-3.8677157968978975,34976570.23787402,1000000000.0,1000000000.0,2.8590567720020767e-09,1.0000000000000001e-11,3.1622776601683794e-11,1,clear
2720.0,0.0,36.45058616983593,24.13695735821147,1e-15,2.0526951253767436,23.275517706092288,-3.9116432359446947,27617255.221701376,1000000000.0,1000000000.0,3.620924642845063e-09,1.0000000000000001e-11,3.1622776601683794e-11,1,clear
2730.0,0.0,36.45058616983593,24.13695735821147,1e-15,4.9846347803776325,23.240714193303063,-3.9554532719267854,41069938.914521895,1000000000.0,1000000000.0,2.434870921238236e-09,1.0000000000000001e-11,3.1622776601683794e-11,1,clear
2740.0,0.0,36.45058616983593,24.13695735821147,1e-15,2.4681449867652105,23.206027951296107,-3.9991467633703905,29348549.455081113,1000000000.0,1000000000.0,3.4073234233621386e-09,1.0000000000000001e-11,3.1622776601683794e-11,1,clear
2750.0,0.0,36.45058616983593,24.13695735821147,1e-15,1.807697562651441,23.17145812805704,-4.042724559418815,26625463.001808923,1000000000.0,1000000000.0,3.755803232161862e-09,1.0000000000000001e-11,3.1622776601683794e-11,1,clear
2760.0,0.0,36.45058616983593,24.13695735821147,1e-15,-0.6402975750325197,23.137003880839927,-4.086187499968872,17951305.4338013,1000000000.0,1000000000.0,5.570625510705512e-09,1.0000000000000001e-11,3.1622776601683794e-11,1,clear
2770.0,0.0,36.45058616983593,24.13695735821147,1e-15,0.12383566340089658,23.102664376033104,-4.129536415804466,20414305.565835536,1000000000.0,1000000000.0,4.898525677373788e-09,1.0000000000000001e-11,3.1622776601683794e-11,1,clear
2780.0,0.0,36.45058616983593,24.13695735821147,1e-15,1.8270277525480054,23.06843878902768,-4.172772128727956,26702919.305892114,1000000000.0,1000000000.0,3.744908893835236e-09,1.0000000000000001e-11,3.1622776601683794e-11,1,clear
2790.0,0.0,36.45058616983593,24.13695735821147,1e-15,1.9213032705526558,23.03432630408824,-4.2158954516893345,27082640.140521392,1000000000.0,1000000000.0,3.692402198646015e-09,1.0000000000000001e-11,3.1622776601683794e-11,1,clear
2800.0,0.0,36.45058616983593,24.13695735821147,1e-15,-0.6455104463904036,23.000326114226155,-4.258907188912701,17935268.05180486,1000000000.0,1000000000.0,5.575606660082051e-09,1.0000000000000001e-11,3.1622776601683794e-11,1,clear
2810.0,0.0,36.45058616983593,24.13695735821147,1e-15,-1.1168884808058124,22.96643742107446,-4.301808136020895,16527664.677989952,1000000000.0,1000000000.0,6.050461571450621e-09,1.0000000000000001e-11,3.1622776601683794e-11,1,clear
2820.0,0.0,36.45058616983593,24.13695735821147,1e-15,-1.7697102884564657,22.932659434765824,-4.344599080157451,14715945.834274093,1000000000.0,1000000000.0,6.795349828421871e-09,1.0000000000000001e-11,3.1622776601683794e-11,1,clear
2830.0,0.0,36.45058616983593,24.13695735821147,1e-15,-2.3801914119922003,22.89899137381211,-4.387280800106993,13163234.436748106,1000000000.0,1000000000.0,7.596917040452284e-09,1.0000000000000001e-11,3.1622776601683794e-11,1,clear
2840.0,0.0,36.45058616983593,24.13695735821147,1e-15,2.942510329983378,22.86543246498617,-4.429854066412872,31399776.133903515,1000000000.0,1000000000.0,3.1847360813514293e-09,1.0000000000000001e-11,3.1622776601683794e-11,1,clear
2850.0,0.0,36.45058616983593,24.13695735821147,1e-15,-0.23653146479912834,22.831981943205847,-4.4723196414933,19224956.681340594,1000000000.0,1000000000.0,5.201572188563538e-09,1.0000000000000001e-11,3.1622776601683794e-11,1,clear
2860.0,0.0,36.45058616983593,24.13695735821147,1e-15,0.4262782052002194,22.79863905141991,-4.5146782797548894,21450799.79575865,1000000000.0,1000000000.0,4.661830838576586e-09,1.0000000000000001e-11,3.1622776601683794e-11,1,clear
2870.0,0.0,36.45058616983593,24.13695735821147,1e-15,-0.18387673826653383,22.76540304049591,-4.556930727704838,19395639.67546454,1000000000.0,1000000000.0,5.155797987240394e-09,1.0000000000000001e-11,3.1622776601683794e-11,1,clear
2880.0,0.0,36.45058616983593,24.13695735821147,1e-15,4.024319220061514,22.732273169110186,-4.59907772406055,36360581.706218064,1000000000.0,1000000000.0,2.750231027874312e-09,1.0000000000000001e-11,3.1622776601683794e-11,1,clear
2890.0,0.0,36.45058616983593,24.13695735821147,1e-15,2.107017279799109,22.699248703639526,-4.641119999857835,27840112.23397821,1000000000.0,1000000000.0,3.5919395424689537e-09,1.0000000000000001e-11,3.1622776601683794e-11,1,clear
2900.0,0.0,36.45058616983593,24.13695735821147,1e-15,0.8037089364120646,22.666328918054987,-4.683058278556956,22793209.20812105,1000000000.0,1000000000.0,4.387271624935147e-09,1.0000000000000001e-11,3.1622776601683794e-11,1,clear
2910.0,0.0,36.45058616983593,24.13695735821147,1e-15,-0.9004369178334173,22.63351309381717,-4.724893276146929,17163579.520080607,1000000000.0,1000000000.0,5.826290482297387e-09,1.0000000000000001e-11,3.1622776601683794e-11,1,clear
2920.0,0.0,36.45058616983593,24.13695735821147,1e-15,1.1348783592669633,22.600800519773827,-4.766625701248074,24015575.46773651,1000000000.0,1000000000.0,4.163964346152939e-09,1.0000000000000001e-11,3.1622776601683794e-11,1,clear
2930.0,0.0,36.45058616983593,24.13695735821147,1e-15,-0.18380438350827433,22.56819049205842,-4.808256255212882,19395874.946263406,1000000000.0,1000000000.0,5.1557354477202845e-09,1.0000000000000001e-11,3.1622776601683794e-11,1,clear
2940.0,0.0,36.45058616983593,24.13695735821147,1e-15,0.034316418015905015,22.535682313991458,-4.84978563222478,20114221.862911973,1000000000.0,1000000000.0,4.971606691103825e-09,1.0000000000000001e-11,3.1622776601683794e-11,1,clear
2950.0,0.0,36.45058616983593,24.13695735821147,1e-15,-2.9055427666277325,22.50327529598242,-4.891214519395845,11933117.571760915,1000000000.0,1000000000.0,8.380039784125204e-09,1.0000000000000001e-11,3.1622776601683794e-11,1,clear
2960.0,0.0,36.45058616983593,24.13695735821147,1e-15,3.1831052781845557,22.470968755434214,-4.932543596862303,32469698.993368715,1000000000.0,1000000000.0,3.0797944884066526e-09,1.0000000000000001e-11,3.1622776601683794e-11,1,clear
2970.0,0.0,36.45058616983593,24.13695735821147,1e-15,-1.8559337953893902,22.438762016648624,-4.973773537878742,14488444.066567397,1000000000.0,1000000000.0,6.9020523902047965e-09,1.0000000000000001e-11,3.1622776601683794e-11,1,clear
2980.0,0.0,36.45058616983593,24.13695735821147,1e-15,2.28425286264671,22.40665441073388,-5.014905008910517,28574609.149171036,1000000000.0,1000000000.0,3.499610422594391e-09,1.0000000000000001e-11,3.1622776601683794e-11,1,clear
2990.0,0.0,36.45058616983593,24.13695735821147,1e-15,-0.8250461060838319,22.374645275513075,-5.055938669724981,17389228.330339257,1000000000.0,1000000000.0,5.750686465225628e-09,1.0000000000000001e-11,3.1622776601683794e-11,1,clear
3000.0,0.0,36.45058616983593,24.13695735821147,1e-15,-1.010801898711506,22.342733955435136,-5.0968751734805835,16837128.432109937,1000000000.0,1000000000.0,5.939255045966799e-09,1.0000000000000001e-11,3.1622776601683794e-11,1,clear
3010.0,0.0,36.45058616983593,24.13695735821147,1e-15,1.1319266733010522,22.310919801486037,-5.137715166815184,24004497.92156311,1000000000.0,1000000000.0,4.165885923828073e-09,1.0000000000000001e-11,3.1622776601683794e-11,1,clear
3020.0,0.0,36.45058616983593,24.13695735821147,1e-15,1.5465946393126018,22.279202171102668,-5.178459289932249,25592682.36211053,1000000000.0,1000000000.0,3.907366902191076e-09,1.0000000000000001e-11,3.1622776601683794e-11,1,clear
3030.0,0.0,36.45058616983593,24.13695735821147,1e-15,0.5953122662950392,22.24758042808716,-5.219108176686319,22045301.25546595,1000000000.0,1000000000.0,4.5361140154619495e-09,1.0000000000000001e-11,3.1622776601683794e-11,1,clear
3040.0,0.0,36.45058616983593,24.13695735821147,1e-15,2.9690643017276557,22.216053942523374,-5.2596624546661985,31516896.83871765,1000000000.0,1000000000.0,3.17290120635077e-09,1.0000000000000001e-11,3.1622776601683794e-11,1,clear
3050.0,0.0,36.45058616983593,24.13695735821147,1e-15,-1.946390976679524,22.184622090694177,-5.300122745277804,14252692.23562227,1000000000.0,1000000000.0,7.016218293836892e-09,1.0000000000000001e-11,3.1622776601683794e-11,1,clear
3060.0,0.0,36.45058616983593,24.13695735821147,1e-15,-2.342776967372842,22.15328425500047,-5.3404896638246555,13254540.307739804,1000000000.0,1000000000.0,7.544584548255243e-09,1.0000000000000001e-11,3.1622776601683794e-11,1,clear
3070.0,0.0,36.45058616983593,24.13695735821147,1e-15,0.25272559074936396,22.122039823881337,-5.380763819587742,20851748.136220828,1000000000.0,1000000000.0,4.795760976332415e-09,1.0000000000000001e-11,3.1622776601683794e-11,1,clear
3080.0,0.0,36.45058616983593,24.13695735821147,1e-15,-0.789936075388411,22.09088819173556,-5.420945815903821,17495049.586347476,1000000000.0,1000000000.0,5.715902633281846e-09,1.0000000000000001e-11,3.1622776601683794e-11,1,clear
3090.0,0.0,36.45058616983593,24.13695735821147,1e-15,5.565735545173027,22.059828758844404,-5.461036250242614,44046771.726523116,1000000000.0,1000000000.0,2.270313943116612e-09,1.0000000000000001e-11,3.1622776601683794e-11,1,clear
3100.0,0.0,36.45058616983593,24.13695735821147,1e-15,-2.1429954736037047,22.028860931295597,-5.501035714282295,13750545.56517417,1000000000.0,1000000000.0,7.2724387207783756e-09,1.0000000000000001e-11,3.1622776601683794e-11,1,clear
3110.0,0.0,36.45058616983593,24.13695735821147,1e-15,-1.316453965611899,21.99798412090864,-5.540944793984551,15956977.161008282,1000000000.0,1000000000.0,6.266851107887483e-09,1.0000000000000001e-11,3.1622776601683794e-11,1,clear
3120.0,0.0,36.45058616983593,24.13695735821147,1e-15,0.5891350262742634,21.967197745161144,-5.580764069667595,22023383.948629305,1000000000.0,1000000000.0,4.540628280978765e-09,1.0000000000000001e-11,3.1622776601683794e-11,1,clear
3130.0,0.0,36.45058616983593,24.13695735821147,1e-15,-1.933103750999706,21.93650122711658,-5.620494116078703,14287134.86839466,1000000000.0,1000000000.0,6.999303983699026e-09,1.0000000000000001e-11,3.1622776601683794e-11,1,clear
3140.0,0.0,36.45058616983593,24.13695735821147,1e-15,-0.7927843575936038,21.905893995352884,-5.660135502464954,17486447.471694242,1000000000.0,1000000000.0,5.7187144594047795e-09,1.0000000000000001e-11,3.1622776601683794e-11,1,clear
3150.0,0.0,36.45058616983593,24.13695735821147,1e-15,0.8541702553719404,21.875375483892554,-5.699688792643627,22976787.339444067,1000000000.0,1000000000.0,4.352218546599455e-09,1.0000000000000001e-11,3.1622776601683794e-11,1,clear
3160.0,0.0,36.45058616983593,24.13695735821147,1e-15,2.8419092343350343,21.844945132133503,-5.739154545070619,30958247.887732018,1000000000.0,1000000000.0,3.2301569637481812e-09,1.0000000000000001e-11,3.1622776601683794e-11,1,clear
3170.0,0.0,36.45058616983593,24.13695735821147,1e-15,-2.5391543814817084,21.814602384781338,-5.778533312908564,12780831.32695243,1000000000.0,1000000000.0,7.824217176633757e-09,1.0000000000000001e-11,3.1622776601683794e-11,1,clear
3180.0,0.0,36.45058616983593,24.13695735821147,1e-15,2.169261997788027,21.78434669178226,-5.817825644093119,28096780.34408424,1000000000.0,1000000000.0,3.5591266606123766e-09,1.0000000000000001e-11,3.1622776601683794e-11,1,clear
3190.0,0.0,36.45058616983593,24.13695735821147,1e-15,-2.5250714643865564,21.754177508257584,-5.857032081399041,12814349.380549831,1000000000.0,1000000000.0,7.803751640468324e-09,1.0000000000000001e-11,3.1622776601683794e-11,1,clear
3200.0,0.0,36.45058616983593,24.13695735821147,1e-15,-0.7021938024724506,21.7240942944388,-5.896153162504476,17761548.909291446,1000000000.0,1000000000.0,5.6301396072325575e-09,1.0000000000000001e-11,3.1622776601683794e-11,1,clear
3210.0,0.0,36.45058616983593,24.13695735821147,1e-15,-2.759356082478888,21.694096515603903,-5.935189420054769,12265766.740941461,1000000000.0,1000000000.0,8.152772029017445e-09,1.0000000000000001e-11,3.1622776601683794e-11,1,clear
3220.0,0.0,36.45058616983593,24.13695735821147,1e-15,-3.800854451612892,21.66418364201465,-5.974141381724877,10052465.22127695,1000000000.0,1000000000.0,9.947808602047285e-09,1.0000000000000001e-11,3.1622776601683794e-11,1,clear
3230.0,0.0,36.45058616983593,24.13695735821147,1e-15,-1.4734925488639306,21.634355148854695,-6.01300957028127,15518372.609019013,1000000000.0,1000000000.0,6.44397466921768e-09,1.0000000000000001e-11,3.1622776601683794e-11,1,clear
3240.0,0.0,36.45058616983593,24.13695735821147,1e-15,-0.9976675842086422,21.604610516169004,-6.051794503642412,16875737.533720363,1000000000.0,1000000000.0,5.925666940492786e-09,1.0000000000000001e-11,3.1622776601683794e-11,1,clear
3250.0,0.0,36.45058616983593,24.13695735821147,1e-15,-4.566935025401307,21.57494922880356,-6.090496694938594,8646079.160063738,1000000000.0,1000000000.0,1.1565936206309592e-08,1.0000000000000001e-11,3.1622776601683794e-11,1,clear
3260.0,0.0,36.45058616983593,24.13695735821147,1e-15,-4.948131544492682,21.545370776346857,-6.129116652570843,8011352.406113288,1000000000.0,1000000000.0,1.2482287001092622e-08,1.0000000000000001e-11,3.1622776601683794e-11,1,clear
3270.0,0.0,36.45058616983593,24.13695735821147,1e-15,-3.0552985619324886,21.515874653071492,-6.167654880268742,11599939.0477127,1000000000.0,1000000000.0,8.620734952889103e-09,1.0000000000000001e-11,3.1622776601683794e-11,1,clear
3280.0,0.0,36.45058616983593,24.13695735821147,1e-15,-0.5962586543709989,21.486460357877235,-6.206111877147549,18087203.642355256,1000000000.0,1000000000.0,5.528770614702845e-09,1.0000000000000001e-11,3.1622776601683794e-11,1,clear
3290.0,0.0,36.45058616983593,24.13695735821147,1e-15,1.9130883990854812,21.457127394234476,-6.244488137764421,27049423.458544035,1000000000.0,1000000000.0,3.6969364671768355e-09,1.0000000000000001e-11,3.1622776601683794e-11,1,clear
3300.0,0.0,36.45058616983593,24.13695735821147,1e-15,-2.8383826838521884,21.427875270128993,-6.282784152173605,12085026.90277601,1000000000.0,1000000000.0,8.274702307615828e-09,1.0000000000000001e-11,3.1622776601683794e-11,1,clear
3310.0,0.0,36.45058616983593,24.13695735821147,1e-15,0.4817399749548059,21.39870349800725,-6.321000405981209,21644661.188888215,1000000000.0,1000000000.0,4.620076938480206e-09,1.0000000000000001e-11,3.1622776601683794e-11,1,clear
3320.0,0.0,36.45058616983593,24.13695735821147,1e-15,-3.2552439162887197,21.36961159472257,-6.359137380398494,11166926.018354205,1000000000.0,1000000000.0,8.955015895658107e-09,1.0000000000000001e-11,3.1622776601683794e-11,1,clear
3330.0,0.0,36.45058616983593,24.13695735821147,1e-15,-3.8675091838530022,21.340599081482154,-6.3971955522951305,9922894.353570368,1000000000.0,1000000000.0,1.0077704794268912e-08,1.0000000000000001e-11,3.1622776601683794e-11,1,clear
3340.0,0.0,36.45058616983593,24.13695735821147,1e-15,-1.4050509435070353,21.311665483794997,-6.435175394250962,15708398.19424476,1000000000.0,1000000000.0,6.366021459567914e-09,1.0000000000000001e-11,3.1622776601683794e-11,1,clear
3350.0,0.0,36.45058616983593,24.13695735821147,1e-15,-4.448468676190316,21.282810331420393,-6.473077374607527,8851939.116957448,1000000000.0,1000000000.0,1.1296959759747149e-08,1.0000000000000001e-11,3.1622776601683794e-11,1,clear
3360.0,0.0,36.45058616983593,24.13695735821147,1e-15,-0.054461084699497064,21.254033158317327,-6.510901957518456,19819651.365795795,1000000000.0,1000000000.0,5.045497428505591e-09,1.0000000000000001e-11,3.1622776601683794e-11,1,clear
3370.0,0.0,36.45058616983593,24.13695735821147,1e-15,-3.5207184152776847,21.225333502594495,-6.548649602999319,10612557.05450794,1000000000.0,1000000000.0,9.422799753761757e-09,1.0000000000000001e-11,3.1622776601683794e-11,1,clear
3380.0,0.0,36.45058616983593,24.13695735821147,1e-15,0.25798969532640115,21.196710906461334,-6.58632076697657,20869749.067027085,1000000000.0,1000000000.0,4.79162445503448e-09,1.0000000000000001e-11,3.1622776601683794e-11,1,clear
3390.0,0.0,36.45058616983593,24.13695735821147,1e-15,-2.575779994174468,21.168164916179364,-6.62391590133609,12693986.807511903,1000000000.0,1000000000.0,7.877745700887536e-09,1.0000000000000001e-11,3.1622776601683794e-11,1,clear
3400.0,0.0,36.45058616983593,24.13695735821147,1e-15,-1.2584150950679884,21.13969508201471,-6.661435453970483,16121408.449400162,1000000000.0,1000000000.0,6.202931977926579e-09,1.0000000000000001e-11,3.1622776601683794e-11,1,clear
3410.0,0.0,36.45058616983593,24.13695735821147,1e-15,4.34360310846273,21.111300958190924,-6.69887986882631,37895919.8880107,1000000000.0,1000000000.0,2.638806507284111e-09,1.0000000000000001e-11,3.1622776601683794e-11,1,clear
3420.0,0.0,36.45058616983593,24.13695735821147,1e-15,-2.652177234279179,21.08298210284275,-6.736249585949963,12514350.844925357,1000000000.0,1000000000.0,7.990825991629489e-09,1.0000000000000001e-11,3.1622776601683794e-11,1,clear
3430.0,0.0,36.45058616983593,24.13695735821147,1e-15,-2.478979809077515,21.054738077970427,-6.773545041533652,12924538.143991815,1000000000.0,1000000000.0,7.737220385433011e-09,1.0000000000000001e-11,3.1622776601683794e-11,1,clear
3440.0,0.0,36.45058616983593,24.13695735821147,1e-15,0.4145382109752376,21.026568449394674,-6.810766667959797,21409914.23022206,1000000000.0,1000000000.0,4.670733330581998e-09,1.0000000000000001e-11,3.1622776601683794e-11,1,clear
3450.0,0.0,36.45058616983593,24.13695735821147,1e-15,0.8547686464979449,20.998472786712497,-6.847914893845626,22978970.073259573,1000000000.0,1000000000.0,4.351805136661418e-09,1.0000000000000001e-11,3.1622776601683794e-11,1,clear
3460.0,0.0,36.45058616983593,24.13695735821147,1e-15,-4.368851541969164,20.970450663253345,-6.884990144086629,8992632.160530966,1000000000.0,1000000000.0,1.1120214661832176e-08,1.0000000000000001e-11,3.1622776601683794e-11,1,clear
3470.0,0.0,36.45058616983593,24.13695735821147,1e-15,-1.0779515811113782,20.9425016560361,-6.921992839899502,16640754.504568394,1000000000.0,1000000000.0,6.009342904046025e-09,1.0000000000000001e-11,3.1622776601683794e-11,1,clear
3480.0,0.0,36.45058616983593,24.13695735821147,1e-15,1.4933629955387318,20.914625345726677,-6.958923398864613,25385218.320165347,1000000000.0,1000000000.0,3.939300373105818e-09,1.0000000000000001e-11,3.1622776601683794e-11,1,clear
3490.0,0.0,36.45058616983593,24.13695735821147,1e-15,2.859034908989841,20.88682131659621,-6.99578223496755,31033165.410278052,1000000000.0,1000000000.0,3.2223590045661417e-09,1.0000000000000001e-11,3.1622776601683794e-11,1,clear
3500.0,0.0,36.45058616983593,24.13695735821147,1e-15,-0.43031787215420536,20.859089156479712,-7.032569758640392,18605910.394433297,1000000000.0,1000000000.0,5.374636224729912e-09,1.0000000000000001e-11,3.1622776601683794e-11,1,clear
3510.0,0.0,36.45058616983593,24.13695735821147,1e-15,3.2824535679190063,20.831428456735466,-7.069286376802324,32917183.85874302,1000000000.0,1000000000.0,3.0379269511367798e-09,1.0000000000000001e-11,3.1622776601683794e-11,1,clear
3520.0,0.0,36.45058616983593,24.13695735821147,1e-15,-1.2074206861396988,20.803838812205072,-7.105932492899399,16266923.042411856,1000000000.0,1000000000.0,6.1474440949450295e-09,1.0000000000000001e-11,3.1622776601683794e-11,1,clear
3530.0,0.0,36.45058616983593,24.13695735821147,1e-15,-1.5046266389800707,20.776319821173786,-7.142508506944182,15432506.331062304,1000000000.0,1000000000.0,6.479828866081305e-09,1.0000000000000001e-11,3.1622776601683794e-11,1,clear
3540.0,0.0,36.45058616983593,24.13695735821147,1e-15,1.5631122953981276,20.748871085331643,-7.179014815554439,25657271.5502183,1000000000.0,1000000000.0,3.897530561824263e-09,1.0000000000000001e-11,3.1622776601683794e-11,1,clear
3550.0,0.0,36.45058616983593,24.13695735821147,1e-15,-0.8086140065477565,20.721492209735146,-7.2154518119915,17438696.31647314,1000000000.0,1000000000.0,5.734373612867887e-09,1.0000000000000001e-11,3.1622776601683794e-11,1,clear
3560.0,0.0,36.45058616983593,24.13695735821147,1e-15,-0.9852671818391343,20.69418280276922,-7.251819886198092,16912249.0143401,1000000000.0,1000000000.0,5.912874149098018e-09,1.0000000000000001e-11,3.1622776601683794e-11,1,clear
3570.0,0.0,36.45058616983593,24.13695735821147,1e-15,0.2862578116796044,20.666942476110165,-7.288119424835401,20966594.7289671,1000000000.0,1000000000.0,4.769491722079297e-09,1.0000000000000001e-11,3.1622776601683794e-11,1,clear
3580.0,0.0,36.45058616983593,24.13695735821147,1e-15,-3.492842463908744,20.63977084468857,-7.324350811319988,10669679.62756228,1000000000.0,1000000000.0,9.372352637625276e-09,1.0000000000000001e-11,3.1622776601683794e-11,1,clear
3590.0,0.0,36.45058616983593,24.13695735821147,1e-15,-0.12728392876407213,20.612667526653127,-7.3605144258598045,19580269.913278542,1000000000.0,1000000000.0,5.107181894984199e-09,1.0000000000000001e-11,3.1622776601683794e-11,1,clear
3600.0,0.0,36.45058616983593,24.13695735821147,1e-15,1.0235891242433013,20.585632143335076,-7.396610645490142,23600181.092106555,1000000000.0,1000000000.0,4.237255621459895e-09,1.0000000000000001e-11,3.1622776601683794e-11,1,clear
3610.0,0.0,36.45058616983593,24.13695735821147,1e-15,-1.2012574739152768,20.55866431921254,-7.432639844108479,16284576.062956044,1000000000.0,1000000000.0,6.140780061660849e-09,1.0000000000000001e-11,3.1622776601683794e-11,1,clear
3620.0,0.0,36.45058616983593,24.13695735821147,1e-15,-6.91799656165162,20.531763681875944,-7.4686023925096094,5340634.262302716,1000000000.0,1000000000.0,1.872436776018493e-08,1.0000000000000001e-11,3.1622776601683794e-11,1,clear
3630.0,0.0,36.45058616983593,24.13695735821147,1e-15,0.29681400443824657,20.504929861993702,-7.504498658419493,21002838.197146293,1000000000.0,1000000000.0,4.761261266755236e-09,1.0000000000000001e-11,3.1622776601683794e-11,1,clear
3640.0,0.0,36.45058616983593,24.13695735821147,1e-15,-1.9382410951001958,20.478162493278276,-7.540329006529305,14273810.423429148,1000000000.0,1000000000.0,7.0058377569495525e-09,1.0000000000000001e-11,3.1622776601683794e-11,1,clear
3650.0,0.0,36.45058616983593,24.13695735821147,1e-15,-3.0998521305005795,20.451461212452898,-7.576093798528632,11502286.110071722,1000000000.0,1000000000.0,8.693923889828928e-09,1.0000000000000001e-11,3.1622776601683794e-11,1,clear
3660.0,0.0,36.45058616983593,24.13695735821147,1e-15,-4.358841723202929,20.42482565921857,-7.611793393138299,9010454.927672217,1000000000.0,1000000000.0,1.1098218769497164e-08,1.0000000000000001e-11,3.1622776601683794e-11,1,clear
3670.0,0.0,36.45058616983593,24.13695735821147,1e-15,-1.1680600382640876,20.398255476221593,-7.647428146142829,16379907.252787113,1000000000.0,1000000000.0,6.105040673107875e-09,1.0000000000000001e-11,3.1622776601683794e-11,1,clear
3680.0,0.0,36.45058616983593,24.13695735821147,1e-15,-3.4714462599529554,20.371750309021536,-7.682998410422357,10713696.276350314,1000000000.0,1000000000.0,9.333846827517647e-09,1.0000000000000001e-11,3.1622776601683794e-11,1,clear
3690.0,0.0,36.45058616983593,24.13695735821147,1e-15,-0.7096412056930888,20.345309806059646,-7.718504535984152,17738815.397963997,1000000000.0,1000000000.0,5.63735501816416e-09,1.0000000000000001e-11,3.1622776601683794e-11,1,clear
3700.0,0.0,36.45058616983593,24.13695735821147,1e-15,-1.0244444317370238,20.318933618627753,-7.753946869993825,16797094.30938622,1000000000.0,1000000000.0,5.953410641036883e-09,1.0000000000000001e-11,3.1622776601683794e-11,1,clear
3710.0,0.0,36.45058616983593,24.13695735821147,1e-15,-3.125784026973335,20.29262140083732,-7.789325756805738,11445757.014484204,1000000000.0,1000000000.0,8.736862041842537e-09,1.0000000000000001e-11,3.1622776601683794e-11,1,clear
3720.0,0.0,36.45058616983593,24.13695735821147,1e-15,-2.0612161018370045,20.2663728095892,-7.824641537993756,13957718.696968362,1000000000.0,1000000000.0,7.164494583324721e-09,1.0000000000000001e-11,3.1622776601683794e-11,1,clear
3730.0,0.0,36.45058616983593,24.13695735821147,1e-15,-1.41533295568658,20.240187504543954,-7.859894552380496,15679739.26542391,1000000000.0,1000000000.0,6.377657071155159e-09,1.0000000000000001e-11,3.1622776601683794e-11,1,clear
3740.0,0.0,36.45058616983593,24.13695735821147,1e-15,2.4512037019333377,20.21406514809182,-7.895085136067308,29276747.736154955,1000000000.0,1000000000.0,3.4156799416796643e-09,1.0000000000000001e-11,3.1622776601683794e-11,1,clear
3750.0,0.0,36.45058616983593,24.13695735821147,1e-15,-2.115762471027864,20.188005405323963,-7.930213622463043,13819267.431425162,1000000000.0,1000000000.0,7.236273593822994e-09,1.0000000000000001e-11,3.1622776601683794e-11,1,clear
3760.0,0.0,36.45058616983593,24.13695735821147,1e-15,-1.0089863560986885,20.16200794400362,-7.9652803423128375,16842461.450606573,1000000000.0,1000000000.0,5.937374432666346e-09,1.0000000000000001e-11,3.1622776601683794e-11,1,clear
3770.0,0.0,36.45058616983593,24.13695735821147,1e-15,0.9963598270331744,20.13607243453768,-8.000285623726398,23499256.732109744,1000000000.0,1000000000.0,4.255453742218088e-09,1.0000000000000001e-11,3.1622776601683794e-11,1,clear
3780.0,0.0,36.45058616983593,24.13695735821147,1e-15,-2.3544464711138886,20.110198549948734,-8.035229792206025,13226008.744794037,1000000000.0,1000000000.0,7.560859963846732e-09,1.0000000000000001e-11,3.1622776601683794e-11,1,clear
3790.0,0.0,36.45058616983593,24.13695735821147,1e-15,-3.415385849327052,20.084385965847474,-8.070113170673892,10829736.118909314,1000000000.0,1000000000.0,9.233835330982305e-09,1.0000000000000001e-11,3.1622776601683794e-11,1,clear
3800.0,0.0,36.45058616983593,24.13695735821147,1e-15,-2.184171591030676,20.058634360405364,-8.104936079499623,13647145.577500936,1000000000.0,1000000000.0,7.327539625931945e-09,1.0000000000000001e-11,3.1622776601683794e-11,1,clear
3810.0,0.0,36.45058616983593,24.13695735821147,1e-15,-2.33379599751143,20.032943414327804,-8.139698836526748,13276531.494670654,1000000000.0,1000000000.0,7.532087732412724e-09,1.0000000000000001e-11,3.1622776601683794e-11,1,clear
3820.0,0.0,36.45058616983593,24.13695735821147,1e-15,-3.794670417131343,20.0073128108276,-8.174401757099503,10064557.836432956,1000000000.0,1000000000.0,9.935856261663814e-09,1.0000000000000001e-11,3.1622776601683794e-11,1,clear
3830.0,0.0,36.45058616983593,24.13695735821147,1e-15,-1.8790872531844514,19.98174223559866,-8.209045154088699,14427816.670186605,1000000000.0,1000000000.0,6.93105563273744e-09,1.0000000000000001e-11,3.1622776601683794e-11,1,clear
3840.0,0.0,36.45058616983593,24.13695735821147,1e-15,-3.4937251141687824,19.95623137679017,-8.243629337917838,10667867.038065607,1000000000.0,1000000000.0,9.373945104787591e-09,1.0000000000000001e-11,3.1622776601683794e-11,1,clear
3850.0,0.0,36.45058616983593,24.13695735821147,1e-15,-1.4300121789867575,19.93077992498118,-8.278154616588154,15638892.278520573,1000000000.0,999738523.3160068,6.394314777482433e-09,1.0000000000000001e-11,3.1631047383064746e-11,1,clear
3860.0,0.0,36.45058616983593,24.13695735821147,1e-15,-0.959858780791464,19.905387573155323,-8.312621295704218,16987242.348862663,1000000000.0,992355164.0256935,5.886770668618574e-09,1.0000000000000001e-11,3.186638992575951e-11,1,clear
3870.0,0.0,36.45058616983593,24.13695735821147,1e-15,0.9623889054853692,19.880054016675786,-8.347029678498302,23373737.196419407,1000000000.0,985035052.7193156,4.278305996155329e-09,1.0000000000000001e-11,3.210319928654829e-11,1,clear
3880.0,0.0,36.45058616983593,24.13695735821147,1e-15,-2.9984228709781746,19.854778953261146,-8.381380065855154,11725577.216079826,1000000000.0,977777571.0136704,8.528364800912776e-09,1.0000000000000001e-11,3.234148290894031e-11,1,clear
3890.0,0.0,36.45058616983593,24.13695735821147,1e-15,2.3172620128223116,19.829562082960777,-8.415672756336107,28712648.011859614,1000000000.0,970582107.2534624,3.4827857033142852e-09,1.0000000000000001e-11,3.2581248268803774e-11,1,clear
3900.0,0.0,36.45058616983593,24.13695735821147,1e-15,-3.4852366824557492,19.804403108131154,-8.449908046202893,10685309.227192763,1000000000.0,963448056.4323531,9.358643523905947e-09,1.0000000000000001e-11,3.2822502874501495e-11,1,clear
3910.0,0.0,36.45058616983593,24.13695735821147,1e-15,0.7044518879690287,19.779301733412098,-8.484086229441203,22434930.818641763,1000000000.0,956374820.114958,4.457334894784138e-09,1.0000000000000001e-11,3.306525426702752e-11,1,clear
3920.0,0.0,36.45058616983593,24.13695735821147,1e-15,0.47677342137501455,19.75425766570352,-8.51820759778397,21627253.246933836,1000000000.0,949361806.3598019,4.62379567383007e-09,1.0000000000000001e-11,3.330951002014396e-11,1,clear
3930.0,0.0,36.45058616983593,24.13695735821147,1e-15,-5.382729095242183,19.729270614142436,-8.5522724407343,7337406.771663145,1000000000.0,942408429.643209,1.3628793266061947e-08,1.0000000000000001e-11,3.355527774051853e-11,1,clear
3940.0,0.0,36.45058616983593,24.13695735821147,1e-15,-1.1960091181863106,19.704340290080225,-8.586281045588208,16299619.936327212,1000000000.0,935514110.7841153,6.135112376278694e-09,1.0000000000000001e-11,3.380256506786272e-11,1,clear
3950.0,0.0,36.45058616983593,24.13695735821147,1e-15,-0.15845640619055246,19.679466407060133,-8.620233697456854,19478420.320078883,1000000000.0,928678276.8698376,5.133886545045817e-09,1.0000000000000001e-11,3.4051379675069106e-11,1,clear
3960.0,0.0,36.45058616983593,24.13695735821147,1e-15,-2.315169573770504,19.654648680795205,-8.654130679288869,13322232.53279445,1000000000.0,921900361.1826719,7.506249403306593e-09,1.0000000000000001e-11,3.4301729268351844e-11,1,clear
3970.0,0.0,36.45058616983593,24.13695735821147,1e-15,-3.2752136483552334,19.62988682914643,-8.687972271891852,11124414.08305977,1000000000.0,915179803.1274978,8.989237478338725e-09,1.0000000000000001e-11,3.455362158738361e-11,1,clear
3980.0,0.0,36.45058616983593,24.13695735821147,1e-15,-1.1291149351089729,19.60518057210095,-8.721758753954276,16492271.38938554,1000000000.0,908516048.1601341,6.063446182698656e-09,1.0000000000000001e-11,3.4807064405437994e-11,1,clear
3990.0,0.0,36.45058616983593,24.13695735821147,1e-15,-2.144428177397174,19.580529631750963,-8.755490402066414,13746937.567303572,1000000000.0,901908547.71671,7.274347432685312e-09,1.0000000000000001e-11,3.5062065529526974e-11,1,clear
4000.0,0.0,36.45058616983593,24.13695735821147,1e-15,-1.4916219449819863,19.55593373227265,-8.789167490741676,15468328.849026097,1000000000.0,895356759.1437547,6.464822475395984e-09,1.0000000000000001e-11,3.5318632800544446e-11,1,clear
10.0,34.23928754067932,74.7857717840639,6.335381346011616,5e-15,49.14054955516616,72.80620093543226,48.00266694466268,326483096.01042444,1000000000.0,1000000000.0,3.062945715168269e-10,1.0000000000000001e-11,3.1622776601683794e-11,1,rain
20.0,34.23928754067932,74.7857717840639,6.335381346011616,5e-15,43.153361901644345,66.77040496491007,41.95863129984782,286706126.4911807,1000000000.0,1000000000.0,3.4878919827712883e-10,1.0000000000000001e-11,3.1622776601683794e-11,1,rain
30.0,34.23928754067932,74.7857717840639,6.335381346011616,5e-15,38.858057306907455,63.233735253219606,38.41337038719898,258171097.49194777,1000000000.0,1000000000.0,3.8734002749133823e-10,1.0000000000000001e-11,3.1622776601683794e-11,1,rain
40.0,34.23928754067932,74.7857717840639,6.335381346011616,5e-15,32.46042406823871,60.72033592077027,35.89115992349777,215678759.00092918,1000000000.0,1000000000.0,4.6365251943780515e-10,1.0000000000000001e-11,3.1622776601683794e-11,1,rain
50.0,34.23928754067932,74.7857717840639,6.335381346011616,5e-15,40.39609760206413,58.767670546582714,33.92952393180141,268388496.84867185,1000000000.0,1000000000.0,3.7259421016238263e-10,1.0000000000000001e-11,3.1622776601683794e-11,1,rain
60.0,34.23928754067932,74.7857717840639,6.335381346011616,5e-15,34.6905503626879,57.16970520277646,32.322463279313695,230488824.36271182,1000000000.0,1000000000.0,4.3386051482753745e-10,1.0000000000000001e-11,3.1622776601683794e-11,1,rain
70.0,34.23928754067932,74.7857717840639,6.335381346011616,5e-15,35.77624307847273,55.81653108950413,30.960091755166218,237699843.9933375,1000000000.0,1000000000.0,4.2069863538826263e-10,1.0000000000000001e-11,3.1622776601683794e-11,1,rain
80.0,34.23928754067932,74.7857717840639,6.335381346011616,5e-15,30.665789574351237,54.642540106839505,29.776817084077265,203763838.13751358,1000000000.0,1000000000.0,4.90764214661648e-10,1.0000000000000001e-11,3.1622776601683794e-11,1,rain
90.0,34.23928754067932,74.7857717840639,6.335381346011616,5e-15,34.67655903934791,53.605412204306816,28.73033090359442,230395899.62900984,1000000000.0,1000000000.0,4.3403550219870624e-10,1.0000000000000001e-11,3.1622776601683794e-11,1,rain
100.0,34.23928754067932,74.7857717840639,6.335381346011616,5e-15,31.12926216838696,52.676250552869696,27.79174536084568,206840579.9197893,1000000000.0,1000000000.0,4.834641250705204e-10,1.0000000000000001e-11,3.1622776601683794e-11,1,rain
110.0,34.23928754067932,74.7857717840639,6.335381346011616,5e-15,28.2791022963722,51.83444351928888,26.940455926145972,187925140.8996171,1000000000.0,1000000000.0,5.321267794255183e-10,1.0000000000000001e-11,3.1622776601683794e-11,1,rain
120.0,34.23928754067932,74.7857717840639,6.335381346011616,5e-15,30.537566858713518,51.06477172369829,26.161248976822762,202912685.91760612,1000000000.0,1000000000.0,4.928228097113927e-10,1.0000000000000001e-11,3.1622776601683794e-11,1,rain
130.0,34.23928754067932,74.7857717840639,6.335381346011616,5e-15,30.763782678225965,50.35567701593468,25.44257112010331,204414338.4318389,1000000000.0,1000000000.0,4.89202473599202e-10,1.0000000000000001e-11,3.1622776601683794e-11,1,rain
140.0,34.23928754067932,74.7857717840639,6.335381346011616,5e-15,24.252829258929395,49.698174766142905,24.775441721140055,161240479.90692315,1000000000.0,1000000000.0,6.201916544637271e-10,1.0000000000000001e-11,3.1622776601683794e-11,1,rain
150.0,34.23928754067932,74.7857717840639,6.335381346011616,5e-15,22.052239267208122,49.08514231578252,24.152741522055976,146691227.0376679,1000000000.0,1000000000.0,6.81704025656024e-10,1.0000000000000001e-11,3.1622776601683794e-11,1,rain
160.0,34.23928754067932,74.7857717840639,6.335381346011616,5e-15,25.73637544487528,48.510837531970914,23.568731318515887,171065688.2293782,1000000000.0,1000000000.0,5.845707636350325e-10,1.0000000000000001e-11,3.1622776601683794e-11,1,rain
170.0,34.23928754067932,74.7857717840639,6.335381346011616,5e-15,24.671608483232177,47.97056356928895,23.018716812533697,164012862.29949495,1000000000.0,1000000000.0,6.097082789604357e-10,1.0000000000000001e-11,3.1622776601683794e-11,1,rain
180.0,34.23928754067932,74.7857717840639,6.335381346011616,5e-15,27.30274321961322,47.460429594679894,22.498809406497813,181449144.1896503,1000000000.0,1000000000.0,5.511186092753361e-10,1.0000000000000001e-11,3.1622776601683794e-11,1,rain
190.0,34.23928754067932,74.7857717840639,6.335381346011616,5e-15,24.932613987038536,46.97717628881359,22.00575175797215,165741224.11394104,1000000000.0,1000000000.0,6.033501956716191e-10,1.0000000000000001e-11,3.1622776601683794e-11,1,rain
200.0,34.23928754067932,74.7857717840639,6.335381346011616,5e-15,24.02032306572933,46.51804615665585,21.536788132213843,159701679.32105768,1000000000.0,1000000000.0,6.261674919458056e-10,1.0000000000000001e-11,3.1622776601683794e-11,1,rain
210.0,34.23928754067932,74.7857717840639,6.335381346011616,5e-15,23.81463309561242,46.0806855111922,21.08956641927989,158340627.63853788,1000000000.0,1000000000.0,6.31549852311318e-10,1.0000000000000001e-11,3.1622776601683794e-11,1,rain
220.0,34.23928754067932,74.7857717840639,6.335381346011616,5e-15,24.641649883540936,45.66306927848915,20.662062965978947,163814500.5559379,1000000000.0,1000000000.0,6.104465701182107e-10,1.0000000000000001e-11,3.1622776601683794e-11,1,rain
230.0,34.23928754067932,74.7857717840639,6.335381346011616,5e-15,23.257493810532665,45.26344253045849,20.25252413053599,154655410.58170778,1000000000.0,1000000000.0,6.4659878127683e-10,1.0000000000000001e-11,3.1622776601683794e-11,1,rain
240.0,34.23928754067932,74.7857717840639,6.335381346011616,5e-15,21.639034502334,44.88027446937294,19.859420285120507,143963792.2573029,1000000000.0,1000000000.0,6.946191013173124e-10,1.0000000000000001e-11,3.1622776601683794e-11,1,rain
250.0,34.23928754067932,74.7857717840639,6.335381346011616,5e-15,23.661442662896974,44.512221811448065,19.48140921437664,157327138.29140753,1000000000.0,1000000000.0,6.356182479768752e-10,1.0000000000000001e-11,3.1622776601683794e-11,1,rain
260.0,34.23928754067932,74.7857717840639,6.335381346011616,5e-15,22.974758432832203,44.15809935577719,19.117306696865853,152786080.63666546,1000000000.0,1000000000.0,6.545098845607935e-10,1.0000000000000001e-11,3.1622776601683794e-11,1,rain
270.0,34.23928754067932,74.7857717840639,6.335381346011616,5e-15,23.530605104832816,43.8168561102884,18.76606264156723,156461653.9497956,1000000000.0,1000000000.0,6.391342381698671e-10,1.0000000000000001e-11,3.1622776601683794e-11,1,rain
280.0,34.23928754067932,74.7857717840639,6.335381346011616,5e-15,21.364630583413444,43.48755576128417,18.426741566367355,142153504.63145885,1000000000.0,1000000000.0,7.034648935265843e-10,1.0000000000000001e-11,3.1622776601683794e-11,1,rain
290.0,34.23928754067932,74.7857717840639,6.335381346011616,5e-15,19.232413146999065,43.16936057143378,18.098506503697394,128119669.66673608,1000000000.0,1000000000.0,7.805202765517524e-10,1.0000000000000001e-11,3.1622776601683794e-11,1,rain
300.0,34.23928754067932,74.7857717840639,6.335381346011616,5e-15,19.454092997844683,42.861518008419246,17.78060563574806,129575541.4277426,1000000000.0,1000000000.0,7.717505857829249e-10,1.0000000000000001e-11,3.1622776601683794e-11,1,rain
310.0,34.23928754067932,74.7857717840639,6.335381346011616,5e-15,20.104728453307956,42.563349566711004,17.472361121920642,133853222.91866802,1000000000.0,1000000000.0,7.470869794503347e-10,1.0000000000000001e-11,3.1622776601683794e-11,1,rain
320.0,34.23928754067932,74.7857717840639,6.335381346011616,5e-15,19.385932002511964,42.27424136448582,17.173159700672755,129127806.67706631,1000000000.0,1000000000.0,7.744265357971147e-10,1.0000000000000001e-11,3.1622776601683794e-11,1,rain
330.0,34.23928754067932,74.7857717840639,6.335381346011616,5e-15,15.38299125131995,41.99363618778653,16.88244473797792,103025936.99873139,1000000000.0,1000000000.0,9.70629366867407e-10,1.0000000000000001e-11,3.1622776601683794e-11,1,rain
340.0,34.23928754067932,74.7857717840639,6.335381346011616,5e-15,20.168174394461758,41.721026722584554,16.599709463155335,134270702.9214849,1000000000.0,1000000000.0,7.44764105826386e-10,1.0000000000000001e-11,3.1622776601683794e-11,1,rain
350.0,34.23928754067932,74.7857717840639,6.335381346011616,5e-15,20.933279011585455,41.455949768053856,16.32449118545972,139309504.6712417,1000000000.0,1000000000.0,7.178261112620513e-10,1.0000000000000001e-11,3.1622776601683794e-11,1,rain
360.0,34.23928754067932,74.7857717840639,6.335381346011616,5e-15,21.766102198699116,41.197981265145366,16.056366325584236,144802345.59433416,1000000000.0,1000000000.0,6.905965479326657e-10,1.0000000000000001e-11,3.1622776601683794e-11,1,rain
370.0,34.23928754067932,74.7857717840639,6.335381346011616,5e-15,16.937084185159378,40.94673200638436,15.794946128054875,113105829.86637707,1000000000.0,1000000000.0,8.841277246110103e-10,1.0000000000000001e-11,3.1622776601683794e-11,1,rain
380.0,34.23928754067932,74.7857717840639,6.335381346011616,5e-15,15.78688375233547,40.70184391785315,15.539872945523342,105637147.5052016,1000000000.0,1000000000.0,9.46636693262434e-10,1.0000000000000001e-11,3.1622776601683794e-11,1,rain
390.0,34.23928754067932,74.7857717840639,6.335381346011616,5e-15,19.870582853070857,40.46298682415607,15.290817005794366,132313040.7190846,1000000000.0,1000000000.0,7.557834016702193e-10,1.0000000000000001e-11,3.1622776601683794e-11,1,rain
400.0,34.23928754067932,74.7857717840639,6.335381346011616,5e-15,18.70355989356372,40.229855622977425,15.047473588229877,124650074.00642774,1000000000.0,1000000000.0,8.022458133064837e-10,1.0000000000000001e-11,3.1622776601683794e-11,1,rain
410.0,34.23928754067932,74.7857717840639,6.335381346011616,5e-15,17.18470197666271,40.00216780853336,14.809560548859196,114719219.58257383,1000000000.0,1000000000.0,8.71693517127014e-10,1.0000000000000001e-11,3.1622776601683794e-11,1,rain
420.0,34.23928754067932,74.7857717840639,6.335381346011616,5e-15,16.25219539500658,39.77966129346082,14.57681614376068,108653158.14789335,1000000000.0,1000000000.0,9.203598101022053e-10,1.0000000000000001e-11,3.1622776601683794e-11,1,rain
430.0,34.23928754067932,74.7857717840639,6.335381346011616,5e-15,16.631031693357627,39.56209248699956,14.348997108591732,111114232.7959558,1000000000.0,1000000000.0,8.999747150631425e-10,1.0000000000000001e-11,3.1622776601683794e-11,1,rain
440.0,34.23928754067932,74.7857717840639,6.335381346011616,5e-15,19.29808730835518,39.34923459410786,14.125876958924493,128550892.17865098,1000000000.0,1000000000.0,7.779020301238131e-10,1.0000000000000001e-11,3.1622776601683794e-11,1,rain
450.0,34.23928754067932,74.7857717840639,6.335381346011616,5e-15,18.084010846109976,39.140876105716096,13.907244481606142,120592659.09548429,1000000000.0,1000000000.0,8.292378719406197e-10,1.0000000000000001e-11,3.1622776601683794e-11,1,rain
460.0,34.23928754067932,74.7857717840639,6.335381346011616,5e-15,15.853526925630035,38.93681945490758,13.692902391946319,106068618.88322733,1000000000.0,1000000000.0,9.427859158804702e-10,1.0000000000000001e-11,3.1622776601683794e-11,1,rain
470.0,34.23928754067932,74.7857717840639,6.335381346011616,5e-15,16.54787391556421,38.73687981761273,13.48266613532823,110573601.1439177,1000000000.0,1000000000.0,9.043749951658392e-10,1.0000000000000001e-11,3.1622776601683794e-11,1,rain
480.0,34.23928754067932,74.7857717840639,6.335381346011616,5e-15,12.969321598563994,38.54088403955847,13.276362814995622,87587117.0464442,1000000000.0,1000000000.0,1.141720419305201e-09,1.0000000000000001e-11,3.1622776601683794e-11,1,rain
490.0,34.23928754067932,74.7857717840639,6.335381346011616,5e-15,17.425481899508057,38.348669673851035,13.073830230401882,116289713.46168527,1000000000.0,1000000000.0,8.599212864424819e-10,1.0000000000000001e-11,3.1622776601683794e-11,1,rain
500.0,34.23928754067932,74.7857717840639,6.335381346011616,5e-15,12.916842281463545,38.16008411578007,12.87491601271654,87255301.65435696,1000000000.0,1000000000.0,1.1460621658971327e-09,1.0000000000000001e-11,3.1622776601683794e-11,1,rain
510.0,34.23928754067932,74.7857717840639,6.335381346011616,5e-15,16.67470093270832,37.9749838232911,12.679476845942986,111398226.97497472,1000000000.0,1000000000.0,8.976803555631519e-10,1.0000000000000001e-11,3.1622776601683794e-11,1,rain
520.0,34.23928754067932,74.7857717840639,6.335381346011616,5e-15,17.0621496674749,37.79323361314431,12.487377763670509,113920490.35785408,1000000000.0,1000000000.0,8.778052103346275e-10,1.0000000000000001e-11,3.1622776601683794e-11,1,rain
530.0,34.23928754067932,74.7857717840639,6.335381346011616,5e-15,17.79330447970581,37.61470602410868,12.298491512815474,118691808.32563831,1000000000.0,1000000000.0,8.425181266565914e-10,1.0000000000000001e-11,3.1622776601683794e-11,1,rain
540.0,34.23928754067932,74.7857717840639,6.335381346011616,5e-15,17.551521218052656,37.43928073967233,12.112697976836671,117112431.06731562,1000000000.0,1000000000.0,8.538803190117411e-10,1.0000000000000001e-11,3.1622776601683794e-11,1,rain
550.0,34.23928754067932,74.7857717840639,6.335381346011616,5e-15,15.470432822239786,37.266844063716995,11.929883651875969,103590697.95289917,1000000000.0,1000000000.0,9.653376410830653e-10,1.0000000000000001e-11,3.1622776601683794e-11,1,rain
560.0,34.23928754067932,74.7857717840639,6.335381346011616,5e-15,15.600364736733383,37.09728844342904,11.749941170101607,104430470.21202181,1000000000.0,1000000000.0,9.575749280547453e-10,1.0000000000000001e-11,3.1622776601683794e-11,1,rain
570.0,34.23928754067932,74.7857717840639,6.335381346011616,5e-15,10.975197500102823,36.93051203443115,11.57276886524059,75135261.29808764,1000000000.0,1000000000.0,1.3309330169660995e-09,1.0000000000000001e-11,3.1622776601683794e-11,1,rain
580.0,34.23928754067932,74.7857717840639,6.335381346011616,5e-15,16.87884389972632,36.76641830372868,11.39827037589643,112726618.16518454,1000000000.0,1000000000.0,8.871019252388506e-10,1.0000000000000001e-11,3.1622776601683794e-11,1,rain
590.0,34.23928754067932,74.7857717840639,6.335381346011616,5e-15,15.810654024431315,36.6049156665914,11.226354282777095,105791025.22587629,1000000000.0,1000000000.0,9.45259768363982e-10,1.0000000000000001e-11,3.1622776601683794e-11,1,rain
600.0,34.23928754067932,74.7857717840639,6.335381346011616,5e-15,12.069097730278173,36.44591715394913,11.056933776411853,81923736.46070804,1000000000.0,1000000000.0,1.2206474499360957e-09,1.0000000000000001e-11,3.1622776601683794e-11,1,rain
610.0,34.23928754067932,74.7857717840639,6.335381346011616,5e-15,14.024723802613678,36.28934010727415,10.889926352334186,94298394.83499256,1000000000.0,1000000000.0,1.0604634381633363e-09,1.0000000000000001e-11,3.1622776601683794e-11,1,rain
620.0,34.23928754067932,74.7857717840639,6.335381346011616,5e-15,16.75967845838416,36.13510589826942,10.72525353104922,111951033.15556629,1000000000.0,1000000000.0,8.932476742848883e-10,1.0000000000000001e-11,3.1622776601683794e-11,1,rain
630.0,34.23928754067932,74.7857717840639,6.335381346011616,5e-15,10.40403314700336,35.983139670980556,10.56284060040744,71639001.082951,1000000000.0,1000000000.0,1.3958876936908953e-09,1.0000000000000001e-11,3.1622776601683794e-11,1,rain
640.0,34.23928754067932,74.7857717840639,6.335381346011616,5e-15,11.476441217577914,35.833370104212754,10.402616378266117,78231834.31427012,1000000000.0,1000000000.0,1.2782520169255342e-09,1.0000000000000001e-11,3.1622776601683794e-11,1,rain
650.0,34.23928754067932,74.7857717840639,6.335381346011616,5e-15,13.681741153226724,35.68572919236438,10.244512993551552,92109812.82340907,1000000000.0,1000000000.0,1.0856606580204199e-09,1.0000000000000001e-11,3.1622776601683794e-11,1,rain
660.0,34.23928754067932,74.7857717840639,6.335381346011616,5e-15,13.01443426714252,35.54015204298939,10.088465684036066,87872508.82397689,1000000000.0,1000000000.0,1.138012346959576e-09,1.0000000000000001e-11,3.1622776601683794e-11,1,rain
670.0,34.23928754067932,74.7857717840639,6.335381346011616,5e-15,9.337034022841237,35.39657668957971,9.934412609321697,65213373.00339028,1000000000.0,1000000000.0,1.5334278138749432e-09,1.0000000000000001e-11,3.1622776601683794e-11,1,rain
680.0,34.23928754067932,74.7857717840639,6.335381346011616,5e-15,13.669276100823993,35.254943918214416,9.782294677678237,92030403.40883808,1000000000.0,1000000000.0,1.0865974318916935e-09,1.0000000000000001e-11,3.1622776601683794e-11,1,rain
690.0,34.23928754067932,74.7857717840639,6.335381346011616,5e-15,12.21305866829806,35.11519710686129,9.632055385522648,82825133.53428586,1000000000.0,1000000000.0,1.207362979482605e-09,1.0000000000000001e-11,3.1622776601683794e-11,1,rain
700.0,34.23928754067932,74.7857717840639,6.335381346011616,5e-15,15.373770592391665,34.97728207623837,9.483640668447407,102966401.84819713,1000000000.0,1000000000.0,9.71190584550381e-10,1.0000000000000001e-11,3.1622776601683794e-11,1,rain
710.0,34.23928754067932,74.7857717840639,6.335381346011616,5e-15,12.736423969966623,34.84114695125169,9.336998762815824,86116055.16268808,1000000000.0,1000000000.0,1.1612236511656596e-09,1.0000000000000001e-11,3.1622776601683794e-11,1,rain
720.0,34.23928754067932,74.7857717840639,6.335381346011616,5e-15,11.650537582536373,34.706742032121646,9.192080077036735,79313066.62386167,1000000000.0,1000000000.0,1.260826295801234e-09,1.0000000000000001e-11,3.1622776601683794e-11,1,rain
730.0,34.23928754067932,74.7857717840639,6.335381346011616,5e-15,12.653459441262683,34.57401967439637,9.04883707171777,85592974.95656495,1000000000.0,1000000000.0,1.1683201810749778e-09,1.0000000000000001e-11,3.1622776601683794e-11,1,rain
740.0,34.23928754067932,74.7857717840639,6.335381346011616,5e-15,9.686384410418782,34.44293417712654,8.907224147972158,67300776.52498621,1000000000.0,1000000000.0,1.4858669567188994e-09,1.0000000000000001e-11,3.1622776601683794e-11,1,rain
750.0,34.23928754067932,74.7857717840639,6.335381346011616,5e-15,7.191250149457446,34.31344167854402,8.767197543222466,52819412.822972104,1000000000.0,1000000000.0,1.8932433106584672e-09,1.0000000000000001e-11,3.1622776601683794e-11,1,rain
760.0,34.23928754067932,74.7857717840639,6.335381346011616,5e-15,10.44122188841348,34.18550005864895,8.628715233905382,71865525.74443886,1000000000.0,1000000000.0,1.3914877678013547e-09,1.0000000000000001e-11,3.1622776601683794e-11,1,rain
770.0,34.23928754067932,74.7857717840639,6.335381346011616,5e-15,14.468004817800818,34.059068848162454,8.491736844536376,97136684.29013146,1000000000.0,1000000000.0,1.0294771818782313e-09,1.0000000000000001e-11,3.1622776601683794e-11,1,rain
780.0,34.23928754067932,74.7857717840639,6.335381346011616,5e-15,13.72663003730024,33.93410914335264,8.35622356264119,92395857.72842106,1000000000.0,1000000000.0,1.0822996015030217e-09,1.0000000000000001e-11,3.1622776601683794e-11,1,rain
790.0,34.23928754067932,74.7857717840639,6.335381346011616,5e-15,10.568189172708571,33.81058352628506,8.222138059106754,72640115.44643565,1000000000.0,1000000000.0,1.3766497944753318e-09,1.0000000000000001e-11,3.1622776601683794e-11,1,rain
800.0,34.23928754067932,74.7857717840639,6.335381346011616,5e-15,13.506358881656894,33.68845599008805,8.089444413541486,90993401.21708314,1000000000.0,1000000000.0,1.0989807905018278e-09,1.0000000000000001e-11,3.1622776601683794e-11,1,rain
810.0,34.23928754067932,74.7857717840639,6.335381346011616,5e-15,15.341801764976864,33.567691868859335,7.958108044272137,102760015.9420139,1000000000.0,1000000000.0,9.731411491452926e-10,1.0000000000000001e-11,3.1622776601683794e-11,1,rain
820.0,34.23928754067932,74.7857717840639,6.335381346011616,5e-15,8.177217669886375,33.44825777187225,7.8280956426355885,58414884.40749065,1000000000.0,1000000000.0,1.7118924571076755e-09,1.0000000000000001e-11,3.1622776601683794e-11,1,rain
830.0,34.23928754067932,74.7857717840639,6.335381346011616,5e-15,11.507196224556012,33.330121521768675,7.699375111253232,78422633.1411261,1000000000.0,1000000000.0,1.275142085831831e-09,1.0000000000000001e-11,3.1622776601683794e-11,1,rain
840.0,34.23928754067932,74.7857717840639,6.335381346011616,5e-15,9.394093986330489,33.213252096452536,7.5719155060018295,65553148.91742163,1000000000.0,1000000000.0,1.5254797313546545e-09,1.0000000000000001e-11,3.1622776601683794e-11,1,rain
850.0,34.23928754067932,74.7857717840639,6.335381346011616,5e-15,12.911344882346967,33.09761957442097,7.44568698141839,87220554.02337956,1000000000.0,1000000000.0,1.1465187434282394e-09,1.0000000000000001e-11,3.1622776601683794e-11,1,rain
860.0,34.23928754067932,74.7857717840639,6.335381346011616,5e-15,12.08067366396267,32.98319508329183,7.320660739297665,81996154.16258429,1000000000.0,1000000000.0,1.2195693934829818e-09,1.0000000000000001e-11,3.1622776601683794e-11,1,rain
870.0,34.23928754067932,74.7857717840639,6.335381346011616,5e-15,9.704458664788959,32.8699507513062,7.196808980261437,67409226.39481546,1000000000.0,1000000000.0,1.4834764519370178e-09,1.0000000000000001e-11,3.1622776601683794e-11,1,rain
880.0,34.23928754067932,74.7857717840639,6.335381346011616,5e-15,9.041511512242522,32.757859661601394,7.0741048580952395,63461177.17536952,1000000000.0,1000000000.0,1.5757665465873501e-09,1.0000000000000001e-11,3.1622776601683794e-11,1,rain
890.0,34.23928754067932,74.7857717840639,6.335381346011616,5e-15,10.380707218209892,32.6468958090672,6.952522436665134,71497000.37047301,1000000000.0,1000000000.0,1.3986600763924947e-09,1.0000000000000001e-11,3.1622776601683794e-11,1,rain
900.0,34.23928754067932,74.7857717840639,6.335381346011616,5e-15,12.425755419915163,32.53703405961181,6.832036649241672,84160000.85790104,1000000000.0,1000000000.0,1.1882129156443787e-09,1.0000000000000001e-11,3.1622776601683794e-11,1,rain
910.0,34.23928754067932,74.7857717840639,6.335381346011616,5e-15,10.888867630644299,32.428250111677706,6.712623260071098,74604521.76780534,1000000000.0,1000000000.0,1.340401327298016e-09,1.0000000000000001e-11,3.1622776601683794e-11,1,rain
920.0,34.23928754067932,74.7857717840639,6.335381346011616,5e-15,10.340018661418512,32.32052045986043,6.5942588280466055,71249454.9256426,1000000000.0,1000000000.0,1.4035195090876425e-09,1.0000000000000001e-11,3.1622776601683794e-11,1,rain
930.0,34.23928754067932,74.7857717840639,6.335381346011616,5e-15,9.736514482357407,32.21382236049309,6.476920672343795,67601676.26978499,1000000000.0,1000000000.0,1.4792532599475742e-09,1.0000000000000001e-11,3.1622776601683794e-11,1,rain
940.0,34.23928754067932,74.7857717840639,6.335381346011616,5e-15,7.759109639123523,32.108133799071325,6.360586839893301,56019567.15390627,1000000000.0,1000000000.0,1.7850905510437696e-09,1.0000000000000001e-11,3.1622776601683794e-11,1,rain
950.0,34.23928754067932,74.7857717840639,6.335381346011616,5e-15,11.050627266663867,32.00343345940097,6.245236074575104,75599628.9014399,1000000000.0,1000000000.0,1.3227578157873121e-09,1.0000000000000001e-11,3.1622776601683794e-11,1,rain
960.0,34.23928754067932,74.7857717840639,6.335381346011616,5e-15,11.267797856996594,31.89970069436118,6.130847788025477,76939844.81914543,1000000000.0,1000000000.0,1.299716684314346e-09,1.0000000000000001e-11,3.1622776601683794e-11,1,rain
970.0,34.23928754067932,74.7857717840639,6.335381346011616,5e-15,10.028658258433438,31.796915498181733,6.017402031956749,69361776.33192131,1000000000.0,1000000000.0,1.4417162490398697e-09,1.0000000000000001e-11,3.1622776601683794e-11,1,rain
980.0,34.23928754067932,74.7857717840639,6.335381346011616,5e-15,9.171290400894023,31.695058480141903,5.904879471896521,64229073.90663515,1000000000.0,1000000000.0,1.5569273215018216e-09,1.0000000000000001e-11,3.1622776601683794e-11,1,rain
990.0,34.23928754067932,74.7857717840639,6.335381346011616,5e-15,7.0382118657347945,31.594110839603914,5.7932613622602105,51968087.38684047,1000000000.0,1000000000.0,1.9242578480062042e-09,1.0000000000000001e-11,3.1622776601683794e-11,1,rain
1000.0,34.23928754067932,74.7857717840639,6.335381346011616,5e-15,13.015615132188373,31.494054342301062,5.682529522675935,87879981.11329298,1000000000.0,1000000000.0,1.1379155836535988e-09,1.0000000000000001e-11,3.1622776601683794e-11,1,rain
1010.0,34.23928754067932,74.7857717840639,6.335381346011616,5e-15,7.2159914527433955,31.394871297804713,5.572666315487879,52957500.35140143,1000000000.0,1000000000.0,1.888306648471819e-09,1.0000000000000001e-11,3.1622776601683794e-11,1,rain
1020.0,34.23928754067932,74.7857717840639,6.335381346011616,5e-15,10.91610385160729,31.296544538101685,5.463654624367166,74771879.70416021,1000000000.0,1000000000.0,1.3374011780318549e-09,1.0000000000000001e-11,3.1622776601683794e-11,1,rain
1030.0,34.23928754067932,74.7857717840639,6.335381346011616,5e-15,11.549346435596192,31.19905739721583,5.355477833966859,78684270.68405896,1000000000.0,1000000000.0,1.2709020383696523e-09,1.0000000000000001e-11,3.1622776601683794e-11,1,rain
1040.0,34.23928754067932,74.7857717840639,6.335381346011616,5e-15,11.42337926469304,31.10239369181418,5.248119810559501,77902858.34153306,1000000000.0,1000000000.0,1.2836499472405892e-09,1.0000000000000001e-11,3.1622776601683794e-11,1,rain
1050.0,34.23928754067932,74.7857717840639,6.335381346011616,5e-15,9.835511959000087,31.0065377027407,5.14156488360112,68196874.24657264,1000000000.0,1000000000.0,1.466342865487353e-09,1.0000000000000001e-11,3.1622776601683794e-11,1,rain
1060.0,34.23928754067932,74.7857717840639,6.335381346011616,5e-15,7.726699565103829,30.911474157424912,5.035797828169251,55835235.590719424,1000000000.0,1000000000.0,1.790983756798572e-09,1.0000000000000001e-11,3.1622776601683794e-11,1,rain
1070.0,34.23928754067932,74.7857717840639,6.335381346011616,5e-15,8.736716338138706,30.81718821311631,4.930803848225253,61667808.943420656,1000000000.0,1000000000.0,1.621591584221009e-09,1.0000000000000001e-11,3.1622776601683794e-11,1,rain
1080.0,34.23928754067932,74.7857717840639,6.335381346011616,5e-15,11.793579561065997,30.723665440898465,4.826568560655204,80203517.71074656,1000000000.0,1000000000.0,1.2468281049797507e-09,1.0000000000000001e-11,3.1622776601683794e-11,1,rain
1090.0,34.23928754067932,74.7857717840639,6.335381346011616,5e-15,10.625201139045302,30.630891810439294,4.723077980046526,72988526.16329694,1000000000.0,1000000000.0,1.3700783569224346e-09,1.0000000000000001e-11,3.1622776601683794e-11,1,rain
1100.0,34.23928754067932,74.7857717840639,6.335381346011616,5e-15,6.02199663414811,30.53885367543782,4.620318504159286,46445985.826552846,1000000000.0,1000000000.0,2.1530385935490403e-09,1.0000000000000001e-11,3.1622776601683794e-11,1,rain
1110.0,34.23928754067932,74.7857717840639,6.335381346011616,5e-15,8.00677752983104,30.44753775972906,4.518276900055412,57434617.196268946,1000000000.0,1000000000.0,1.741110237720818e-09,1.0000000000000001e-11,3.1622776601683794e-11,1,rain
1120.0,34.23928754067932,74.7857717840639,6.335381346011616,5e-15,8.017428258139915,30.356931144011874,4.416940290849709,57495721.6493995,1000000000.0,1000000000.0,1.7392598463201382e-09,1.0000000000000001e-11,3.1622776601683794e-11,1,rain
1130.0,34.23928754067932,74.7857717840639,6.335381346011616,5e-15,6.015043286472206,30.267021253166696,4.316296143049726,46409031.73393896,1000000000.0,1000000000.0,2.1547529923333852e-09,1.0000000000000001e-11,3.1622776601683794e-11,1,rain
1140.0,34.23928754067932,74.7857717840639,6.335381346011616,5e-15,9.744792460753786,30.177795844131566,4.2163322544534765,67651396.03588581,1000000000.0,1000000000.0,1.4781660964831356e-09,1.0000000000000001e-11,3.1622776601683794e-11,1,rain
1150.0,34.23928754067932,74.7857717840639,6.335381346011616,5e-15,9.638286714800103,30.089242994307604,4.117036742575465,67012392.53680017,1000000000.0,1000000000.0,1.4922612999541024e-09,1.0000000000000001e-11,3.1622776601683794e-11,1,rain
1160.0,34.23928754067932,74.7857717840639,6.335381346011616,5e-15,9.333514948271542,30.001351090466102,4.018398033574073,65192433.100524984,1000000000.0,1000000000.0,1.533920353084578e-09,1.0000000000000001e-11,3.1622776601683794e-11,1,rain
1170.0,34.23928754067932,74.7857717840639,6.335381346011616,5e-15,8.092999960918064,29.91410881813185,3.9204048516540126,57929869.93586556,1000000000.0,1000000000.0,1.7262251772826436e-09,1.0000000000000001e-11,3.1622776601683794e-11,1,rain
1180.0,34.23928754067932,74.7857717840639,6.335381346011616,5e-15,6.4741725473422065,29.827505151417846,3.8230462089195214,48873992.1467601,1000000000.0,1000000000.0,2.046077997879064e-09,1.0000000000000001e-11,3.1622776601683794e-11,1,rain
1190.0,34.23928754067932,74.7857717840639,6.335381346011616,5e-15,6.260440436158589,29.741529343288853,3.7263113956561824,47720296.95061156,1000000000.0,1000000000.0,2.0955443781813777e-09,1.0000000000000001e-11,3.1622776601683794e-11,1,rain
1200.0,34.23928754067932,74.7857717840639,6.335381346011616,5e-15,4.156366505369817,29.656170916232277,3.6301899710190924,36991772.39724022,1000000000.0,1000000000.0,2.703303830001412e-09,1.0000000000000001e-11,3.1622776601683794e-11,1,rain
1210.0,34.23928754067932,74.7857717840639,6.335381346011616,5e-15,9.337967297638784,29.571419653316028,3.5346717541073644,65218926.65922511,1000000000.0,1000000000.0,1.533297236284019e-09,1.0000000000000001e-11,3.1622776601683794e-11,1,rain
1220.0,34.23928754067932,74.7857717840639,6.335381346011616,5e-15,9.303004877776289,29.48726558961421,3.4397468154062096,65010960.347012006,1000000000.0,1000000000.0,1.5382021656998357e-09,1.0000000000000001e-11,3.1622776601683794e-11,1,rain
1230.0,34.23928754067932,74.7857717840639,6.335381346011616,5e-15,4.164144430169415,29.403699003982723,3.3454054685779795,37029118.63218827,1000000000.0,1000000000.0,2.7005773751545113e-09,1.0000000000000001e-11,3.1622776601683794e-11,1,rain
1240.0,34.23928754067932,74.7857717840639,6.335381346011616,5e-15,9.040360044940712,29.32071041116761,3.251638262585999,63454375.26811049,1000000000.0,1000000000.0,1.5759354587839716e-09,1.0000000000000001e-11,3.1622776601683794e-11,1,rain
1250.0,34.23928754067932,74.7857717840639,6.335381346011616,5e-15,7.193742987204601,29.238290554230545,3.158435974134335,52833320.28392963,1000000000.0,1000000000.0,1.8927449469878786e-09,1.0000000000000001e-11,3.1622776601683794e-11,1,rain
1260.0,34.23928754067932,74.7857717840639,6.335381346011616,5e-15,11.99090097815855,29.15643039727547,3.065789600409005,81434843.56158383,1000000000.0,1000000000.0,1.2279755891515473e-09,1.0000000000000001e-11,3.1622776601683794e-11,1,rain
1270.0,34.23928754067932,74.7857717840639,6.335381346011616,5e-15,7.186150692468431,29.075121118463272,2.973690352105905,52790967.10495248,1000000000.0,1000000000.0,1.8942634599057896e-09,1.0000000000000001e-11,3.1622776601683794e-11,1,rain
1280.0,34.23928754067932,74.7857717840639,6.335381346011616,5e-15,7.007080029168421,28.99435410329979,2.8821296467324657,51795507.18132156,1000000000.0,1000000000.0,1.930669385086394e-09,1.0000000000000001e-11,3.1622776601683794e-11,1,rain
1290.0,34.23928754067932,74.7857717840639,6.335381346011616,5e-15,9.577869653926555,28.91412093818512,2.7910991021696248,66650587.89672042,1000000000.0,1000000000.0,1.500361859597649e-09,1.0000000000000001e-11,3.1622776601683794e-11,1,rain
1300.0,34.23928754067932,74.7857717840639,6.335381346011616,5e-15,10.03171186381536,28.834413404211936,2.7005905304826854,69380231.32957143,1000000000.0,1000000000.0,1.441332755507515e-09,1.0000000000000001e-11,3.1622776601683794e-11,1,rain
1310.0,34.23928754067932,74.7857717840639,6.335381346011616,5e-15,3.8209388767575945,28.755223471201205,2.610595931968902,35399043.14897169,1000000000.0,1000000000.0,2.824935114182738e-09,1.0000000000000001e-11,3.1622776601683794e-11,1,rain
1320.0,34.23928754067932,74.7857717840639,6.335381346011616,5e-15,5.123743201531539,28.676543291964663,2.521107489431955,41774203.793505445,1000000000.0,1000000000.0,2.393821806737746e-09,1.0000000000000001e-11,3.1622776601683794e-11,1,rain
1330.0,34.23928754067932,74.7857717840639,6.335381346011616,5e-15,5.17221111746818,28.59836519678391,2.432117562672005,42020837.64944643,1000000000.0,1000000000.0,2.3797716940875256e-09,1.0000000000000001e-11,3.1622776601683794e-11,1,rain
1340.0,34.23928754067932,74.7857717840639,6.335381346011616,5e-15,6.530922155991107,28.5206816880958,2.3436186831823704,49182093.27011066,1000000000.0,1000000000.0,2.033260346419066e-09,1.0000000000000001e-11,3.1622776601683794e-11,1,rain
1350.0,34.23928754067932,74.7857717840639,6.335381346011616,5e-15,7.74260019889536,28.44348543537582,2.2556035490431725,55925645.34195877,1000000000.0,1000000000.0,1.7880884411533829e-09,1.0000000000000001e-11,3.1622776601683794e-11,1,rain
1360.0,34.23928754067932,74.7857717840639,6.335381346011616,5e-15,10.283619050158705,28.36676927020975,2.1680650200037235,70906649.70437615,1000000000.0,1000000000.0,1.4103049631722806e-09,1.0000000000000001e-11,3.1622776601683794e-11,1,rain
1370.0,34.23928754067932,74.7857717840639,6.335381346011616,5e-15,9.7714111435658,28.29052618154619,2.080996112744714,67811336.53376114,1000000000.0,1000000000.0,1.474679679115499e-09,1.0000000000000001e-11,3.1622776601683794e-11,1,rain
1380.0,34.23928754067932,74.7857717840639,6.335381346011616,5e-15,5.323021953635319,28.214749311121295,1.9943899963129184,42792345.770848736,1000000000.0,1000000000.0,2.336866516631173e-09,1.0000000000000001e-11,3.1622776601683794e-11,1,rain
1390.0,34.23928754067932,74.7857717840639,6.335381346011616,5e-15,6.156808027498883,28.139431949048998,1.9082399877205205,47164775.915849105,1000000000.0,1000000000.0,2.120226335399514e-09,1.0000000000000001e-11,3.1622776601683794e-11,1,rain
1400.0,34.23928754067932,74.7857717840639,6.335381346011616,5e-15,5.925456673771805,28.064567529568812,1.8225395477024335,45933980.20495535,1000000000.0,1000000000.0,2.177037555940167e-09,1.0000000000000001e-11,3.1622776601683794e-11,1,rain
1410.0,34.23928754067932,74.7857717840639,6.335381346011616,5e-15,8.555964937910886,27.99014962694534,1.73728227662437,60611230.935479395,1000000000.0,1000000000.0,1.6498592497890353e-09,1.0000000000000001e-11,3.1622776601683794e-11,1,rain
1420.0,34.23928754067932,74.7857717840639,6.335381346011616,5e-15,4.662881605708378,27.916171951512283,1.652461910535635,39461888.697911374,1000000000.0,1000000000.0,2.5340905693977283e-09,1.0000000000000001e-11,3.1622776601683794e-11,1,rain
1430.0,34.23928754067932,74.7857717840639,6.335381346011616,5e-15,3.0755054363601175,27.84262834585529,1.5680723173603042,31988782.06352692,1000000000.0,1000000000.0,3.1260958857829835e-09,1.0000000000000001e-11,3.1622776601683794e-11,1,rain
1440.0,34.23928754067932,74.7857717840639,6.335381346011616,5e-15,8.167292284244027,27.769512781127965,1.4841074932213303,58357658.56678325,1000000000.0,1000000000.0,1.713571148259181e-09,1.0000000000000001e-11,3.1622776601683794e-11,1,rain
1450.0,34.23928754067932,74.7857717840639,6.335381346011616,5e-15,4.698869370874576,27.69681935349498,1.40056155889161,39640274.42602832,1000000000.0,1000000000.0,2.522686874597889e-09,1.0000000000000001e-11,3.1622776601683794e-11,1,rain
1460.0,34.23928754067932,74.7857717840639,6.335381346011616,5e-15,4.668865477829669,27.624542280697632,1.3174287563671498,39491523.78863693,1000000000.0,1000000000.0,2.532188946043491e-09,1.0000000000000001e-11,3.1622776601683794e-11,1,rain
1470.0,34.23928754067932,74.7857717840639,6.335381346011616,5e-15,8.149631589598016,27.552675898736325,1.2347034455571588,58255876.803228885,1000000000.0,1000000000.0,1.7165650143378738e-09,1.0000000000000001e-11,3.1622776601683794e-11,1,rain
1480.0,34.23928754067932,74.7857717840639,6.335381346011616,5e-15,4.5093063826546,27.481214658665834,1.152380101086294,38704886.129948,1000000000.0,1000000000.0,2.5836531249377522e-09,1.0000000000000001e-11,3.1622776601683794e-11,1,rain
1490.0,34.23928754067932,74.7857717840639,6.335381346011616,5e-15,3.3121452158409426,27.410153123498027,1.070453309204737,33051559.532419875,1000000000.0,1000000000.0,3.0255758401327843e-09,1.0000000000000001e-11,3.1622776601683794e-11,1,rain
1500.0,34.23928754067932,74.7857717840639,6.335381346011616,5e-15,6.689192281775178,27.339485965208283,0.9889177648013856,50045216.52332276,1000000000.0,1000000000.0,1.9981929732164636e-09,1.0000000000000001e-11,3.1622776601683794e-11,1,rain
1510.0,34.23928754067932,74.7857717840639,6.335381346011616,5e-15,7.8494457705402,27.269207961841587,0.9077682685164064,56534390.950082764,1000000000.0,1000000000.0,1.7688348334431577e-09,1.0000000000000001e-11,3.1622776601683794e-11,1,rain
1520.0,34.23928754067932,74.7857717840639,6.335381346011616,5e-15,4.039167586331729,27.199313994713613,0.8269997239491431,36431288.3023657,1000000000.0,1000000000.0,2.7448933227405634e-09,1.0000000000000001e-11,3.1622776601683794e-11,1,rain
1530.0,34.23928754067932,74.7857717840639,6.335381346011616,5e-15,3.7441610822644833,27.129799045703948,0.7466071349573724,35039450.16020762,1000000000.0,1000000000.0,2.853926061704145e-09,1.0000000000000001e-11,3.1622776601683794e-11,1,rain
1540.0,34.23928754067932,74.7857717840639,6.335381346011616,5e-15,10.448161047805385,27.060658194637192,0.6665856030448936,71907811.4969478,1000000000.0,1000000000.0,1.3906694963765462e-09,1.0000000000000001e-11,3.1622776601683794e-11,1,rain
1550.0,34.23928754067932,74.7857717840639,6.335381346011616,5e-15,7.702258480924499,26.99188661674897,0.586930324833105,55696358.73908008,1000000000.0,1000000000.0,1.7954495098767326e-09,1.0000000000000001e-11,3.1622776601683794e-11,1,rain
1560.0,34.23928754067932,74.7857717840639,6.335381346011616,5e-15,5.554038390376533,26.923479580233234,0.5076365896144637,43985961.46432444,1000000000.0,1000000000.0,2.27345263513466e-09,1.0000000000000001e-11,3.1622776601683794e-11,1,rain
1570.0,34.23928754067932,74.7857717840639,6.335381346011616,5e-15,2.673572805659745,26.855432443867983,0.428699776983791,30227241.25372624,1000000000.0,1000000000.0,3.3082741213663547e-09,1.0000000000000001e-11,3.1622776601683794e-11,1,rain
1580.0,34.23928754067932,74.7857717840639,6.335381346011616,5e-15,5.876493693702571,26.78774065471623,0.3501153545448119,45675183.48060403,1000000000.0,1000000000.0,2.1893727048182525e-09,1.0000000000000001e-11,3.1622776601683794e-11,1,rain
1590.0,34.23928754067932,74.7857717840639,6.335381346011616,5e-15,8.26077685556632,26.720399745899726,0.2718788756889978,58897335.57462768,1000000000.0,1000000000.0,1.6978696748224192e-09,1.0000000000000001e-11,3.1622776601683794e-11,1,rain
1600.0,34.23928754067932,74.7857717840639,6.335381346011616,5e-15,2.5498229661577483,26.653405334441956,0.19398597744432777,29696143.07175808,1000000000.0,1000000000.0,3.367440672627382e-09,1.0000000000000001e-11,3.1622776601683794e-11,1,rain
1610.0,34.23928754067932,74.7857717840639,6.335381346011616,5e-15,3.569079982429713,26.586753119178894,0.11643237839061271,34226510.53830061,1000000000.0,1000000000.0,2.9217118083976645e-09,1.0000000000000001e-11,3.1622776601683794e-11,1,rain
1620.0,34.23928754067932,74.7857717840639,6.335381346011616,5e-15,6.208938953641564,26.52043887873394,0.03921387663976361,47443903.44318196,1000000000.0,1000000000.0,2.1077523715930828e-09,1.0000000000000001e-11,3.1622776601683794e-11,1,rain
1630.0,34.23928754067932,74.7857717840639,6.335381346011616,5e-15,8.171411547882187,26.45445846955539,-0.03767365212198115,58381406.50994683,1000000000.0,1000000000.0,1.7128741148598799e-09,1.0000000000000001e-11,3.1622776601683794e-11,1,rain
1640.0,34.23928754067932,74.7857717840639,6.335381346011616,5e-15,5.224744114911303,26.38880782401374,-0.11423425653202912,42288882.44900262,1000000000.0,1000000000.0,2.364687695887752e-09,1.0000000000000001e-11,3.1622776601683794e-11,1,rain
1650.0,34.23928754067932,74.7857717840639,6.335381346011616,5e-15,7.5719676695675275,26.323482948556972,-0.1904719113913984,54957956.41512493,1000000000.0,1000000000.0,1.8195727520261123e-09,1.0000000000000001e-11,3.1622776601683794e-11,1,rain
1660.0,34.23928754067932,74.7857717840639,6.335381346011616,5e-15,5.153555192541376,26.25847992192149,-0.266390519449601,41925828.8466272,1000000000.0,1000000000.0,2.3851645334387873e-09,1.0000000000000001e-11,3.1622776601683794e-11,1,rain
1670.0,34.23928754067932,74.7857717840639,6.335381346011616,5e-15,4.374890924369225,26.193794893396557,-0.34199391313538285,38048039.55438975,1000000000.0,1000000000.0,2.6282563088973295e-09,1.0000000000000001e-11,3.1622776601683794e-11,1,rain
1680.0,34.23928754067932,74.7857717840639,6.335381346011616,5e-15,3.835192731604991,26.129424081140854,-0.41728585623619097,35466007.94995406,1000000000.0,1000000000.0,2.819601240182137e-09,1.0000000000000001e-11,3.1622776601683794e-11,1,rain
1690.0,34.23928754067932,74.7857717840639,6.335381346011616,5e-15,1.1757551470875285,26.06536377054873,-0.49227004552761855,24169320.917024087,1000000000.0,1000000000.0,4.1374766110852226e-09,1.0000000000000001e-11,3.1622776601683794e-11,1,rain
1700.0,34.23928754067932,74.7857717840639,6.335381346011616,5e-15,4.410881185032849,26.00161031266468,-0.5669501123548457,38223385.09667774,1000000000.0,1000000000.0,2.616199474407401e-09,1.0000000000000001e-11,3.1622776601683794e-11,1,rain
1710.0,34.23928754067932,74.7857717840639,6.335381346011616,5e-15,2.6331338431692046,25.938160122644376,-0.6413296241676392,30053099.98720799,1000000000.0,1000000000.0,3.327443759298199e-09,1.0000000000000001e-11,3.1622776601683794e-11,1,rain
1720.0,34.23928754067932,74.7857717840639,6.335381346011616,5e-15,6.543225749128183,25.875009678260426,-0.7154120860108151,49248988.003701255,1000000000.0,1000000000.0,2.030498575777529e-09,1.0000000000000001e-11,3.1622776601683794e-11,1,rain
1730.0,34.23928754067932,74.7857717840639,6.335381346011616,5e-15,1.6133592411256217,25.81215551845152,-0.7892009419709609,25854373.666727073,1000000000.0,1000000000.0,3.867817541783795e-09,1.0000000000000001e-11,3.1622776601683794e-11,1,rain
1740.0,34.23928754067932,74.7857717840639,6.335381346011616,5e-15,5.9700832219365765,25.749594241913243,-0.8626995765822585,46170374.43552943,1000000000.0,1000000000.0,2.165891033429591e-09,1.0000000000000001e-11,3.1622776601683794e-11,1,rain
1750.0,34.23928754067932,74.7857717840639,6.335381346011616,5e-15,4.045392690751271,25.687322505729526,-0.9359113161913513,36460952.05739039,1000000000.0,1000000000.0,2.7426601434487413e-09,1.0000000000000001e-11,3.1622776601683794e-11,1,rain
1760.0,34.23928754067932,74.7857717840639,6.335381346011616,5e-15,3.871865279615804,25.625337024042636,-1.0088394302836718,35638591.509035654,1000000000.0,1000000000.0,2.805947030051579e-09,1.0000000000000001e-11,3.1622776601683794e-11,1,rain
1770.0,34.23928754067932,74.7857717840639,6.335381346011616,5e-15,3.447340917653918,25.56363456676128,-1.0814871327720255,33667103.029525355,1000000000.0,1000000000.0,2.9702585313711746e-09,1.0000000000000001e-11,3.1622776601683794e-11,1,rain
1780.0,34.23928754067932,74.7857717840639,6.335381346011616,5e-15,4.7113343389561635,25.502211958304756,-1.1538575832489926,39702148.74229715,1000000000.0,1000000000.0,2.5187553613052642e-09,1.0000000000000001e-11,3.1622776601683794e-11,1,rain
1790.0,34.23928754067932,74.7857717840639,6.335381346011616,5e-15,1.6872685965482503,25.441066076382413,-1.2259538882042023,26145990.565386206,1000000000.0,1000000000.0,3.824678194919363e-09,1.0000000000000001e-11,3.1622776601683794e-11,1,rain
1800.0,34.23928754067932,74.7857717840639,6.335381346011616,5e-15,4.4233493490821445,25.380193850806933,-1.2977791022076985,38284220.616199136,1000000000.0,1000000000.0,2.612042204084656e-09,1.0000000000000001e-11,3.1622776601683794e-11,1,rain
1810.0,34.23928754067932,74.7857717840639,6.335381346011616,5e-15,4.9273888026473145,25.31959226234092,-1.3693362290604796,40781686.564726695,1000000000.0,1000000000.0,2.4520810300791487e-09,1.0000000000000001e-11,3.1622776601683794e-11,1,rain
1820.0,34.23928754067932,74.7857717840639,6.335381346011616,5e-15,7.1000899655685,25.25925834157455,-1.4406282229134888,52311716.27708582,1000000000.0,1000000000.0,1.9116176473797546e-09,1.0000000000000001e-11,3.1622776601683794e-11,1,rain
1830.0,34.23928754067932,74.7857717840639,6.335381346011616,5e-15,2.1295288950360174,25.199189167834618,-1.5116579893557969,27932778.499787953,1000000000.0,1000000000.0,3.5800233765058187e-09,1.0000000000000001e-11,3.1622776601683794e-11,1,rain
1840.0,34.23928754067932,74.7857717840639,6.335381346011616,5e-15,5.209687612387995,25.139381868122868,-1.5824283864731683,42211981.157278374,1000000000.0,1000000000.0,2.3689956561718397e-09,1.0000000000000001e-11,3.1622776601683794e-11,1,rain
1850.0,34.23928754067932,74.7857717840639,6.335381346011616,5e-15,2.938053134400704,25.079833616083192,-1.6529422258779505,31380140.535207767,1000000000.0,1000000000.0,3.1867288767493694e-09,1.0000000000000001e-11,3.1622776601683794e-11,1,rain
1860.0,34.23928754067932,74.7857717840639,6.335381346011616,5e-15,6.534720396324772,25.02054163099679,-1.7232022737111947,49202740.659274824,1000000000.0,1000000000.0,2.032407111069123e-09,1.0000000000000001e-11,3.1622776601683794e-11,1,rain
1870.0,34.23928754067932,74.7857717840639,6.335381346011616,5e-15,6.310097866216495,24.96150317680417,-1.793211251618061,47987388.46474019,1000000000.0,1000000000.0,2.0838808528511037e-09,1.0000000000000001e-11,3.1622776601683794e-11,1,rain
1880.0,34.23928754067932,74.7857717840639,6.335381346011616,5e-15,7.326296658853494,24.902715561153002,-1.8629718376969322,53574662.97610961,1000000000.0,1000000000.0,1.866553972436424e-09,1.0000000000000001e-11,3.1622776601683794e-11,1,rain
1890.0,34.23928754067932,74.7857717840639,6.335381346011616,5e-15,4.978158545855123,24.84417613447164,-1.932486667423433,41037282.83395035,1000000000.0,1000000000.0,2.4368085090972326e-09,1.0000000000000001e-11,3.1622776601683794e-11,1,rain
1900.0,34.23928754067932,74.7857717840639,6.335381346011616,5e-15,5.6220186873739095,24.785882289066706,-2.0017583345503454,44339868.940964185,1000000000.0,1000000000.0,2.2553066210715206e-09,1.0000000000000001e-11,3.1622776601683794e-11,1,rain
1910.0,34.23928754067932,74.7857717840639,6.335381346011616,5e-15,3.6328852372841993,24.72783145824451,-2.0707893919835385,34521628.50151936,1000000000.0,1000000000.0,2.896734723728309e-09,1.0000000000000001e-11,3.1622776601683794e-11,1,rain
1920.0,34.23928754067932,74.7857717840639,6.335381346011616,5e-15,-1.077774509209803,24.67002111545544,-2.1395823526351876,16641270.102749899,1000000000.0,1000000000.0,6.009156715957362e-09,1.0000000000000001e-11,3.1622776601683794e-11,1,rain
1930.0,34.23928754067932,74.7857717840639,6.335381346011616,5e-15,2.233400341899923,24.612448773460443,-2.2081396902548818,28362714.094952364,1000000000.0,1000000000.0,3.5257556687001522e-09,1.0000000000000001e-11,3.1622776601683794e-11,1,rain
1940.0,34.23928754067932,74.7857717840639,6.335381346011616,5e-15,2.6996088271893086,24.55511198351897,-2.2764638402391313,30339661.088815168,1000000000.0,1000000000.0,3.2960157236847115e-09,1.0000000000000001e-11,3.1622776601683794e-11,1,rain
1950.0,34.23928754067932,74.7857717840639,6.335381346011616,5e-15,3.066638521000442,24.498008334598268,-2.3445572004201836,31949325.63074011,1000000000.0,1000000000.0,3.1299565178860866e-09,1.0000000000000001e-11,3.1622776601683794e-11,1,rain
1960.0,34.23928754067932,74.7857717840639,6.335381346011616,5e-15,2.0601558584080095,24.441135452602126,-2.412422131834603,27647799.74306355,1000000000.0,1000000000.0,3.6169243458546324e-09,1.0000000000000001e-11,3.1622776601683794e-11,1,rain
1970.0,34.23928754067932,74.7857717840639,6.335381346011616,5e-15,3.2943061446348736,24.3844909996198,-2.480060959472155,32970790.012046292,1000000000.0,1000000000.0,3.0329876828387717e-09,1.0000000000000001e-11,3.1622776601683794e-11,1,rain
1980.0,34.23928754067932,74.7857717840639,6.335381346011616,5e-15,2.8711582694053703,24.328072673193816,-2.5474759730061294,31086260.909993585,1000000000.0,1000000000.0,3.2168551981705876e-09,1.0000000000000001e-11,3.1622776601683794e-11,1,rain
1990.0,34.23928754067932,74.7857717840639,6.335381346011616,5e-15,2.8825485976677356,24.271878205606157,-2.6146694275048503,31136192.024373118,1000000000.0,1000000000.0,3.211696533786821e-09,1.0000000000000001e-11,3.1622776601683794e-11,1,rain
2000.0,34.23928754067932,74.7857717840639,6.335381346011616,5e-15,3.3653605264324256,24.215905363182145,-2.6816435441255635,33293127.884192497,1000000000.0,1000000000.0,3.003622860184302e-09,1.0000000000000001e-11,3.1622776601683794e-11,1,rain
2010.0,34.23928754067932,74.7857717840639,6.335381346011616,5e-15,7.400913803293648,24.160151945612128,-2.7484005107909297,53993542.84216489,1000000000.0,1000000000.0,1.8520733172172495e-09,1.0000000000000001e-11,3.1622776601683794e-11,1,rain
2020.0,34.23928754067932,74.7857717840639,6.335381346011616,5e-15,5.4186242713041395,24.104615785289667,-2.8149424828488634,43284590.37573226,1000000000.0,1000000000.0,2.310291009616798e-09,1.0000000000000001e-11,3.1622776601683794e-11,1,rain
2030.0,34.23928754067932,74.7857717840639,6.335381346011616,5e-15,3.7243211049666485,24.049294746665993,-2.881271583715858,34946834.074161634,1000000000.0,1000000000.0,2.8614895354408148e-09,1.0000000000000001e-11,3.1622776601683794e-11,1,rain
2040.0,34.23928754067932,74.7857717840639,6.335381346011616,5e-15,2.831270935703614,23.994186725620423,-2.9473899055048207,30911760.701467536,1000000000.0,1000000000.0,3.2350146911965614e-09,1.0000000000000001e-11,3.1622776601683794e-11,1,rain
2050.0,34.23928754067932,74.7857717840639,6.335381346011616,5e-15,5.478537577941083,23.939289648846497,-3.013299509637136,43594313.805646524,1000000000.0,1000000000.0,2.293877142918753e-09,1.0000000000000001e-11,3.1622776601683794e-11,1,rain
2060.0,34.23928754067932,74.7857717840639,6.335381346011616,5e-15,3.716257737469846,23.88460147325229,-3.0790024274403436,34909229.00501011,1000000000.0,1000000000.0,2.8645720014511974e-09,1.0000000000000001e-11,3.1622776601683794e-11,1,rain
2070.0,34.23928754067932,74.7857717840639,6.335381346011616,5e-15,5.253428459849076,23.830120185376003,-3.1445006607308414,42435558.4828626,1000000000.0,1000000000.0,2.3565142907306036e-09,1.0000000000000001e-11,3.1622776601683794e-11,1,rain
2080.0,34.23928754067932,74.7857717840639,6.335381346011616,5e-15,2.4713711452949525,23.775843800815068,-3.2097961823829166,29362234.274339523,1000000000.0,1000000000.0,3.405735376459168e-09,1.0000000000000001e-11,3.1622776601683794e-11,1,rain
2090.0,34.23928754067932,74.7857717840639,6.335381346011616,5e-15,1.0386790205982095,23.72177036366938,-3.274890936883992,23656231.66996433,1000000000.0,1000000000.0,4.227215957094607e-09,1.0000000000000001e-11,3.1622776601683794e-11,1,rain
2100.0,34.23928754067932,74.7857717840639,6.335381346011616,5e-15,6.554720053751765,23.667897945997368,-3.3397868408765135,49311513.70519069,1000000000.0,1000000000.0,2.0279239570265653e-09,1.0000000000000001e-11,3.1622776601683794e-11,1,rain
2110.0,34.23928754067932,74.7857717840639,6.335381346011616,5e-15,1.7080456116221399,23.61422464728537,-3.4044857836871927,26228331.02945192,1000000000.0,1000000000.0,3.812671110781297e-09,1.0000000000000001e-11,3.1622776601683794e-11,1,rain
2120.0,34.23928754067932,74.7857717840639,6.335381346011616,5e-15,1.3804436918647838,23.560748593929304,-3.4689896278436265,24948615.036109462,1000000000.0,1000000000.0,4.008238527680381e-09,1.0000000000000001e-11,3.1622776601683794e-11,1,rain
2130.0,34.23928754067932,74.7857717840639,6.335381346011616,5e-15,4.6711769499924145,23.507467938728595,-3.533300209578556,39502974.12330805,1000000000.0,1000000000.0,2.5314549655894577e-09,1.0000000000000001e-11,3.1622776601683794e-11,1,rain
2140.0,34.23928754067932,74.7857717840639,6.335381346011616,5e-15,5.1542911575403,23.454380860392035,-3.5974193393228404,41929575.0806577,1000000000.0,1000000000.0,2.384951428857443e-09,1.0000000000000001e-11,3.1622776601683794e-11,1,rain
2150.0,34.23928754067932,74.7857717840639,6.335381346011616,5e-15,2.9782891197799444,23.40148556305499,-3.661348802186353,31557640.734721653,1000000000.0,1000000000.0,3.1688046910925717e-09,1.0000000000000001e-11,3.1622776601683794e-11,1,rain
2160.0,34.23928754067932,74.7857717840639,6.335381346011616,5e-15,0.21039537693832244,23.34878027580791,-3.7250903584280763,20707382.317406666,1000000000.0,1000000000.0,4.829195620536731e-09,1.0000000000000001e-11,3.1622776601683794e-11,1,rain
2170.0,34.23928754067932,74.7857717840639,6.335381346011616,5e-15,3.377045774831643,23.29626325223572,-3.7886457439152537,33346297.91418603,1000000000.0,1000000000.0,2.9988336413637828e-09,1.0000000000000001e-11,3.1622776601683794e-11,1,rain
2180.0,34.23928754067932,74.7857717840639,6.335381346011616,5e-15,-0.1254584720708749,23.243932769967714,-3.8520166705719703,19586245.729586467,1000000000.0,1000000000.0,5.105623680036988e-09,1.0000000000000001e-11,3.1622776601683794e-11,1,rain
2190.0,34.23928754067932,74.7857717840639,6.335381346011616,5e-15,-1.9612393894717997,23.19178713023797,-3.915204826817444,14214278.759148816,1000000000.0,1000000000.0,7.035179321753237e-09,1.0000000000000001e-11,3.1622776601683794e-11,1,rain
2200.0,34.23928754067932,74.7857717840639,6.335381346011616,5e-15,-0.17617630126606798,23.13982465745528,-3.978211877994454,19420689.864002295,1000000000.0,1000000000.0,5.149147671904153e-09,1.0000000000000001e-11,3.1622776601683794e-11,1,rain
2210.0,34.23928754067932,74.7857717840639,6.335381346011616,5e-15,6.732626418371652,23.088043698783537,-4.041039466787765,50283063.36562564,1000000000.0,1000000000.0,1.988741204426334e-09,1.0000000000000001e-11,3.1622776601683794e-11,1,rain
2220.0,34.23928754067932,74.7857717840639,6.335381346011616,5e-15,6.829070819144889,23.036442623730963,-4.103689213633544,50812682.45885257,1000000000.0,1000000000.0,1.968012613405692e-09,1.0000000000000001e-11,3.1622776601683794e-11,1,rain
2230.0,34.23928754067932,74.7857717840639,6.335381346011616,5e-15,-0.13686616280391206,22.98501982374877,-4.166162717119221,19548922.403635506,1000000000.0,1000000000.0,5.115371473437484e-09,1.0000000000000001e-11,3.1622776601683794e-11,1,rain
2240.0,34.23928754067932,74.7857717840639,6.335381346011616,5e-15,4.052387838405764,22.933773711838995,-4.228461554374462,36494299.54975198,1000000000.0,1000000000.0,2.7401539756550724e-09,1.0000000000000001e-11,3.1622776601683794e-11,1,rain
2250.0,34.23928754067932,74.7857717840639,6.335381346011616,5e-15,2.849576962969735,22.88270272217082,-4.290587281453668,30991778.45459967,1000000000.0,1000000000.0,3.22666219837921e-09,1.0000000000000001e-11,3.1622776601683794e-11,1,rain
2260.0,34.23928754067932,74.7857717840639,6.335381346011616,5e-15,-0.33810037656633085,22.831805309705388,-4.352541433709661,18898708.691803887,1000000000.0,1000000000.0,5.291366814038921e-09,1.0000000000000001e-11,3.1622776601683794e-11,1,rain
2270.0,34.23928754067932,74.7857717840639,6.335381346011616,5e-15,2.032375241869218,22.78107994982912,-4.414325526159303,27534167.013845723,1000000000.0,1000000000.0,3.631851290424526e-09,1.0000000000000001e-11,3.1622776601683794e-11,1,rain
2280.0,34.23928754067932,74.7857717840639,6.335381346011616,5e-15,3.2753882574918975,22.730525137994803,-4.475941053841154,32885251.506034803,1000000000.0,1000000000.0,3.040876849661585e-09,1.0000000000000001e-11,3.1622776601683794e-11,1,rain
2290.0,34.23928754067932,74.7857717840639,6.335381346011616,5e-15,4.151057239658542,22.680139389370822,-4.537389492165062,36966290.25107805,1000000000.0,1000000000.0,2.7051673111040325e-09,1.0000000000000001e-11,3.1622776601683794e-11,1,rain
2300.0,34.23928754067932,74.7857717840639,6.335381346011616,5e-15,1.0326253085795258,22.629921238497673,-4.598672297254382,23633735.18020107,1000000000.0,1000000000.0,4.231239761194161e-09,1.0000000000000001e-11,3.1622776601683794e-11,1,rain
2310.0,34.23928754067932,74.7857717840639,6.335381346011616,5e-15,1.9354108649995112,22.579869238952313,-4.6597909062806195,27139741.30110139,1000000000.0,1000000000.0,3.684633500760075e-09,1.0000000000000001e-11,3.1622776601683794e-11,1,rain
2320.0,34.23928754067932,74.7857717840639,6.335381346011616,5e-15,-0.24998201451276714,22.529981963019523,-4.720746737790961,19181525.950920824,1000000000.0,1000000000.0,5.2133495664456996e-09,1.0000000000000001e-11,3.1622776601683794e-11,1,rain
2330.0,34.23928754067932,74.7857717840639,6.335381346011616,5e-15,-0.26206499132911176,22.480258001370274,-4.7815411920285555,19142569.950510066,1000000000.0,1000000000.0,5.2239589699049495e-09,1.0000000000000001e-11,3.1622776601683794e-11,1,rain
2340.0,34.23928754067932,74.7857717840639,6.335381346011616,5e-15,0.8829805013007785,22.43069596274715,-4.842175651246237,23082031.52972772,1000000000.0,1000000000.0,4.332374291717278e-09,1.0000000000000001e-11,3.1622776601683794e-11,1,rain
2350.0,34.23928754067932,74.7857717840639,6.335381346011616,5e-15,5.450838544014246,22.381294473656496,-4.902651480013333,43451005.07733244,1000000000.0,1000000000.0,2.3014427358360026e-09,1.0000000000000001e-11,3.1622776601683794e-11,1,rain
2360.0,34.23928754067932,74.7857717840639,6.335381346011616,5e-15,3.168520735478566,22.332052178066775,-4.962970025515972,32404285.23961188,1000000000.0,1000000000.0,3.086011595705783e-09,1.0000000000000001e-11,3.1622776601683794e-11,1,rain
2370.0,34.23928754067932,74.7857717840639,6.335381346011616,5e-15,1.3928030805318343,22.282967737113793,-5.023132617851132,24996171.294577885,1000000000.0,1000000000.0,4.000612686699414e-09,1.0000000000000001e-11,3.1622776601683794e-11,1,rain
2380.0,34.23928754067932,74.7857717840639,6.335381346011616,5e-15,0.47333139287194115,22.234039828811703,-5.0831405703145265,21615194.33594799,1000000000.0,1000000000.0,4.626375245384267e-09,1.0000000000000001e-11,3.1622776601683794e-11,1,rain
2390.0,34.23928754067932,74.7857717840639,6.335381346011616,5e-15,2.270186016030266,22.18526714777019,-5.142995179682231,28515902.11710289,1000000000.0,1000000000.0,3.5068152355602077e-09,1.0000000000000001e-11,3.1622776601683794e-11,1,rain
2400.0,34.23928754067932,74.7857717840639,6.335381346011616,5e-15,2.5326914919244814,22.13664840491765,-5.202697726486832,29623042.715582322,1000000000.0,1000000000.0,3.3757504575111716e-09,1.0000000000000001e-11,3.1622776601683794e-11,1,rain
2410.0,34.23928754067932,74.7857717840639,6.335381346011616,5e-15,-1.1592693446133495,22.0881823272302,-5.262249475287291,16405220.291877003,1000000000.0,1000000000.0,6.095620675664728e-09,1.0000000000000001e-11,3.1622776601683794e-11,1,rain
2420.0,34.23928754067932,74.7857717840639,6.335381346011616,5e-15,1.1202709328238285,22.039867657465877,-5.321651674933776,23960786.460035287,1000000000.0,1000000000.0,4.1734857145357964e-09,1.0000000000000001e-11,3.1622776601683794e-11,1,rain
2430.0,34.23928754067932,74.7857717840639,6.335381346011616,5e-15,3.7120166460572506,21.991703153904822,-5.380905558826612,34889458.21051726,1000000000.0,1000000000.0,2.8661952672528316e-09,1.0000000000000001e-11,3.1622776601683794e-11,1,rain
2440.0,34.23928754067932,74.7857717840639,6.335381346011616,5e-15,-2.6191798487013784,21.943687590094342,-5.4400123451701745,12591688.507581756,1000000000.0,1000000000.0,7.941746648178886e-09,1.0000000000000001e-11,3.1622776601683794e-11,1,rain
2450.0,34.23928754067932,74.7857717840639,6.335381346011616,5e-15,3.5493812403653493,21.895819754599742,-5.498973237221463,34135664.63688907,1000000000.0,1000000000.0,2.9294874162764635e-09,1.0000000000000001e-11,3.1622776601683794e-11,1,rain
2460.0,34.23928754067932,74.7857717840639,6.335381346011616,5e-15,0.38109961009242,21.848098450759494,-5.55778942353362,21293749.604355954,1000000000.0,1000000000.0,4.69621376497935e-09,1.0000000000000001e-11,3.1622776601683794e-11,1,rain
2470.0,34.23928754067932,74.7857717840639,6.335381346011616,5e-15,3.8857531766068973,21.800522496446078,-5.616462078194559,35704059.76542214,1000000000.0,1000000000.0,2.80080194400878e-09,1.0000000000000001e-11,3.1622776601683794e-11,1,rain
2480.0,34.23928754067932,74.7857717840639,6.335381346011616,5e-15,1.9722736139508044,21.753090723831107,-5.674992361060788,27289286.93229223,1000000000.0,1000000000.0,3.664441663430458e-09,1.0000000000000001e-11,3.1622776601683794e-11,1,rain
2490.0,34.23928754067932,74.7857717840639,6.335381346011616,5e-15,0.26046998388044074,21.70580197915571,-5.733381417986408,20878234.23687251,1000000000.0,1000000000.0,4.789677080228969e-09,1.0000000000000001e-11,3.1622776601683794e-11,1,rain
2500.0,34.23928754067932,74.7857717840639,6.335381346011616,5e-15,5.7765880491249675,21.658655122504797,-5.791630381047668,45148987.04364031,1000000000.0,1000000000.0,2.2148891159693476e-09,1.0000000000000001e-11,3.1622776601683794e-11,1,rain
2510.0,34.23928754067932,74.7857717840639,6.335381346011616,5e-15,1.7221998366868263,21.611649027586594,-5.849740368762866,26284516.000767376,1000000000.0,1000000000.0,3.804521262521269e-09,1.0000000000000001e-11,3.1622776601683794e-11,1,rain
2520.0,34.23928754067932,74.7857717840639,6.335381346011616,5e-15,1.1308960571395517,21.56478258151604,-5.907712486308242,24000630.8365776,1000000000.0,1000000000.0,4.166557149306148e-09,1.0000000000000001e-11,3.1622776601683794e-11,1,rain
2530.0,34.23928754067932,74.7857717840639,6.335381346011616,5e-15,1.7422734802029396,21.518054684602703,-5.965547825728919,26364324.35223813,1000000000.0,1000000000.0,3.79300446557853e-09,1.0000000000000001e-11,3.1622776601683794e-11,1,rain
2540.0,34.23928754067932,74.7857717840639,6.335381346011616,5e-15,-0.4990561228910053,21.471464250142745,-6.023247466146557,18389771.328864492,1000000000.0,1000000000.0,5.437805517627101e-09,1.0000000000000001e-11,3.1622776601683794e-11,1,rain
2550.0,34.23928754067932,74.7857717840639,6.335381346011616,5e-15,-2.2086994772220407,21.425010204215056,-6.080812473962112,13585841.602209702,1000000000.0,1000000000.0,7.360603997012247e-09,1.0000000000000001e-11,3.1622776601683794e-11,1,rain
2560.0,34.23928754067932,74.7857717840639,6.335381346011616,5e-15,3.9822547123278014,21.378691485481397,-6.138243903055212,36160646.65738809,1000000000.0,1000000000.0,2.7654372707289156e-09,1.0000000000000001e-11,3.1622776601683794e-11,1,rain
2570.0,34.23928754067932,74.7857717840639,6.335381346011616,5e-15,1.7462349027842237,21.332507044990308,-6.195542794979332,26380091.5873072,1000000000.0,1000000000.0,3.790737407754682e-09,1.0000000000000001e-11,3.1622776601683794e-11,1,rain
2580.0,34.23928754067932,74.7857717840639,6.335381346011616,5e-15,-0.7909323727870685,21.286455845985003,-6.252710179153269,17492040.31250572,1000000000.0,1000000000.0,5.716885978618872e-09,1.0000000000000001e-11,3.1622776601683794e-11,1,rain
2590.0,34.23928754067932,74.7857717840639,6.335381346011616,5e-15,-0.010593962627893916,21.240536863714837,-6.3097470730488965,19964829.079539575,1000000000.0,1000000000.0,5.0088082197749615e-09,1.0000000000000001e-11,3.1622776601683794e-11,1,rain
2600.0,34.23928754067932,74.7857717840639,6.335381346011616,5e-15,0.036597242930611174,21.194749085250365,-6.366654482375452,20121829.528239094,1000000000.0,1000000000.0,4.969727025053036e-09,1.0000000000000001e-11,3.1622776601683794e-11,1,rain
2610.0,34.23928754067932,74.7857717840639,6.335381346011616,5e-15,2.1150197812547162,21.149091509302238,-6.423433401259956,27873032.60205655,1000000000.0,1000000000.0,3.5876971633370717e-09,1.0000000000000001e-11,3.1622776601683794e-11,1,rain
2620.0,34.23928754067932,74.7857717840639,6.335381346011616,5e-15,1.2033655360724254,21.1035631460431,-6.480084812424451,24273523.99398002,1000000000.0,1000000000.0,4.11971496288716e-09,1.0000000000000001e-11,3.1622776601683794e-11,1,rain
2630.0,34.23928754067932,74.7857717840639,6.335381346011616,5e-15,5.257462756260736,21.058163016933335,-6.536609687359913,42456205.55192416,1000000000.0,1000000000.0,2.3553682836234503e-09,1.0000000000000001e-11,3.1622776601683794e-11,1,rain
2640.0,34.23928754067932,74.7857717840639,6.335381346011616,5e-15,-2.759290208996248,21.012890154549694,-6.593008986496585,12265918.299060723,1000000000.0,1000000000.0,8.152671293078612e-09,1.0000000000000001e-11,3.1622776601683794e-11,1,rain
2650.0,34.23928754067932,74.7857717840639,6.335381346011616,5e-15,-0.7680427759377011,20.96774360241777,-6.649283659371349,17561272.418613285,1000000000.0,1000000000.0,5.694348200760754e-09,1.0000000000000001e-11,3.1622776601683794e-11,1,rain
2660.0,34.23928754067932,74.7857717840639,6.335381346011616,5e-15,0.8904942298252649,20.922722414846646,-6.705434644791751,23109530.938139576,1000000000.0,1000000000.0,4.327218941296714e-09,1.0000000000000001e-11,3.1622776601683794e-11,1,rain
2670.0,34.23928754067932,74.7857717840639,6.335381346011616,5e-15,-2.2889237747215248,20.87782565676777,-6.761462870997121,13386838.129159184,1000000000.0,1000000000.0,7.470023842462112e-09,1.0000000000000001e-11,3.1622776601683794e-11,1,rain
2680.0,34.23928754067932,74.7857717840639,6.335381346011616,5e-15,0.2952192813063874,20.833052403576048,-6.8173692558166294,20997360.16981273,1000000000.0,1000000000.0,4.7625034381115666e-09,1.0000000000000001e-11,3.1622776601683794e-11,1,rain
2690.0,34.23928754067932,74.7857717840639,6.335381346011616,5e-15,5.204432976400398,20.78840174097411,-6.873154706824238,42185157.552472435,1000000000.0,1000000000.0,2.370501991739962e-09,1.0000000000000001e-11,3.1622776601683794e-11,1,rain
2700.0,34.23928754067932,74.7857717840639,6.335381346011616,5e-15,1.9265013526086534,20.743872764819557,-6.928820121491043,27103671.19144998,1000000000.0,1000000000.0,3.6895370849815214e-09,1.0000000000000001e-11,3.1622776601683794e-11,1,rain
2710.0,34.23928754067932,74.7857717840639,6.335381346011616,5e-15,5.1964209055310135,20.699464580975032,-6.9843663873346316,42144272.408972204,1000000000.0,1000000000.0,2.3728016711165417e-09,1.0000000000000001e-11,3.1622776601683794e-11,1,rain
2720.0,34.23928754067932,74.7857717840639,6.335381346011616,5e-15,-0.6585832474280409,20.655176305160893,-7.039794382065708,17895095.079300415,1000000000.0,1000000000.0,5.588123424707134e-09,1.0000000000000001e-11,3.1622776601683794e-11,1,rain
2730.0,34.23928754067932,74.7857717840639,6.335381346011616,5e-15,2.553183287836987,20.611007062810728,-7.095104973732049,29710493.732768577,1000000000.0,1000000000.0,3.3658141429574112e-09,1.0000000000000001e-11,3.1622776601683794e-11,1,rain
2740.0,34.23928754067932,74.7857717840639,6.335381346011616,5e-15,1.0120254818448728,20.566955988929493,-7.150299020859933,23557286.712932862,1000000000.0,1000000000.0,4.2449710452053195e-09,1.0000000000000001e-11,3.1622776601683794e-11,1,rain
2750.0,34.23928754067932,74.7857717840639,6.335381346011616,5e-15,0.2864047386331521,20.523022227954044,-7.205377372592608,20967098.893550955,1000000000.0,1000000000.0,4.769377037218913e-09,1.0000000000000001e-11,3.1622776601683794e-11,1,rain
2760.0,34.23928754067932,74.7857717840639,6.335381346011616,5e-15,-2.751681123109819,20.479204933616614,-7.260340868826972,12283434.983204251,1000000000.0,1000000000.0,8.141045248070671e-09,1.0000000000000001e-11,3.1622776601683794e-11,1,rain
2770.0,34.23928754067932,74.7857717840639,6.335381346011616,5e-15,3.3648345425830684,20.435503268810294,-7.315190340346817,33290735.62141754,1000000000.0,1000000000.0,3.003838699667098e-09,1.0000000000000001e-11,3.1622776601683794e-11,1,rain
2780.0,34.23928754067932,74.7857717840639,6.335381346011616,5e-15,2.09388955564512,20.391916405457195,-7.369926608954586,27786157.977424778,1000000000.0,1000000000.0,3.5989142536815018e-09,1.0000000000000001e-11,3.1622776601683794e-11,1,rain
2790.0,34.23928754067932,74.7857717840639,6.335381346011616,5e-15,0.020332954264944192,20.348443524378936,-7.424550487600214,20067623.67014721,1000000000.0,1000000000.0,4.983151051848803e-09,1.0000000000000001e-11,3.1622776601683794e-11,1,rain
2800.0,34.23928754067932,74.7857717840639,6.335381346011616,5e-15,-1.572796192780146,20.30508381516958,-7.47906278050786,15245753.875881521,1000000000.0,1000000000.0,6.5592033568243555e-09,1.0000000000000001e-11,3.1622776601683794e-11,1,rain
2810.0,34.23928754067932,74.7857717840639,6.335381346011616,5e-15,-0.9806032321638298,20.261836476070314,-7.5334642833003045,16925996.472378507,1000000000.0,1000000000.0,5.908071655526442e-09,1.0000000000000001e-11,3.1622776601683794e-11,1,rain
2820.0,34.23928754067932,74.7857717840639,6.335381346011616,5e-15,0.6061673324765735,20.218700713847113,-7.587755783121139,22083851.025942612,1000000000.0,1000000000.0,4.5281957337299e-09,1.0000000000000001e-11,3.1622776601683794e-11,1,rain
2830.0,34.23928754067932,74.7857717840639,6.335381346011616,5e-15,0.939255806583148,20.17567574366997,-7.641938058754931,23288511.960414156,1000000000.0,1000000000.0,4.293962627151969e-09,1.0000000000000001e-11,3.1622776601683794e-11,1,rain
2840.0,34.23928754067932,74.7857717840639,6.335381346011616,5e-15,-0.4050767902408552,20.132760788994517,-7.696011880745118,18685730.32911514,1000000000.0,1000000000.0,5.351677362280305e-09,1.0000000000000001e-11,3.1622776601683794e-11,1,rain
2850.0,34.23928754067932,74.7857717840639,6.335381346011616,5e-15,2.037888024945204,20.089955081445638,-7.749978011509796,27556694.060924318,1000000000.0,1000000000.0,3.6288823245238644e-09,1.0000000000000001e-11,3.1622776601683794e-11,1,rain
2860.0,34.23928754067932,74.7857717840639,6.335381346011616,5e-15,2.3821840616908503,20.047257860703283,-7.803837205455665,28985273.868520103,1000000000.0,1000000000.0,3.4500277780230507e-09,1.0000000000000001e-11,3.1622776601683794e-11,1,rain
2870.0,34.23928754067932,74.7857717840639,6.335381346011616,5e-15,1.4585397260693753,20.00466837438995,-7.857590209089864,25250067.971942943,1000000000.0,1000000000.0,3.960385378412318e-09,1.0000000000000001e-11,3.1622776601683794e-11,1,rain
2880.0,34.23928754067932,74.7857717840639,6.335381346011616,5e-15,3.5054037255514032,19.962185877960493,-7.911237761129854,33933306.31469004,1000000000.0,1000000000.0,2.946957159807003e-09,1.0000000000000001e-11,3.1622776601683794e-11,1,rain
2890.0,34.23928754067932,74.7857717840639,6.335381346011616,5e-15,-0.42273325415320073,19.919809634593506,-7.96478059261139,18629869.70153249,1000000000.0,1000000000.0,5.367724069040269e-09,1.0000000000000001e-11,3.1622776601683794e-11,1,rain
2900.0,34.23928754067932,74.7857717840639,6.335381346011616,5e-15,-1.0647340012349389,19.877538915084912,-8.01821942699479,16679273.931983259,1000000000.0,1000000000.0,5.995464815062813e-09,1.0000000000000001e-11,3.1622776601683794e-11,1,rain
2910.0,34.23928754067932,74.7857717840639,6.335381346011616,5e-15,0.32816275998870026,19.835372997743022,-8.071554980269013,21110721.42698218,1000000000.0,1000000000.0,4.736929542928236e-09,1.0000000000000001e-11,3.1622776601683794e-11,1,rain
2920.0,34.23928754067932,74.7857717840639,6.335381346011616,5e-15,2.1503649175360664,19.793311168285754,-8.124787961054466,28018710.135399424,1000000000.0,1000000000.0,3.5690436682043372e-09,1.0000000000000001e-11,3.1622776601683794e-11,1,rain
2930.0,34.23928754067932,74.7857717840639,6.335381346011616,5e-15,1.5819989926154392,19.751352719739188,-8.177919070703524,25731248.23788922,1000000000.0,1000000000.0,3.8863252600684245e-09,1.0000000000000001e-11,3.1622776601683794e-11,1,rain
2940.0,34.23928754067932,74.7857717840639,6.335381346011616,5e-15,-0.5722155225651591,19.70949695233844,-8.2309490033997,18161709.039667785,1000000000.0,1000000000.0,5.506089750782023e-09,1.0000000000000001e-11,3.1622776601683794e-11,1,rain
2950.0,34.23928754067932,74.7857717840639,6.335381346011616,5e-15,0.25790055769959963,19.667743173429542,-8.283878446255017,20869444.167272873,1000000000.0,998508843.4239739,4.791694460019132e-09,1.0000000000000001e-11,3.167000153273208e-11,1,rain
2960.0,34.23928754067932,74.7857717840639,6.335381346011616,5e-15,-1.991261483283722,19.626090697373556,-8.336708079405753,14136855.161331987,1000000000.0,987225584.0537105,7.073709029256116e-09,1.0000000000000001e-11,3.203196626229587e-11,1,rain
2970.0,34.23928754067932,74.7857717840639,6.335381346011616,5e-15,0.6046795879357489,19.584538845451775,-8.389438576106443,22078564.922723353,1000000000.0,976082229.9430803,4.5292798852646255e-09,1.0000000000000001e-11,3.2397656295338825e-11,1,rain
2980.0,34.23928754067932,74.7857717840639,6.335381346011616,5e-15,-5.0984568262386745,19.543086945773197,-8.442070602822497,7772373.871434092,1000000000.0,965076907.5410637,1.2866082056028123e-08,1.0000000000000001e-11,3.276710524786674e-11,1,rain
2990.0,34.23928754067932,74.7857717840639,6.335381346011616,5e-15,1.3865678551235732,19.501734333182625,-8.49460481932124,24972172.37468328,1000000000.0,954207769.5778075,4.004457381584461e-09,1.0000000000000001e-11,3.3140347008152525e-11,1,rain
3000.0,34.23928754067932,74.7857717840639,6.335381346011616,5e-15,0.6209631888819303,19.460480349171405,-8.54704187876112,22136468.009351164,1000000000.0,943472994.6986704,4.517432499067004e-09,1.0000000000000001e-11,3.3517415738840074e-11,1,rain
3010.0,34.23928754067932,74.7857717840639,6.335381346011616,5e-15,2.3957515386534567,19.41932434178854,-8.599382427779972,29042436.756858468,1000000000.0,932870787.1026841,3.443237247521411e-09,1.0000000000000001e-11,3.3898345879066494e-11,1,rain
3020.0,34.23928754067932,74.7857717840639,6.335381346011616,5e-15,-0.2041459324621826,19.378265665554196,-8.651627106581316,19329810.59021868,1000000000.0,922399376.1855991,5.173356434780704e-09,1.0000000000000001e-11,3.4283172146596146e-11,1,rain
3030.0,34.23928754067932,74.7857717840639,6.335381346011616,5e-15,-0.14588341626037504,19.337303681373967,-8.703776549019636,19519455.24632346,1000000000.0,912057016.1872958,5.123093792222264e-09,1.0000000000000001e-11,3.4671929539972845e-11,1,rain
3040.0,34.23928754067932,74.7857717840639,6.335381346011616,5e-15,0.6359860851274135,19.29643775645502,-8.755831382683795,22189977.61690033,1000000000.0,901841985.8437203,4.506539020744123e-09,1.0000000000000001e-11,3.506465334068366e-11,1,rain
3050.0,34.23928754067932,74.7857717840639,6.335381346011616,5e-15,-0.18466364876222485,19.25566726422329,-8.80779222897965,19393081.06405955,1000000000.0,891752588.0430858,5.156478213527718e-09,1.0000000000000001e-11,3.5461379115342595e-11,1,rain
3060.0,34.23928754067932,74.7857717840639,6.335381346011616,5e-15,-1.6335621755839895,19.214991584242284,-8.859659703210781,15080734.014076011,1000000000.0,881787149.4865279,6.630976974108972e-09,1.0000000000000001e-11,3.5862142717886054e-11,1,rain
3070.0,34.23928754067932,74.7857717840639,6.335381346011616,5e-15,0.15220186998439544,19.174410102132924,-8.911434414658117,20510033.259501804,1000000000.0,871944020.3530493,4.875662498190851e-09,1.0000000000000001e-11,3.626698029178497e-11,1,rain
3080.0,34.23928754067932,74.7857717840639,6.335381346011616,5e-15,0.7538401186134251,19.133922209494997,-8.963116966658504,22612735.207455285,1000000000.0,862221573.9686971,4.422286781434145e-09,1.0000000000000001e-11,3.6675928272274775e-11,1,rain
3090.0,34.23928754067932,74.7857717840639,6.335381346011616,5e-15,-1.352968043779498,19.093527303829745,-9.014707956681548,15854173.697126117,1000000000.0,852618206.4800737,6.307487347519536e-09,1.0000000000000001e-11,3.7089023388597835e-11,1,rain
3100.0,34.23928754067932,74.7857717840639,6.335381346011616,5e-15,0.06864156722745918,19.053224788463524,-9.066207976405508,20228923.331968673,1000000000.0,843132336.5320061,4.943416827427762e-09,1.0000000000000001e-11,3.750630266626402e-11,1,rain
3110.0,34.23928754067932,74.7857717840639,6.335381346011616,5e-15,-2.2808282452815973,19.013014072473098,-9.117617611792014,13406815.374261511,1000000000.0,833762404.9493822,7.458892899500998e-09,1.0000000000000001e-11,3.792780342932782e-11,1,rain
3120.0,34.23928754067932,74.7857717840639,6.335381346011616,5e-15,4.227337191854971,18.972894570611658,-9.168937443159336,37333228.86414247,1000000000.0,824506874.4231834,2.6785789239903443e-09,1.0000000000000001e-11,3.8353563302679265e-11,1,rain
3130.0,34.23928754067932,74.7857717840639,6.335381346011616,5e-15,-2.857632616338279,18.932865703236487,-9.220168045254695,12041327.039576653,1000000000.0,815364229.2005653,8.304732499277404e-09,1.0000000000000001e-11,3.878362021435348e-11,1,rain
3140.0,34.23928754067932,74.7857717840639,6.335381346011616,5e-15,-1.580337235051914,18.892926896237284,-9.271309987325225,15225200.735469526,1000000000.0,806332974.7790465,6.568057901991013e-09,1.0000000000000001e-11,3.92180123978548e-11,1,rain
3150.0,34.23928754067932,74.7857717840639,6.335381346011616,5e-15,-1.1213181919219153,18.853077580966243,-9.322363833188149,16514835.001035934,1000000000.0,797411637.6046741,6.055161919191276e-09,1.0000000000000001e-11,3.965677839449986e-11,1,rain
3160.0,34.23928754067932,74.7857717840639,6.335381346011616,5e-15,1.5731175550115069,18.81331719416852,-9.373330141299448,25696444.377573475,1000000000.0,788598764.7742325,3.891588989147262e-09,1.0000000000000001e-11,4.009995705577482e-11,1,rain
3170.0,34.23928754067932,74.7857717840639,6.335381346011616,5e-15,1.6739065017872008,18.77364517791453,-9.424209464821644,26093119.853684943,1000000000.0,779892923.7413791,3.832427879868023e-09,1.0000000000000001e-11,4.0547587545710626e-11,1,rain
3180.0,34.23928754067932,74.7857717840639,6.335381346011616,5e-15,-0.509010769065938,18.734060979532572,-9.475002351690478,18358619.497541275,1000000000.0,771292702.0267066,5.447032660238574e-09,1.0000000000000001e-11,4.0999709343274494e-11,1,rain
3190.0,34.23928754067932,74.7857717840639,6.335381346011616,5e-15,0.4110340922940736,18.694564051543153,-9.52570934468065,21397721.018986978,1000000000.0,762796706.9316489,4.673394886832405e-09,1.0000000000000001e-11,4.145636224478009e-11,1,rain
3200.0,34.23928754067932,74.7857717840639,6.335381346011616,5e-15,-0.4629260562461468,18.655153851594065,-9.576330981470363,18503153.28008896,1000000000.0,754403565.2562603,5.4044842241894466e-09,1.0000000000000001e-11,4.1917586366313074e-11,1,rain
3210.0,34.23928754067932,74.7857717840639,6.335381346011616,5e-15,-0.47190963961384114,18.61582984239631,-9.626867794704907,18474914.859088186,1000000000.0,746111923.0207916,5.41274483605038e-09,1.0000000000000001e-11,4.238342214617386e-11,1,rain
3220.0,34.23928754067932,74.7857717840639,6.335381346011616,5e-15,-1.0809620091391565,18.57659149166136,-9.677320312059294,16631990.543450521,1000000000.0,737920445.1910052,6.012509431072206e-09,1.0000000000000001e-11,4.285391034733896e-11,1,rain
3230.0,34.23928754067932,74.7857717840639,6.335381346011616,5e-15,-1.7160982457463803,18.537438272039097,-9.727689056299937,14858776.841799257,1000000000.0,729827815.4072161,6.730029063946219e-09,1.0000000000000001e-11,4.332909205993949e-11,1,rain
3240.0,34.23928754067932,74.7857717840639,6.335381346011616,5e-15,0.4321745488162918,18.498369661056984,-9.777974545345387,21471354.170690585,1000000000.0,721832735.7170223,4.657368101007096e-09,1.0000000000000001e-11,4.380900870375705e-11,1,rain
3250.0,34.23928754067932,74.7857717840639,6.335381346011616,5e-15,0.08835085625861439,18.459385141059755,-9.828177292325819,20294987.848406184,1000000000.0,713933926.3117045,4.927324950719458e-09,1.0000000000000001e-11,4.429370203073561e-11,1,rain
3260.0,34.23928754067932,74.7857717840639,6.335381346011616,5e-15,-4.446644602934981,18.42048419915068,-9.878297805642347,8855141.311989784,1000000000.0,706130125.2661393,1.1292874554650063e-08,1.0000000000000001e-11,4.478321412751682e-11,1,rain
3270.0,34.23928754067932,74.7857717840639,6.335381346011616,5e-15,-1.6939756223145679,18.38166632713299,-9.928336589024497,14918023.082856005,1000000000.0,698420088.2824062,6.703301063726156e-09,1.0000000000000001e-11,4.527758741798549e-11,1,rain
3280.0,34.23928754067932,74.7857717840639,6.335381346011616,5e-15,0.7211074060986533,18.342931021452827,-9.978294141587583,22494789.436742317,1000000000.0,690802588.4368048,4.445473929916543e-09,1.0000000000000001e-11,4.577686466584031e-11,1,rain
3290.0,34.23928754067932,74.7857717840639,6.335381346011616,5e-15,2.1932642343327444,18.304277783142567,-10.028170957888705,28196126.76940789,1000000000.0,683276415.9304338,3.54658640946733e-09,1.0000000000000001e-11,4.6281088977178154e-11,1,rain
3300.0,34.23928754067932,74.7857717840639,6.335381346011616,5e-15,-2.307224015992361,18.265706117765305,-10.077967527982167,13341765.058710424,1000000000.0,675840377.8431844,7.495260151857727e-09,1.0000000000000001e-11,4.679030380309897e-11,1,rain
3310.0,34.23928754067932,74.7857717840639,6.335381346011616,5e-15,1.1951222239110137,18.227215535360244,-10.127684337474022,24242383.333657403,1000000000.0,668493297.8911378,4.125006960894105e-09,1.0000000000000001e-11,4.730455294232952e-11,1,rain
3320.0,34.23928754067932,74.7857717840639,6.335381346011616,5e-15,-1.3556444676551678,18.18880555038851,-10.177321867575614,15846657.953304881,1000000000.0,661234016.1873713,6.3104788589915024e-09,1.0000000000000001e-11,4.7823880543863265e-11,1,rain
3330.0,34.23928754067932,74.7857717840639,6.335381346011616,5e-15,2.640683012043283,18.150475681680177,-10.226880595156501,30085565.45638591,1000000000.0,654061389.006055,3.323853099752e-09,1.0000000000000001e-11,4.8348331109621645e-11,1,rain
3340.0,34.23928754067932,74.7857717840639,6.335381346011616,5e-15,-2.255453049746194,18.112225452381963,-10.276360992796612,13469585.213936325,1000000000.0,646974288.5498482,7.424133587761475e-09,1.0000000000000001e-11,4.8877949497134174e-11,1,rain
3350.0,34.23928754067932,74.7857717840639,6.335381346011616,5e-15,0.16982988229736407,18.07405438990557,-10.325763528837427,20569677.669493962,1000000000.0,639971602.720579,4.8615248914816915e-09,1.0000000000000001e-11,4.9412780922235326e-11,1,rain
3360.0,34.23928754067932,74.7857717840639,6.335381346011616,5e-15,-1.6553072212129365,18.035962025877055,-10.375088667432635,15022013.248573298,1000000000.0,633052234.8931017,6.656897337612015e-09,1.0000000000000001e-11,4.995287096178354e-11,1,rain
3370.0,34.23928754067932,74.7857717840639,6.335381346011616,5e-15,2.69869218437654,17.997947896086615,-10.424336868597749,30335699.1494361,1000000000.0,626215103.6923726,3.296446193885031e-09,1.0000000000000001e-11,5.0498265556396486e-11,1,rain
3380.0,34.23928754067932,74.7857717840639,6.335381346011616,5e-15,2.275505068527437,17.960011540439496,-10.473508588259278,28538092.509232905,1000000000.0,619459142.7736241,3.5040884378536195e-09,1.0000000000000001e-11,5.1049011013209084e-11,1,rain
3390.0,34.23928754067932,74.7857717840639,6.335381346011616,5e-15,-3.8996666647799003,17.92215250290731,-10.52260427830305,9860885.088496568,1000000000.0,612783300.6056727,1.0141077510035808e-08,1.0000000000000001e-11,5.160515400864866e-11,1,rain
3400.0,34.23928754067932,74.7857717840639,6.335381346011616,5e-15,-4.925114030401076,17.884370331480284,-10.57162438662175,8048502.027572372,1000000000.0,606186540.2572794,1.2424672275340469e-08,1.0000000000000001e-11,5.2166741591230915e-11,1,rain
3410.0,34.23928754067932,74.7857717840639,6.335381346011616,5e-15,1.3735712130626325,17.846664578119984,-10.620569357161827,24922195.866810724,1000000000.0,599667839.1865481,4.01248752455122e-09,1.0000000000000001e-11,5.27338211843747e-11,1,rain
3420.0,34.23928754067932,74.7857717840639,6.335381346011616,5e-15,-1.1687473295394568,17.809034798713057,-10.669439629969759,16377929.402564408,1000000000.0,593226189.0332948,6.105777937004802e-09,1.0000000000000001e-11,5.330644058923866e-11,1,rain
3430.0,34.23928754067932,74.7857717840639,6.335381346011616,5e-15,-2.145146626003637,17.7714805530253,-10.718235641237698,13745128.566429986,1000000000.0,586860595.4143684,7.275304811934033e-09,1.0000000000000001e-11,5.38846479875782e-11,1,rain
3440.0,34.23928754067932,74.7857717840639,6.335381346011616,5e-15,-1.1576225457224183,17.734001404656567,-10.766957823348122,16409965.522404334,1000000000.0,580570077.7219328,6.093858019596152e-09,1.0000000000000001e-11,5.4468491944618774e-11,1,rain
3450.0,34.23928754067932,74.7857717840639,6.335381346011616,5e-15,0.5916952612261213,17.696596920996456,-10.815606604918202,22032466.089957662,1000000000.0,574353668.9245801,4.538756560055696e-09,1.0000000000000001e-11,5.505802141195386e-11,1,rain
3460.0,34.23928754067932,74.7857717840639,6.335381346011616,5e-15,-0.009930223737356414,17.659266673180312,-10.864182410843483,19967031.367400467,1000000000.0,568210415.3712895,5.008255767217695e-09,1.0000000000000001e-11,5.565328573046362e-11,1,rain
3470.0,34.23928754067932,74.7857717840639,6.335381346011616,5e-15,-2.647982030492045,17.622010236046165,-10.912685662340607,12524162.262272276,1000000000.0,562139376.5982403,7.984565985801662e-09,1.0000000000000001e-11,5.6254334633249715e-11,1,rain
3480.0,34.23928754067932,74.7857717840639,6.335381346011616,5e-15,-0.5871670755147846,17.58482718809212,-10.961116776990025,18115350.955030914,1000000000.0,556139625.138316,5.5201801084747105e-09,1.0000000000000001e-11,5.6861218248598945e-11,1,rain
3490.0,34.23928754067932,74.7857717840639,6.335381346011616,5e-15,-1.093359635933112,17.547717111434523,-11.009476168777212,16595934.525155777,1000000000.0,550210246.3334633,6.025572097095349e-09,1.0000000000000001e-11,5.747398710295614e-11,1,rain
3500.0,34.23928754067932,74.7857717840639,6.335381346011616,5e-15,-1.2805001643767753,17.510679591766404,-11.057764248134333,16058690.155523473,1000000000.0,544350338.1496124,6.227157945730989e-09,1.0000000000000001e-11,5.809269212393215e-11,1,rain
3510.0,34.23928754067932,74.7857717840639,6.335381346011616,5e-15,1.154870542571203,17.47371421831687,-11.105981421980516,24090691.46218888,1000000000.0,538559010.9943688,4.150980894714178e-09,1.0000000000000001e-11,5.871738464332267e-11,1,rain
3520.0,34.23928754067932,74.7857717840639,6.335381346011616,5e-15,0.7420194583404225,17.436820583810956,-11.15412809376187,22570094.897417728,1000000000.0,532835387.5372902,4.430641539369032e-09,1.0000000000000001e-11,5.934811640015311e-11,1,rain
3530.0,34.23928754067932,74.7857717840639,6.335381346011616,5e-15,-2.3982965424459763,17.39999828442987,-11.202204663490932,13119229.387929788,1000000000.0,527178602.5327751,7.622398926266507e-09,1.0000000000000001e-11,5.998493954374367e-11,1,rain
3540.0,34.23928754067932,74.7857717840639,6.335381346011616,5e-15,-1.2589904071583362,17.36324691977204,-11.250211527785439,16119772.332289197,1000000000.0,521587802.64551014,6.203561560214593e-09,1.0000000000000001e-11,6.062790663679643e-11,1,rain
3550.0,34.23928754067932,74.7857717840639,6.335381346011616,5e-15,-0.5198688199517107,17.326566092814645,-11.298149079906807,18324683.639069267,1000000000.0,516062146.2784264,5.457120132038423e-09,1.0000000000000001e-11,6.127707065850677e-11,1,rain
3560.0,34.23928754067932,74.7857717840639,6.335381346011616,5e-15,-2.099354653802905,17.289955409875475,-11.34601770979765,13860801.275041904,1000000000.0,510600803.40319866,7.214590124747148e-09,1.0000000000000001e-11,6.193248500769142e-11,1,rain
3570.0,34.23928754067932,74.7857717840639,6.335381346011616,5e-15,-0.7087014249509451,17.25341448057584,-11.393817804119237,17741682.95640155,1000000000.0,505202955.39314973,5.636443861934645e-09,1.0000000000000001e-11,6.259420350594524e-11,1,rain
3580.0,34.23928754067932,74.7857717840639,6.335381346011616,5e-15,-2.6390643115674663,17.21694291780331,-11.441549746288075,12545038.739501664,1000000000.0,499867794.8586302,7.971278692438089e-09,1.0000000000000001e-11,6.326228040081512e-11,1,rain
3590.0,34.23928754067932,74.7857717840639,6.335381346011616,5e-15,0.8183670924581321,17.18054033767541,-11.48921391651217,22846436.081330974,1000000000.0,494594525.48476416,4.3770503042141994e-09,1.0000000000000001e-11,6.393677036899981e-11,1,rain
3600.0,34.23928754067932,74.7857717840639,6.335381346011616,5e-15,-0.21363870359934367,17.144206359504068,-11.536810691826759,19299034.52873401,1000000000.0,489382361.8715666,5.181606357101008e-09,1.0000000000000001e-11,6.461772851957192e-11,1,rain
3610.0,34.23928754067932,74.7857717840639,6.335381346011616,5e-15,-1.8540153416174263,17.107940605759694,-11.584340446129374,14493476.330649393,1000000000.0,484230529.3764124,6.899655936135193e-09,1.0000000000000001e-11,6.530521039721992e-11,1,rain
3620.0,34.23928754067932,74.7857717840639,6.335381346011616,5e-15,-1.7558381279880848,17.07174270203663,-11.631803550214755,14752802.210637856,1000000000.0,479138263.95877135,6.7783732590065256e-09,1.0000000000000001e-11,6.599927198551785e-11,1,rain
3630.0,34.23928754067932,74.7857717840639,6.335381346011616,5e-15,1.5927161134634105,17.035612277018714,-11.679200371808918,25773284.486004718,1000000000.0,474104812.0272401,3.879986660384768e-09,1.0000000000000001e-11,6.669996971021437e-11,1,rain
3640.0,34.23928754067932,74.7857717840639,6.335381346011616,5e-15,-2.6901381302935476,16.999548962445232,-11.726531275603008,12425849.797658497,1000000000.0,469129430.28879714,8.047739319917081e-09,1.0000000000000001e-11,6.740736044254725e-11,1,rain
3650.0,34.23928754067932,74.7857717840639,6.335381346011616,5e-15,-1.2559694735135025,16.963552393077435,-11.773796623286614,16128364.881089674,1000000000.0,464211385.6002671,6.200256550324508e-09,1.0000000000000001e-11,6.812150150258097e-11,1,rain
3660.0,34.23928754067932,74.7857717840639,6.335381346011616,5e-15,-2.7888323764638017,16.927622206665646,-11.820996773580532,12198099.967020936,1000000000.0,459349954.82196844,8.19799807104076e-09,1.0000000000000001e-11,6.88424506625671e-11,1,rain
3670.0,34.23928754067932,74.7857717840639,6.335381346011616,5e-15,-0.8401275817767413,16.89175804391654,-11.86813208226934,17343916.397201613,1000000000.0,454544424.67348534,5.765710449119479e-09,1.0000000000000001e-11,6.957026615033174e-11,1,rain
3680.0,34.23928754067932,74.7857717840639,6.335381346011616,5e-15,-4.293215909349058,16.855959548461072,-11.91520290223312,9128050.243285563,1000000000.0,449794091.59159875,1.095524206536421e-08,1.0000000000000001e-11,7.030500665268063e-11,1,rain
3690.0,34.23928754067932,74.7857717840639,6.335381346011616,5e-15,-2.779587257740971,16.82022636682281,-11.962209583479193,12219291.024469221,1000000000.0,445098261.590255,8.183780859278109e-09,1.0000000000000001e-11,7.104673131883591e-11,1,rain
3700.0,34.23928754067932,74.7857717840639,6.335381346011616,5e-15,-0.749468113322564,16.784558148386694,-12.009152473173117,17617599.659999076,1000000000.0,440456250.1226232,5.676142149321904e-09,1.0000000000000001e-11,7.179549976389255e-11,1,rain
3710.0,34.23928754067932,74.7857717840639,6.335381346011616,5e-15,-4.93452313383419,16.748954545368093,-12.056031915669337,8033297.984788647,1000000000.0,435867381.94517976,1.2448187555018347e-08,1.0000000000000001e-11,7.255137207229945e-11,1,rain
3720.0,34.23928754067932,74.7857717840639,6.335381346011616,5e-15,-1.8840326768997357,16.71341521278238,-12.102848252541605,14414892.438380525,1000000000.0,431330990.98376817,6.937269939922961e-09,1.0000000000000001e-11,7.331440880136948e-11,1,rain
3730.0,34.23928754067932,74.7857717840639,6.335381346011616,5e-15,-0.27875994390694814,16.677939808415175,-12.149601822612624,19088836.544803828,1000000000.0,426846420.20167375,5.238663957611445e-09,1.0000000000000001e-11,7.408467098480727e-11,1,rain
3740.0,34.23928754067932,74.7857717840639,6.335381346011616,5e-15,-1.9777642238333328,16.642527992792225,-12.196292961983687,14171622.556955898,1000000000.0,422413021.46959966,7.056355022023693e-09,1.0000000000000001e-11,7.486222013626923e-11,1,rain
3750.0,34.23928754067932,74.7857717840639,6.335381346011616,5e-15,3.1913327104984717,16.60717942915072,-12.2429220040637,32506631.676728267,1000000000.0,418030155.43758315,3.07629535395975e-09,1.0000000000000001e-11,7.56471182529449e-11,1,rain
3760.0,34.23928754067932,74.7857717840639,6.335381346011616,5e-15,-2.2555804736557263,16.571893783410033,-12.289489279597746,13469269.43410357,1000000000.0,413697191.4088058,7.4243076426108606e-09,1.0000000000000001e-11,7.643942781916281e-11,1,rain
3770.0,34.23928754067932,74.7857717840639,6.335381346011616,5e-15,-0.2799406755641627,16.536670724143562,-12.335995116695585,19085040.342477195,1000000000.0,409413507.21524,5.239705979422636e-09,1.0000000000000001e-11,7.723921181002663e-11,1,rain
3780.0,34.23928754067932,74.7857717840639,6.335381346011616,5e-15,-3.797214731481148,16.50150992255044,-12.382439840859462,10059581.067208651,1000000000.0,405178489.0951575,9.940771820605067e-09,1.0000000000000001e-11,7.804653369507254e-11,1,rain
3790.0,34.23928754067932,74.7857717840639,6.335381346011616,5e-15,-1.087360447882915,16.466411052428,-12.428823775011608,16613374.737442935,1000000000.0,400991531.57244605,6.019246635942169e-09,1.0000000000000001e-11,7.886145744195246e-11,1,rain
3800.0,34.23928754067932,74.7857717840639,6.335381346011616,5e-15,-2.132865233193428,16.431373790144292,-12.475147239521618,13776077.783047196,1000000000.0,396852037.3376802,7.258960175374426e-09,1.0000000000000001e-11,7.968404752014935e-11,1,rain
3810.0,34.23928754067932,74.7857717840639,6.335381346011616,5e-15,-1.4984219202780196,16.39639781461122,-12.521410552233021,15449589.915183486,1000000000.0,392759417.1310023,6.472663711398735e-09,1.0000000000000001e-11,8.051436890470845e-11,1,rain
3820.0,34.23928754067932,74.7857717840639,6.335381346011616,5e-15,-5.365537486443202,16.36148280725783,-12.567614028490027,7363092.471491515,1000000000.0,388713089.6266759,1.3581250050461931e-08,1.0000000000000001e-11,8.13524870800071e-11,1,rain
3830.0,34.23928754067932,74.7857717840639,6.335381346011616,5e-15,-1.7523778964373378,16.326628452004073,-12.613757981163502,14762006.56911427,1000000000.0,384712481.31939334,6.774146829688078e-09,1.0000000000000001e-11,8.219846804354171e-11,1,rain
3840.0,34.23928754067932,74.7857717840639,6.335381346011616,5e-15,-3.2224425728421977,16.29183443523479,-12.659842720676892,11237042.770337954,1000000000.0,380757026.4122377,8.899138505013673e-09,1.0000000000000001e-11,8.305237830974777e-11,1,rain
3850.0,34.23928754067932,74.7857717840639,6.335381346011616,5e-15,-2.5227069067646966,16.257100445774256,-12.705868555031486,12819983.987539424,1000000000.0,376846166.7063337,7.800321755253088e-09,1.0000000000000001e-11,8.391428491384015e-11,1,rain
3860.0,34.23928754067932,74.7857717840639,6.335381346011616,5e-15,1.4984740316866123,16.222426174860843,-12.751835789831802,25405092.346853368,1000000000.0,372979351.4920889,3.936218716889877e-09,1.0000000000000001e-11,8.478425541569028e-11,1,rain
3870.0,34.23928754067932,74.7857717840639,6.335381346011616,5e-15,-4.489687810980584,16.18781131612188,-12.797744728310192,8779841.582073592,1000000000.0,369156037.44209456,1.1389727145439265e-08,1.0000000000000001e-11,8.566235790372008e-11,1,rain
3880.0,34.23928754067932,74.7857717840639,6.335381346011616,5e-15,-2.200229313758058,16.1532555655494,-12.843595671351295,13606987.162960703,1000000000.0,365375688.5055821,7.349165454657584e-09,1.0000000000000001e-11,8.654866099883016e-11,1,rain
3890.0,34.23928754067932,74.7857717840639,6.335381346011616,5e-15,-2.0505477482155072,16.118758621475592,-12.889388917516527,13984923.162166305,1000000000.0,361637775.8044336,7.150557699918726e-09,1.0000000000000001e-11,8.744323385835874e-11,1,rain
3900.0,34.23928754067932,74.7857717840639,6.335381346011616,5e-15,-1.8093327552342657,16.084320184548844,-12.935124763067563,14611063.314583654,1000000000.0,357941777.5307764,6.844128852702158e-09,1.0000000000000001e-11,8.834614618005806e-11,1,rain
3910.0,34.23928754067932,74.7857717840639,6.335381346011616,5e-15,-4.376693133856463,16.049939957710052,-12.980803501990152,8978690.97852752,1000000000.0,354287178.8460537,1.1137480980150597e-08,1.0000000000000001e-11,8.925746820610927e-11,1,rain
3920.0,34.23928754067932,74.7857717840639,6.335381346011616,5e-15,-2.4817844710289165,16.01561764616929,-13.02642542601717,12917811.793763638,1000000000.0,350673471.7816222,7.74124918341644e-09,1.0000000000000001e-11,9.017727072715813e-11,1,rain
3930.0,34.23928754067932,74.7857717840639,6.335381346011616,5e-15,-1.2067282673228874,15.981352957382654,-13.071990824651778,16268905.596883876,1000000000.0,347100155.14079005,6.146694957720688e-09,1.0000000000000001e-11,9.11056250863876e-11,1,rain
3940.0,34.23928754067932,74.7857717840639,6.335381346011616,5e-15,-5.025558635464591,15.947145601029533,-13.117499985189937,7887477.46591811,1000000000.0,343566734.4023469,1.2678324652222624e-08,1.0000000000000001e-11,9.204260318360955e-11,1,rain
3950.0,34.23928754067932,74.7857717840639,6.335381346011616,5e-15,-4.0233415008679145,15.912995288990032,-13.162953192742862,9625425.964085361,1000000000.0,340072721.62549263,1.0389150607268977e-08,1.0000000000000001e-11,9.298827747939333e-11,1,rain
3960.0,34.23928754067932,74.7857717840639,6.335381346011616,5e-15,-1.213749261036952,15.878901735322884,-13.208350730259156,16248811.209709689,1000000000.0,336617635.3561858,6.154296379555675e-09,1.0000000000000001e-11,9.394272099922135e-11,1,rain
3970.0,34.23928754067932,74.7857717840639,6.335381346011616,5e-15,-0.4244908354984318,15.844864656243331,-13.253692878546417,18624315.664463203,1000000000.0,333201000.5349017,5.3693248010614755e-09,1.0000000000000001e-11,9.490600733766828e-11,1,rain
3980.0,34.23928754067932,74.7857717840639,6.335381346011616,5e-15,-3.126726022663206,15.810883770101512,-13.298979916293092,11443707.819662383,1000000000.0,329822348.40571815,8.7384265288722e-09,1.0000000000000001e-11,9.58782106626209e-11,1,rain
3990.0,34.23928754067932,74.7857717840639,6.335381346011616,5e-15,-1.682321145731862,15.776958797361175,-13.344212120089509,14949307.222063355,1000000000.0,326481216.42678523,6.689273189356373e-09,1.0000000000000001e-11,9.685940571951811e-11,1,rain
4000.0,34.23928754067932,74.7857717840639,6.335381346011616,5e-15,-0.1979767850227745,15.743089460578503,-13.389389764449021,19349829.755532265,1000000000.0,323177148.1821039,5.168004125277084e-09,1.0000000000000001e-11,9.784966783562614e-11,1,rain
10.0,13.988491205739187,88.88859486246116,0.44752107215959114,1e-14,48.55100925169005,72.09294645137135,47.99843609773916,322566326.146961,1000000000.0,1000000000.0,3.1001376118361496e-10,1.0000000000000001e-11,3.1622776601683794e-11,1,fog
20.0,13.988491205739187,88.88859486246116,0.44752107215959114,1e-14,44.67227846338264,65.34432665060665,41.9501696060008,296797177.7217963,1000000000.0,1000000000.0,3.369304275990633e-10,1.0000000000000001e-11,3.1622776601683794e-11,1,fog
30.0,13.988491205739187,88.88859486246116,0.44752107215959114,1e-14,41.93584291048731,61.09497871578617,38.40067784642842,278617557.0873927,1000000000.0,1000000000.0,3.5891492641518446e-10,1.0000000000000001e-11,3.1622776601683794e-11,1,fog
40.0,13.988491205739187,88.88859486246116,0.44752107215959114,1e-14,39.882965041759874,57.868992258317135,35.87423653580369,264979648.2106176,1000000000.0,1000000000.0,3.7738747362407077e-10,1.0000000000000001e-11,3.1622776601683794e-11,1,fog
50.0,13.988491205739187,88.88859486246116,0.44752107215959114,1e-14,33.908430636114886,55.20380582048055,33.908369697183815,225294466.09705186,1000000000.0,1000000000.0,4.438635432657375e-10,1.0000000000000001e-11,3.1622776601683794e-11,1,fog
60.0,13.988491205739187,88.88859486246116,0.44752107215959114,1e-14,33.16891403542648,52.89337106180006,32.29707819777259,220383401.02241048,1000000000.0,1000000000.0,4.537546817776496e-10,1.0000000000000001e-11,3.1622776601683794e-11,1,fog
70.0,13.988491205739187,88.88859486246116,0.44752107215959114,1e-14,31.20310809031855,50.827769825766865,30.93047582670158,207330826.8036036,1000000000.0,1000000000.0,4.823209434973513e-10,1.0000000000000001e-11,3.1622776601683794e-11,1,fog
80.0,13.988491205739187,88.88859486246116,0.44752107215959114,1e-14,31.840742714425872,48.94138745767239,29.74297030868911,211564194.96964464,1000000000.0,1000000000.0,4.726697729469208e-10,1.0000000000000001e-11,3.1622776601683794e-11,1,fog
90.0,13.988491205739187,88.88859486246116,0.44752107215959114,1e-14,29.251661631354537,47.191899065703055,28.692253281282746,194378092.65102872,1000000000.0,1000000000.0,5.144612679142408e-10,1.0000000000000001e-11,3.1622776601683794e-11,1,fog
100.0,13.988491205739187,88.88859486246116,0.44752107215959114,1e-14,31.024257470061954,45.55040410277347,27.7494368916105,206143487.83722362,1000000000.0,1000000000.0,4.850990009393975e-10,1.0000000000000001e-11,3.1622776601683794e-11,1,fog
110.0,13.988491205739187,88.88859486246116,0.44752107215959114,1e-14,27.546654986182133,43.99628799325592,26.893916609987258,183066731.67394468,1000000000.0,1000000000.0,5.462488956109588e-10,1.0000000000000001e-11,3.1622776601683794e-11,1,fog
120.0,13.988491205739187,88.88859486246116,0.44752107215959114,1e-14,28.11757626466165,42.51432897257663,26.110478813740528,186853607.7186576,1000000000.0,1000000000.0,5.351783207235064e-10,1.0000000000000001e-11,3.1622776601683794e-11,1,fog
130.0,13.988491205739187,88.88859486246116,0.44752107215959114,1e-14,26.809680550551192,41.09296691999673,25.387570110097556,178179749.58029467,1000000000.0,1000000000.0,5.612310054063475e-10,1.0000000000000001e-11,3.1622776601683794e-11,1,fog
140.0,13.988491205739187,88.88859486246116,0.44752107215959114,1e-14,28.454080359228257,39.72321555087469,24.716209864210796,189085978.99260893,1000000000.0,1000000000.0,5.288599426185314e-10,1.0000000000000001e-11,3.1622776601683794e-11,1,fog
150.0,13.988491205739187,88.88859486246116,0.44752107215959114,1e-14,28.022112333132483,38.39795079806922,24.089278818203198,186220346.74523294,1000000000.0,1000000000.0,5.369982482999533e-10,1.0000000000000001e-11,3.1622776601683794e-11,1,fog
160.0,13.988491205739187,88.88859486246116,0.44752107215959114,1e-14,27.77495084587551,37.11142931565362,23.501037767739575,184580901.4940565,1000000000.0,1000000000.0,5.41767860003761e-10,1.0000000000000001e-11,3.1622776601683794e-11,1,fog
170.0,13.988491205739187,88.88859486246116,0.44752107215959114,1e-14,28.5465482516111,35.85895320302743,22.946792414833865,189699455.85905653,1000000000.0,1000000000.0,5.27149640715355e-10,1.0000000000000001e-11,3.1622776601683794e-11,1,fog
180.0,13.988491205739187,88.88859486246116,0.44752107215959114,1e-14,24.093324499501804,34.63663070118222,22.422654161874476,160184792.02114642,1000000000.0,1000000000.0,6.242789888992629e-10,1.0000000000000001e-11,3.1622776601683794e-11,1,fog
190.0,13.988491205739187,88.88859486246116,0.44752107215959114,1e-14,25.138659753002813,33.44120167193152,21.92536566642528,167105881.99164924,1000000000.0,1000000000.0,5.984229807362334e-10,1.0000000000000001e-11,3.1622776601683794e-11,1,fog
200.0,13.988491205739187,88.88859486246116,0.44752107215959114,1e-14,22.56718212311371,32.26990789110457,21.45217119374348,150092438.660015,1000000000.0,1000000000.0,6.662560812041777e-10,1.0000000000000001e-11,3.1622776601683794e-11,1,fog
210.0,13.988491205739187,88.88859486246116,0.44752107215959114,1e-14,22.287000175071597,31.12039501844255,21.00071863388601,148241536.50252855,1000000000.0,1000000000.0,6.745747673648425e-10,1.0000000000000001e-11,3.1622776601683794e-11,1,fog
220.0,13.988491205739187,88.88859486246116,0.44752107215959114,1e-14,24.15752579537333,29.990637391521275,20.56898433366152,160609692.7768092,1000000000.0,1000000000.0,6.226274284638894e-10,1.0000000000000001e-11,3.1622776601683794e-11,1,fog
230.0,13.988491205739187,88.88859486246116,0.44752107215959114,1e-14,21.007918742650958,28.878879549444157,20.15521465129504,139801465.93072534,1000000000.0,1000000000.0,7.153000816854967e-10,1.0000000000000001e-11,3.1622776601683794e-11,1,fog
240.0,13.988491205739187,88.88859486246116,0.44752107215959114,1e-14,23.339798083671496,27.783590209896822,19.75787995895604,155199681.7570992,1000000000.0,1000000000.0,6.443312181303862e-10,1.0000000000000001e-11,3.1622776601683794e-11,1,fog
250.0,13.988491205739187,88.88859486246116,0.44752107215959114,1e-14,20.22758843959346,26.703425646537212,19.375638041288653,134661705.3977586,1000000000.0,1000000000.0,7.426016156903986e-10,1.0000000000000001e-11,3.1622776601683794e-11,1,fog
260.0,13.988491205739187,88.88859486246116,0.44752107215959114,1e-14,24.60925438091978,25.63720025274972,19.007304676854346,163600008.87285024,1000000000.0,1000000000.0,6.112469106142892e-10,1.0000000000000001e-11,3.1622776601683794e-11,1,fog
270.0,13.988491205739187,88.88859486246116,0.44752107215959114,1e-14,21.37713031830559,24.583862663234797,18.651829774632205,142235949.79178494,1000000000.0,1000000000.0,7.030571395374172e-10,1.0000000000000001e-11,3.1622776601683794e-11,1,fog
280.0,13.988491205739187,88.88859486246116,0.44752107215959114,1e-14,20.136143981357534,23.54247621984156,18.308277852508837,134059932.60408634,1000000000.0,1000000000.0,7.459350311276515e-10,1.0000000000000001e-11,3.1622776601683794e-11,1,fog
290.0,13.988491205739187,88.88859486246116,0.44752107215959114,1e-14,21.21181975502205,22.512202866393494,17.975811942915357,141145742.7683103,1000000000.0,1000000000.0,7.084875394658503e-10,1.0000000000000001e-11,3.1622776601683794e-11,1,fog
300.0,13.988491205739187,88.88859486246116,0.44752107215959114,1e-14,24.181008866689226,21.49228977461337,17.653680228042504,160765115.8265291,1000000000.0,1000000000.0,6.220254903302737e-10,1.0000000000000001e-11,3.1622776601683794e-11,1,fog
310.0,13.988491205739187,88.88859486246116,0.44752107215959114,1e-14,18.673294478655478,20.482058163548302,17.341204867291538,124451678.37211317,1000000000.0,1000000000.0,8.035247198595256e-10,1.0000000000000001e-11,3.1622776601683794e-11,1,fog
320.0,13.988491205739187,88.88859486246116,0.44752107215959114,1e-14,19.58629049185525,19.48089389444624,17.03777259912013,130444141.55308455,1000000000.0,1000000000.0,7.666116608180887e-10,1.0000000000000001e-11,3.1622776601683794e-11,1,fog
330.0,13.988491205739187,88.88859486246116,0.44752107215959114,1e-14,20.537069276449074,18.488239513134957,16.742826789501777,136699189.85268566,1000000000.0,1000000000.0,7.315332307950423e-10,1.0000000000000001e-11,3.1622776601683794e-11,1,fog
340.0,13.988491205739187,88.88859486246116,0.44752107215959114,1e-14,19.132894183975225,17.503587480523777,16.455860667755672,127466366.02843173,1000000000.0,1000000000.0,7.845206787937669e-10,1.0000000000000001e-11,3.1622776601683794e-11,1,fog
350.0,13.988491205739187,88.88859486246116,0.44752107215959114,1e-14,19.197818041073262,16.52647438450434,16.17641154313654,127892545.90590279,1000000000.0,1000000000.0,7.819063987792941e-10,1.0000000000000001e-11,3.1622776601683794e-11,1,fog
360.0,13.988491205739187,88.88859486246116,0.44752107215959114,1e-14,17.810936193584,15.556475967311812,15.904055836337562,118807039.4682342,1000000000.0,1000000000.0,8.41700966942597e-10,1.0000000000000001e-11,3.1622776601683794e-11,1,fog
370.0,13.988491205739187,88.88859486246116,0.44752107215959114,1e-14,19.297062657428782,14.593202834246668,15.638404791884682,128544163.64280878,1000000000.0,1000000000.0,7.779427487495607e-10,1.0000000000000001e-11,3.1622776601683794e-11,1,fog
380.0,13.988491205739187,88.88859486246116,0.44752107215959114,1e-14,20.123117939552614,13.63629673470038,15.37910076242963,133974221.36274642,1000000000.0,1000000000.0,7.464122499300939e-10,1.0000000000000001e-11,3.1622776601683794e-11,1,fog
390.0,13.988491205739187,88.88859486246116,0.44752107215959114,1e-14,19.10957505738608,12.685427326266222,15.125813975777135,127313310.91208285,1000000000.0,1000000000.0,7.854638237242589e-10,1.0000000000000001e-11,3.1622776601683794e-11,1,fog
400.0,13.988491205739187,88.88859486246116,0.44752107215959114,1e-14,18.28634034366135,11.740289348532414,14.878239711289098,121916795.27592531,1000000000.0,1000000000.0,8.202315339217814e-10,1.0000000000000001e-11,3.1622776601683794e-11,1,fog
410.0,13.988491205739187,88.88859486246116,0.44752107215959114,1e-14,17.186952624790777,10.800600145847199,14.636095824994896,114733892.07266974,1000000000.0,1000000000.0,8.715820425290059e-10,1.0000000000000001e-11,3.1622776601683794e-11,1,fog
420.0,13.988491205739187,88.88859486246116,0.44752107215959114,1e-14,16.60574734682993,9.866097488589446,14.399120572972862,110949828.8082184,1000000000.0,1000000000.0,9.013082856833816e-10,1.0000000000000001e-11,3.1622776601683794e-11,1,fog
430.0,13.988491205739187,88.88859486246116,0.44752107215959114,1e-14,18.640012366148653,8.936537650792289,14.167070690880394,124233529.08140646,1000000000.0,1000000000.0,8.049356783101045e-10,1.0000000000000001e-11,3.1622776601683794e-11,1,fog
440.0,13.988491205739187,88.88859486246116,0.44752107215959114,1e-14,15.346093092173433,8.011693708753526,13.939719694289664,102787717.59998311,1000000000.0,1000000000.0,9.72878884120844e-10,1.0000000000000001e-11,3.1622776601683794e-11,1,fog
450.0,13.988491205739187,88.88859486246116,0.44752107215959114,1e-14,15.706008853953236,7.091354030830743,13.716856370047793,105113763.70555644,1000000000.0,1000000000.0,9.513501988200038e-10,1.0000000000000001e-11,3.1622776601683794e-11,1,fog
460.0,13.988491205739187,88.88859486246116,0.44752107215959114,1e-14,12.78641537525371,6.175320933205342,13.49828343346445,86431488.8770648,1000000000.0,1000000000.0,1.1569857386378509e-09,1.0000000000000001e-11,3.1622776601683794e-11,1,fog
470.0,13.988491205739187,88.88859486246116,0.44752107215959114,1e-14,18.377402601806764,5.2634094801966995,13.283816329922843,122513044.97255877,1000000000.0,1000000000.0,8.162396096056435e-10,1.0000000000000001e-11,3.1622776601683794e-11,1,fog
480.0,13.988491205739187,88.88859486246116,0.44752107215959114,1e-14,16.4711407530813,4.355446410864829,13.073282162666715,110074936.48484094,1000000000.0,1000000000.0,9.084720209106965e-10,1.0000000000000001e-11,3.1622776601683794e-11,1,fog
490.0,13.988491205739187,88.88859486246116,0.44752107215959114,1e-14,16.377884451394806,3.4512691762755736,12.866518731149426,109469154.82884258,1000000000.0,1000000000.0,9.134993337287768e-10,1.0000000000000001e-11,3.1622776601683794e-11,1,fog
500.0,13.988491205739187,88.88859486246116,0.44752107215959114,1e-14,14.155675581376258,2.5507250740139398,12.663373666540565,95135767.30952807,1000000000.0,1000000000.0,1.0511293788659523e-09,1.0000000000000001e-11,3.1622776601683794e-11,1,fog
510.0,13.988491205739187,88.88859486246116,0.44752107215959114,1e-14,16.88334552853979,1.6536704683892651,12.463703652843492,112755925.35316768,1000000000.0,1000000000.0,8.868713523194963e-10,1.0000000000000001e-11,3.1622776601683794e-11,1,fog
520.0,13.988491205739187,88.88859486246116,0.44752107215959114,1e-14,15.12013333825766,0.7599700863481615,12.267373723647523,101330161.28817146,1000000000.0,1000000000.0,9.868729974248375e-10,1.0000000000000001e-11,3.1622776601683794e-11,1,fog
530.0,13.988491205739187,88.88859486246116,0.44752107215959114,1e-14,15.956639650087709,-0.13050361955794187,12.07425662586897,106736536.56826904,978486651.8401943,1000000000.0,9.3688631105282e-10,1.0219863481217108e-11,3.1622776601683794e-11,2,fog
540.0,13.988491205739187,88.88859486246116,0.44752107215959114,1e-14,14.39386611176839,-1.0178710486713385,11.884232242966647,96661256.79087973,840818759.4875057,1000000000.0,1.0345406558942579e-09,1.1893169469833406e-11,3.1622776601683794e-11,2,fog
550.0,13.988491205739187,88.88859486246116,0.44752107215959114,1e-14,15.184273966245613,-1.902245976747139,11.697187071082425,101743676.14410706,718368563.6674633,1000000000.0,9.828620685806815e-10,1.392043096784098e-11,3.1622776601683794e-11,2,fog
560.0,13.988491205739187,88.88859486246116,0.44752107215959114,1e-14,15.021666780290175,-2.783736033221018,11.513013742384544,100695702.5013727,610488890.8766952,1000000000.0,9.930910407883275e-10,1.6380314448702675e-11,3.1622776601683794e-11,2,fog
570.0,13.988491205739187,88.88859486246116,0.44752107215959114,1e-14,13.069717120011816,-3.662443136243411,11.331610590599979,88222431.4560408,516302128.61863077,1000000000.0,1.1334985711635901e-09,1.9368504303391227e-11,3.1622776601683794e-11,2,fog
580.0,13.988491205739187,88.88859486246116,0.44752107215959114,1e-14,16.399936108811687,-4.538463889887353,11.1528812543323,109612373.52664952,434758779.1151973,1000000000.0,9.123057624118275e-10,2.3001260653900028e-11,3.1622776601683794e-11,2,fog
590.0,13.988491205739187,88.88859486246116,0.44752107215959114,1e-14,12.172690543702544,-5.411889947409733,10.976734314289445,82572199.38403307,364700897.7078387,1000000000.0,1.2110613589800654e-09,2.7419729599928167e-11,3.1622776601683794e-11,2,fog
600.0,13.988491205739187,88.88859486246116,0.44752107215959114,1e-14,11.907490640375784,-6.282808343989046,10.803082961000712,80913931.77669819,304922985.7492443,1000000000.0,1.2358811122412701e-09,3.279516621362083e-11,3.1622776601683794e-11,2,fog
610.0,13.988491205739187,88.88859486246116,0.44752107215959114,1e-14,14.67525295589364,-7.151301801967236,10.631844689999525,98467171.74480899,254224823.3471844,1000000000.0,1.0155668963374265e-09,3.933526186915041e-11,3.1622776601683794e-11,2,fog
620.0,13.988491205739187,88.88859486246116,0.44752107215959114,1e-14,15.911688595246247,-8.01744901127718,10.462941021791039,106445315.14440809,211453124.63578135,1000000000.0,9.394495179457725e-10,4.729180529833531e-11,3.1622776601683794e-11,2,fog
630.0,13.988491205739187,88.88859486246116,0.44752107215959114,1e-14,14.077508879194937,-8.881324887439249,10.296297244225741,94635815.43972811,175531126.90870592,1000000000.0,1.0566823938204267e-09,5.696995271500205e-11,3.1622776601683794e-11,2,fog
640.0,13.988491205739187,88.88859486246116,0.44752107215959114,1e-14,16.62436334307644,-9.743000809245473,10.131842175160898,111070871.83937204,145476894.5087536,1000000000.0,9.003260561834569e-10,6.873943820266443e-11,3.1622776601683794e-11,2,fog
650.0,13.988491205739187,88.88859486246116,0.44752107215959114,1e-14,12.618552531361217,-10.602544838020762,9.969507943522814,85373044.77119541,120412112.95021223,1000000000.0,1.1713299000639565e-09,8.304812327423224e-11,3.1622776601683794e-11,2,fog
660.0,13.988491205739187,88.88859486246116,0.44752107215959114,1e-14,11.517682845618722,-11.460021920149387,9.80922978708378,78487710.77608326,99563546.89324404,1000000000.0,1.2740848090892716e-09,1.0043836637039853e-10,3.1622776601683794e-11,2,fog
670.0,13.988491205739187,88.88859486246116,0.44752107215959114,1e-14,12.082037928711983,-12.315494074375962,9.650945865445891,82004689.58715601,82259306.61354698,1000000000.0,1.2194424551015252e-09,1.2156679179147295e-10,3.1622776601683794e-11,2,fog
680.0,13.988491205739187,88.88859486246116,0.44752107215959114,1e-14,12.976795282423893,-13.169020565234462,9.49459708687894,87634387.2615287,67921790.51122586,1000000000.0,1.1411045723588894e-09,1.4722815645366766e-10,3.1622776601683794e-11,2,fog
690.0,13.988491205739187,88.88859486246116,0.44752107215959114,1e-14,14.255640711765139,-14.02065806382032,9.340126947799831,95775625.69838923,56058790.35755146,1000000000.0,1.0441069872507429e-09,1.7838415592306727e-10,3.1622776601683794e-11,2,fog
700.0,13.988491205739187,88.88859486246116,0.44752107215959114,1e-14,11.794993469078591,-14.870460796998088,9.187481383801071,80212328.61521745,46253857.68687473,1000000000.0,1.2466911474382573e-09,2.1619818324553844e-10,3.1622776601683794e-11,2,fog
710.0,13.988491205739187,88.88859486246116,0.44752107215959114,1e-14,15.014595755967065,-15.718480686028812,9.036608631245969,100650157.87987122,38156686.93300006,1000000000.0,9.935404186782579e-10,2.620772609938374e-10,3.1622776601683794e-11,2,fog
720.0,13.988491205739187,88.88859486246116,0.44752107215959114,1e-14,10.43084856771226,-16.564767475505263,8.88745909854336,71802323.38852344,31473994.941804674,1000000000.0,1.3927125931412903e-09,3.177226157178322e-10,3.1622776601683794e-11,2,fog
730.0,13.988491205739187,88.88859486246116,0.44752107215959114,1e-14,12.420793369189823,-17.40936885339633,8.739985246300876,84128818.47493562,25961169.2577812,1000000000.0,1.1886533272756335e-09,3.8519066305161717e-10,3.1622776601683794e-11,2,fog
740.0,13.988491205739187,88.88859486246116,0.44752107215959114,1e-14,7.172019082462853,-18.25233056292707,8.594141475631744,52712166.379284605,21414810.978955675,1000000000.0,1.897095241361567e-09,4.669665312398506e-10,3.1622776601683794e-11,2,fog
750.0,13.988491205739187,88.88859486246116,0.44752107215959114,1e-14,11.46444353369644,-19.093696506951744,8.449884023958504,78157427.03463191,17666200.162957348,1000000000.0,1.2794689358912692e-09,5.660526829628079e-10,3.1622776601683794e-11,2,fog
760.0,13.988491205739187,88.88859486246116,0.44752107215959114,1e-14,14.15901959395542,-19.933508845415517,8.307170867717929,95157162.97928026,14575650.742634378,1000000000.0,1.0508930370462414e-09,6.860757146677224e-10,3.1622776601683794e-11,2,fog
770.0,13.988491205739187,88.88859486246116,0.44752107215959114,1e-14,12.1120042259558,-20.771808086448132,8.165961631425404,82192210.93032677,12027687.206623996,1000000000.0,1.2166602999007856e-09,8.314150366741089e-10,3.1622776601683794e-11,2,fog
780.0,13.988491205739187,88.88859486246116,0.44752107215959114,1e-14,9.794174668706347,-21.6086331715817,8.026217502606698,67948187.1950811,9926958.55935091,1000000000.0,1.4717096088656093e-09,1.0073578871325385e-09,3.1622776601683794e-11,2,fog
790.0,13.988491205739187,88.88859486246116,0.44752107215959114,1e-14,7.458062288042669,-22.444021555541653,7.887901152148743,54315109.34766474,8194800.009057276,1000000000.0,1.8411083251238905e-09,1.2202860336978977e-09,3.1622776601683794e-11,2,fog
800.0,13.988491205739187,88.88859486246116,0.44752107215959114,1e-14,13.57913345275405,-23.27800928102087,7.750976659659955,91456424.84898865,6766354.928255439,1000000000.0,1.0934168940576714e-09,1.4779005987760515e-09,3.1622776601683794e-11,2,fog
810.0,13.988491205739187,88.88859486246116,0.44752107215959114,1e-14,9.663410327438854,-24.110631048810447,7.615409443467087,67162989.7405845,5588175.775076121,1000000000.0,1.4889152550571037e-09,1.7894927436966282e-09,3.1622776601683794e-11,2,fog
820.0,13.988491205739187,88.88859486246116,0.44752107215959114,1e-14,9.31257755156193,-24.94192028362886,7.4811661949070185,65067883.87042816,4616230.789672151,1000000000.0,1.5368564958887142e-09,2.1662695076625943e-09,3.1622776601683794e-11,2,fog
830.0,13.988491205739187,88.88859486246116,0.44752107215959114,1e-14,14.568401787963012,-25.771909195962834,7.348214816601143,97780943.29046041,3814252.0711804735,1000000000.0,1.022694163452155e-09,2.6217459710010982e-09,3.1622776601683794e-11,2,fog
840.0,13.988491205739187,88.88859486246116,0.44752107215959114,1e-14,12.284863734705198,-26.6006288402059,7.2165243644262205,83275370.47240171,3152369.30211207,1000000000.0,1.2008352461564973e-09,3.172217161644118e-09,3.1622776601683794e-11,2,fog
850.0,13.988491205739187,88.88859486246116,0.44752107215959114,1e-14,9.7427822681681,-27.42810916935761,7.086064992919262,67639321.44221708,2605981.472233355,1000000000.0,1.4784299704341061e-09,3.8373258238977e-09,3.1622776601683794e-11,2,fog
860.0,13.988491205739187,88.88859486246116,0.44752107215959114,1e-14,11.695866335348626,-28.254379086525176,6.956807903875017,79595042.36593258,2154826.244061452,1000000000.0,1.2563596554199577e-09,4.6407454093151546e-09,3.1622776601683794e-11,2,fog
870.0,13.988491205739187,88.88859486246116,0.44752107215959114,1e-14,9.27050166585947,-29.079466493448635,6.82872529791527,64817779.79385097,1782213.0204676522,1000000000.0,1.5427865674826251e-09,5.611001538624156e-09,3.1622776601683794e-11,2,fog
880.0,13.988491205739187,88.88859486246116,0.44752107215959114,1e-14,8.251176396658977,-29.903398336254057,6.7017903288255525,58841843.07477962,1474391.3300871886,1000000000.0,1.6994708998648157e-09,6.782459850336103e-09,3.1622776601683794e-11,2,fog
890.0,13.988491205739187,88.88859486246116,0.44752107215959114,1e-14,12.291247400336204,-30.726200648622637,6.575977060471928,83315417.96293527,1220030.894143314,1000000000.0,1.200258036807632e-09,8.196513750597962e-09,3.1622776601683794e-11,2,fog
900.0,13.988491205739187,88.88859486246116,0.44752107215959114,1e-14,10.70003814265337,-31.54789859254855,6.451260426124946,73446421.89942923,1009793.7578506568,1000000000.0,1.3615367149802178e-09,9.903012295584965e-09,3.1622776601683794e-11,2,fog
910.0,13.988491205739187,88.88859486246116,0.44752107215959114,1e-14,8.526644561285295,-32.36851649684613,6.327616190030852,60440340.96339776,835982.2479831888,1000000000.0,1.6545240878200751e-09,1.1961976494267728e-08,3.1622776601683794e-11,2,fog
920.0,13.988491205739187,88.88859486246116,0.44752107215959114,1e-14,9.279982140167604,-33.18807789355277,6.2050209110828405,64874110.574081965,692249.3418641499,1000000000.0,1.5414469518746863e-09,1.4445661982243452e-08,3.1622776601683794e-11,2,fog
930.0,13.988491205739187,88.88859486246116,0.44752107215959114,1e-14,9.774073484352314,-34.0066055523656,6.08345190845651,67827338.57395652,573360.3829427781,1000000000.0,1.4743317680224701e-09,1.7441037604786883e-08,3.1622776601683794e-11,2,fog
940.0,13.988491205739187,88.88859486246116,0.44752107215959114,1e-14,10.678152301800509,-34.82412151323619,5.962887229082497,73312447.28744277,474997.02711283165,1000000000.0,1.3640248511677823e-09,2.1052763342084206e-08,3.1622776601683794e-11,2,fog
950.0,13.988491205739187,88.88859486246116,0.44752107215959114,1e-14,13.770807330594693,-35.64064711724221,5.84330561684078,92677485.61112663,393595.91627737624,1000000000.0,1.0790107148525645e-09,2.5406767668170538e-08,3.1622776601683794e-11,2,fog
960.0,13.988491205739187,88.88859486246116,0.44752107215959114,1e-14,11.262074156218603,-36.456203035842535,5.724686483367634,76904461.62972656,326215.90676801064,1000000000.0,1.3003146746085031e-09,3.065454440611177e-08,3.1622776601683794e-11,2,fog
970.0,13.988491205739187,88.88859486246116,0.44752107215959114,1e-14,8.349032223928987,-37.27080929861742,5.6070098803753865,59408211.7493809,270428.7774880041,1000000000.0,1.6832689800840894e-09,3.6978313080765186e-08,3.1622776601683794e-11,2,fog
980.0,13.988491205739187,88.88859486246116,0.44752107215959114,1e-14,6.925228220622586,-38.084485319586406,5.490256473391639,51342741.791038975,224229.24607170865,1000000000.0,1.947694971316342e-09,4.459721546225952e-08,3.1622776601683794e-11,2,fog
990.0,13.988491205739187,88.88859486246116,0.44752107215959114,1e-14,5.7442098422106085,-38.89724992219101,5.374407516831809,44978993.41256616,185960.86452574117,1000000000.0,2.2232600690450793e-09,5.377475537932754e-08,3.1622776601683794e-11,2,fog
1000.0,13.988491205739187,88.88859486246116,0.44752107215959114,1e-14,12.333120070892932,-39.70912136302201,5.259444830324043,83578184.42184491,154254.97679371215,1000000000.0,1.1964844736907555e-09,6.482773008596781e-08,3.1622776601683794e-11,2,fog
1010.0,13.988491205739187,88.88859486246116,0.44752107215959114,1e-14,11.141068481129082,-40.52011735436716,5.145350776212439,76157185.11539581,127980.42274667457,1000000000.0,1.3130737414792417e-09,7.813695083500448e-08,3.1622776601683794e-11,2,fog
1020.0,13.988491205739187,88.88859486246116,0.44752107215959114,1e-14,8.247495653308704,-41.33025508564802,5.032108238168206,58820571.90086725,106202.08554305679,1000000000.0,1.7000854763624902e-09,9.416010946362977e-08,3.1622776601683794e-11,2,fog
1030.0,13.988491205739187,88.88859486246116,0.44752107215959114,1e-14,5.825005050581623,-42.139551243812036,4.919700600844379,45403682.889060885,88146.71808475626,1000000000.0,2.202464505893486e-09,1.1344721865180095e-07,3.1622776601683794e-11,2,fog
1040.0,13.988491205739187,88.88859486246116,0.44752107215959114,1e-14,8.84375599439852,-42.9480220327394,4.808111730513502,62295969.36665913,73174.76253328065,1000000000.0,1.605240291092093e-09,1.3665913839422295e-07,3.1622776601683794e-11,2,fog
1050.0,13.988491205739187,88.88859486246116,0.44752107215959114,1e-14,8.525573971471772,-43.755683191722056,4.697325956631602,60434103.853202924,60757.1053916518,1000000000.0,1.6546948432114485e-09,1.6458980288047147e-07,3.1622776601683794e-11,2,fog
1060.0,13.988491205739187,88.88859486246116,0.44752107215959114,1e-14,7.440488427648376,-44.56255001306684,4.587328054276213,54216154.77550224,50455.89837475995,1000000000.0,1.8444686904499055e-09,1.9819288372838484e-07,3.1622776601683794e-11,2,fog
1070.0,13.988491205739187,88.88859486246116,0.44752107215959114,1e-14,10.765164399251475,-45.368637358872945,4.478103227408695,73845406.02587947,41908.72951393604,1000000000.0,1.35418038008965e-09,2.386137713068746e-07,3.1622776601683794e-11,2,fog
1080.0,13.988491205739187,88.88859486246116,0.44752107215959114,1e-14,5.341635811640032,-46.17395967702885,4.369637092915156,42887994.85754611,34815.55566194541,1000000000.0,2.331654821638393e-09,2.872279304428952e-07,3.1622776601683794e-11,2,fog
1090.0,13.988491205739187,88.88859486246116,0.44752107215959114,1e-14,8.635229165672413,-46.97853101647286,4.261915665382958,61073917.135134995,28927.911704474503,1000000000.0,1.6373601807582661e-09,3.456868958312405e-07,3.1622776601683794e-11,2,fog
1100.0,13.988491205739187,88.88859486246116,0.44752107215959114,1e-14,9.09890700588005,-47.78236504175666,4.15492534257217,63800474.349669755,24039.997401757842,1000000000.0,1.5673864656856996e-09,4.1597342266221646e-07,3.1622776601683794e-11,2,fog
1110.0,13.988491205739187,88.88859486246116,0.44752107215959114,1e-14,12.001148384578883,-48.58547504695048,4.048652891544776,81498881.6264045,19981.31317701716,1000000000.0,1.227010702532161e-09,5.004676074794807e-07,3.1622776601683794e-11,2,fog
1120.0,13.988491205739187,88.88859486246116,0.44752107215959114,1e-14,5.405105338982381,-49.387873968924595,3.9430854354155542,43214835.25025331,16610.57406119175,1000000000.0,2.3140201604589902e-09,6.020261529289094e-07,3.1622776601683794e-11,2,fog
1130.0,13.988491205739187,88.88859486246116,0.44752107215959114,1e-14,6.992841012369951,-50.189574400041124,3.838210440692052,51716641.1843477,13810.678653651179,1000000000.0,1.9336135856840122e-09,7.240773788735041e-07,3.1622776601683794e-11,2,fog
1140.0,13.988491205739187,88.88859486246116,0.44752107215959114,1e-14,9.789001946892654,-50.99058860028683,3.7340157051722827,67917083.63258813,11484.549139337096,1000000000.0,1.472383598520973e-09,8.707350962301001e-07,3.1622776601683794e-11,2,fog
1150.0,13.988491205739187,88.88859486246116,0.44752107215959114,1e-14,3.8062885111215934,-51.79092850887608,3.6304893463707515,35330282.662036836,9551.69069077017,1000000000.0,2.8304330581383147e-09,1.0469350739825603e-06,3.1622776601683794e-11,2,fog
1160.0,13.988491205739187,88.88859486246116,0.44752107215959114,1e-14,6.0339864550508935,-52.59060575535224,3.5276197904458684,46509734.422168404,7945.3451424933655,1000000000.0,2.1500875298986012e-09,1.2585985656580117e-06,3.1622776601683794e-11,2,fog
1170.0,13.988491205739187,88.88859486246116,0.44752107215959114,1e-14,5.723668782723138,-53.389631670212225,3.4253957616022888,44871285.7952741,6610.135726751426,1000000000.0,2.22859671229952e-09,1.5128282403536266e-06,3.1622776601683794e-11,2,fog
1180.0,13.988491205739187,88.88859486246116,0.44752107215959114,1e-14,5.318171404061445,-54.18801729507962,3.323806271944278,42767436.023120314,5500.117678549173,1000000000.0,2.3382276165898617e-09,1.8181429170144247e-06,3.1622776601683794e-11,2,fog
1190.0,13.988491205739187,88.88859486246116,0.44752107215959114,1e-14,13.86279629487423,-54.98577339244841,3.222840611757391,93264279.45620786,4577.164392829547,1000000000.0,1.072221868683979e-09,2.1847587593020933e-06,3.1622776601683794e-11,2,fog
1200.0,13.988491205739187,88.88859486246116,0.44752107215959114,1e-14,11.248222299523064,-55.78291045501942,3.1224883401967816,76818844.64963448,3809.631070318656,1000000000.0,1.3017639155612557e-09,2.6249260926894825e-06,3.1622776601683794e-11,2,fog
1210.0,13.988491205739187,88.88859486246116,0.44752107215959114,1e-14,6.408365201418917,-56.57943871464934,3.022739276361534,48517641.29077431,3171.2478820271913,1000000000.0,2.0611059676352223e-09,3.1533328115642574e-06,3.1622776601683794e-11,2,fog
1220.0,13.988491205739187,88.88859486246116,0.44752107215959114,1e-14,2.433107002124899,-57.37536815093185,2.92358349073686,29200161.14549352,2640.2030381558566,1000000000.0,3.4246386347574343e-09,3.7875874906139245e-06,3.1622776601683794e-11,2,fog
1230.0,13.988491205739187,88.88859486246116,0.44752107215959114,1e-14,1.938675777165571,-58.1707084994284,2.82501129698511,27152966.515586164,2198.3830055680196,1000000000.0,3.682838850870997e-09,4.548797900398704e-06,3.1622776601683794e-11,2,fog
1240.0,13.988491205739187,88.88859486246116,0.44752107215959114,1e-14,9.872078643075639,-58.965469259566134,2.7270132440696386,68417046.89172138,1830.7428111988622,1000000000.0,1.4616240329440503e-09,5.462263699100093e-06,3.1622776601683794e-11,2,fog
1250.0,13.988491205739187,88.88859486246116,0.44752107215959114,1e-14,8.972684055016316,-59.759659702218556,2.629580108694455,63054954.72719631,1524.7840461050077,1000000000.0,1.5859181952099456e-09,6.558305765032465e-06,3.1622776601683794e-11,2,fog
1260.0,13.988491205739187,88.88859486246116,0.44752107215959114,1e-14,8.63793000406993,-60.55328887698474,2.5327028880456055,61089700.658202924,1270.1220630137916,1000000000.0,1.636937141982416e-09,7.873259028562687e-06,3.1622776601683794e-11,2,fog
1270.0,13.988491205739187,88.88859486246116,0.44752107215959114,1e-14,5.020854844666985,-61.34636561918029,2.436372792818986,41252792.78779136,1058.1270521644583,1000000000.0,2.4240783045746835e-09,9.450660938631556e-06,3.1622776601683794e-11,2,fog
1280.0,13.988491205739187,88.88859486246116,0.44752107215959114,1e-14,8.016939094878609,-62.13889855655478,2.340581240521999,57492914.81555579,881.6263271307112,1000000000.0,1.7393447578855946e-09,1.1342673979060276e-05,3.1622776601683794e-11,2,fog
1290.0,13.988491205739187,88.88859486246116,0.44752107215959114,1e-14,7.589276517641423,-62.930896115748,2.2453198490356385,55055863.51452604,734.6573313194882,1000000000.0,1.8163369642475198e-09,1.3611788208850249e-05,3.1622776601683794e-11,2,fog
1300.0,13.988491205739187,88.88859486246116,0.44752107215959114,1e-14,3.8828738407457735,-63.72236652849648,2.1505804304251797,35690481.432783365,612.2626881426602,1000000000.0,2.801867500395928e-09,1.633285874456219e-05,3.1622776601683794e-11,2,fog
1310.0,13.988491205739187,88.88859486246116,0.44752107215959114,1e-14,11.84471901381744,-64.51331783760304,2.056354984987877,80522310.97794634,510.3201047531711,1000000000.0,1.24189182830816e-09,1.9595543869150024e-05,3.1622776601683794e-11,2,fog
1320.0,13.988491205739187,88.88859486246116,0.44752107215959114,1e-14,8.836627340096129,-65.30375790267891,1.9626356955274389,62254078.97292552,425.4011743847464,1000000000.0,1.6063204475885074e-09,2.350722236360279e-05,3.1622776601683794e-11,2,fog
1330.0,13.988491205739187,88.88859486246116,0.44752107215959114,1e-14,3.70186929664915,-66.09369440566951,1.869414921843969,34842177.46281217,354.65414896786314,1000000000.0,2.87008468706447e-09,2.8196483895938143e-05,3.1622776601683794e-11,2,fog
1340.0,13.988491205739187,88.88859486246116,0.44752107215959114,1e-14,7.461723889804702,-66.88313485617357,1.7766851954308152,54335734.7090319,295.7065939088406,1000000000.0,1.8404094567875164e-09,3.381730474053198e-05,3.1622776601683794e-11,2,fog
1350.0,13.988491205739187,88.88859486246116,0.44752107215959114,1e-14,6.887735523411777,-67.6720865965641,1.6844392143680977,51135828.961176716,246.58453875885186,1000000000.0,1.955576002804646e-09,4.05540430488204e-05,3.1622776601683794e-11,2,fog
1360.0,13.988491205739187,88.88859486246116,0.44752107215959114,1e-14,7.249759242367261,-68.46055680692095,1.5926698384051008,53146169.56076112,205.64531857994692,1000000000.0,1.881603148947013e-09,4.862741378726007e-05,3.1622776601683794e-11,2,fog
1370.0,13.988491205739187,88.88859486246116,0.44752107215959114,1e-14,5.676597243050281,-69.24855250978254,1.5013700842225717,44624870.8506784,171.52177490759942,1000000000.0,2.2409028439458168e-09,5.83016354943103e-05,3.1622776601683794e-11,2,fog
1380.0,13.988491205739187,88.88859486246116,0.44752107215959114,1e-14,5.829285886708021,-70.03608057472513,1.4105331208672567,45426230.48113437,143.07589139360698,1000000000.0,2.2013712989355404e-09,6.989297709485965e-05,3.1622776601683794e-11,2,fog
1390.0,13.988491205739187,88.88859486246116,0.44752107215959114,1e-14,4.886822539343143,-70.82314772277647,1.3201522653513393,40577980.496258564,119.360257947087,1000000000.0,2.4643907552082433e-09,8.377997980226425e-05,3.1622776601683794e-11,2,fog
1400.0,13.988491205739187,88.88859486246116,0.44752107215959114,1e-14,4.354365654994496,-71.60976053067179,1.2302209784097613,37948213.63672662,99.58604165072317,1000000000.0,2.6351701547083924e-09,0.000100415679087566,3.1622776601683794e-11,2,fog
1410.0,13.988491205739187,88.88859486246116,0.44752107215959114,1e-14,6.262504255823117,-72.39592543495783,1.1407328604081783,47731385.98455937,83.09635671494804,1000000000.0,2.0950575378713915e-09,0.00012034221950673223,3.1622776601683794e-11,2,fog
1420.0,13.988491205739187,88.88859486246116,0.44752107215959114,1e-14,8.546225094574837,-73.18164873595276,1.0516816473959238,60554447.83223526,69.34412210046408,1000000000.0,1.6514063554348271e-09,0.0001442083293737895,3.1622776601683794e-11,2,fog
1430.0,13.988491205739187,88.88859486246116,0.44752107215959114,1e-14,5.598291458582395,-73.9669366015664,0.9630612072970735,44216208.13608153,57.87364952271031,1000000000.0,2.2616141052221414e-09,0.00017279020905837088,3.1622776601683794e-11,2,fog
1440.0,13.988491205739187,88.88859486246116,0.44752107215959114,1e-14,6.530071834246215,-74.75179507098778,0.8748655362345801,49177471.33625919,48.30532692165969,1000000000.0,2.033451441946522e-09,0.00020701650598944785,3.1622776601683794e-11,2,fog
1450.0,13.988491205739187,88.88859486246116,0.44752107215959114,1e-14,6.570610657919843,-75.53623005824528,0.7870887549813119,49398003.349466614,40.322878443598455,1000000000.0,2.024373319151163e-09,0.00024799816843401894,3.1622776601683794e-11,2,fog
1460.0,13.988491205739187,88.88859486246116,0.44752107215959114,1e-14,7.641353958636387,-76.32024735564428,0.6997251055333322,55350786.93116143,33.662765910778596,1000000000.0,1.8066590475826085e-09,0.00029706412201850786,3.1622776601683794e-11,2,fog
1470.0,13.988491205739187,88.88859486246116,0.44752107215959114,1e-14,8.36274782989571,-77.10385263708767,0.6127689477998217,59487725.67235678,28.105367550189627,1000000000.0,1.6810190483794003e-09,0.0003558039218715903,3.1622776601683794e-11,2,fog
1480.0,13.988491205739187,88.88859486246116,0.44752107215959114,1e-14,5.6968233933306465,-77.88705146128368,0.5262147564054658,44730683.37650683,23.467638626108,1000000000.0,2.2356018833488553e-09,0.0004261187143420086,3.1622776601683794e-11,2,fog
1490.0,13.988491205739187,88.88859486246116,0.44752107215959114,1e-14,2.3402051829701804,-78.66984927484606,0.44005711760038935,28808821.445209626,19.59700058579214,1000000000.0,3.471159005590913e-09,0.0005102821707955664,3.1622776601683794e-11,2,fog
1500.0,13.988491205739187,88.88859486246116,0.44752107215959114,1e-14,3.8490218986597995,-79.45225141529045,0.35429072627351843,35531039.04253001,16.366258184104243,1000000000.0,2.8144406326058135e-09,0.0006110132131309353,3.1622776601683794e-11,2,fog
1510.0,13.988491205739187,88.88859486246116,0.44752107215959114,1e-14,6.324514228002386,-80.23426311393123,0.2689103830650197,48065038.2089362,13.669361351257834,1000000000.0,2.0805143140697247e-09,0.00073156307328724,3.1622776601683794e-11,2,fog
1520.0,13.988491205739187,88.88859486246116,0.44752107215959114,1e-14,4.5607950739998415,-81.01588949868281,0.18391099157423696,38957913.49679567,11.41788302608063,1000000000.0,2.566872581824104e-09,0.0008758190968639358,3.1622776601683794e-11,2,fog
1530.0,13.988491205739187,88.88859486246116,0.44752107215959114,1e-14,6.700843818939077,-81.79713559676935,0.09928755565894676,50108979.68799641,9.538080333029598,1000000000.0,1.995650293074217e-09,0.0010484289973288245,3.1622776601683794e-11,2,fog
1540.0,13.988491205739187,88.88859486246116,0.44752107215959114,1e-14,2.8794127209294516,-82.57800633734598,0.015035176822919993,31122441.021359827,7.968451008794512,1000000000.0,3.2131155757149128e-09,0.0012549490470561138,3.1622776601683794e-11,2,fog
1550.0,13.988491205739187,88.88859486246116,0.44752107215959114,1e-14,5.062874056234165,-83.35850655403547,-0.06885094831238803,41465380.908370025,6.65769474190802,1000000000.0,2.411650340822371e-09,0.0015020214034526481,3.1622776601683794e-11,0,fog
1560.0,13.988491205739187,88.88859486246116,0.44752107215959114,1e-14,8.914227966485512,-84.13864098738307,-0.15237553045452046,62710512.15206044,5.563017599262204,1000000000.0,1.594628979548437e-09,0.0017975855408629755,3.1622776601683794e-11,0,fog
1570.0,13.988491205739187,88.88859486246116,0.44752107215959114,1e-14,2.421193223964309,-84.91841428723336,-0.2355431900087126,29149804.408868592,4.6487170727367415,1000000000.0,3.4305547508090932e-09,0.0021511311279077067,3.1622776601683794e-11,0,fog
1580.0,13.988491205739187,88.88859486246116,0.44752107215959114,1e-14,6.091195718560513,-85.69783101503168,-0.3183584593712112,46814392.55287668,3.885003859010825,1000000000.0,2.13609521659499e-09,0.00257400001722164,3.1622776601683794e-11,0,fog
1590.0,13.988491205739187,88.88859486246116,0.44752107215959114,1e-14,1.9835712623409734,-86.47689564605218,-0.4008257851505448,27335218.39046418,3.247020009395459,1000000000.0,3.6582842899431435e-09,0.003079746959077666,3.1622776601683794e-11,0,fog
1600.0,13.988491205739187,88.88859486246116,0.44752107215959114,1e-14,4.013778569789267,-87.25561257155752,-0.48294953031873433,36310429.65353898,2.714021415428511,1000000000.0,2.7540296535778818e-09,0.0036845693048524167,3.1622776601683794e-11,0,fog
1610.0,13.988491205739187,88.88859486246116,0.44752107215959114,1e-14,5.580872691398994,-88.03398610088988,-0.5647339762959689,44125518.38312492,2.2686938773432024,1000000000.0,2.2662623276567187e-09,0.004407822536071148,3.1622776601683794e-11,0,fog
1620.0,13.988491205739187,88.88859486246116,0.44752107215959114,1e-14,4.1117558145734705,-88.81202046349833,-0.6461833249703659,36777929.97089084,1.8965857772531303,1000000000.0,2.7190219808224236e-09,0.00527263260113826,3.1622776601683794e-11,0,fog
1630.0,13.988491205739187,88.88859486246116,0.44752107215959114,1e-14,3.5482864081951533,-89.58971981090315,-0.7273017006556302,34130619.230207145,1.5856326906722427,1000000000.0,2.9299204718646144e-09,0.006306630822400876,3.1622776601683794e-11,0,fog
1640.0,13.988491205739187,88.88859486246116,0.44752107215959114,1e-14,4.405289542344093,-90.36708821860068,-0.8080931519891692,38196117.04393399,1.325762404036079,1000000000.0,2.618067168580981e-09,0.007542829672614448,3.1622776601683794e-11,0,fog
1650.0,13.988491205739187,88.88859486246116,0.44752107215959114,1e-14,1.4398199529439495,-91.14412968790973,-0.888561653772058,25177602.190960634,1.1085659228062157,1000000000.0,3.971784097689113e-09,0.009020663358193506,3.1622776601683794e-11,0,fog
1660.0,13.988491205739187,88.88859486246116,0.44752107215959114,1e-14,3.6273292925512663,-91.9208481477628,-0.9687111087537801,34495878.31450157,0.9270213361100929,1000000000.0,2.898897053389751e-09,0.010787238233330589,3.1622776601683794e-11,0,fog
1670.0,13.988491205739187,88.88859486246116,0.44752107215959114,1e-14,3.3494358860312587,-92.69724745644325,-1.0485453493630814,33220740.468856253,0.7752644514064493,1000000000.0,3.0101677021241566e-09,0.012898824371294798,3.1622776601683794e-11,0,fog
1680.0,13.988491205739187,88.88859486246116,0.44752107215959114,1e-14,4.068981319475768,-93.47333140327052,-1.128068139387409,36573465.16494498,0.6483975499252117,1000000000.0,2.7342227363199987e-09,0.015422636931853664,3.1622776601683794e-11,0,fog
1690.0,13.988491205739187,88.88859486246116,0.44752107215959114,1e-14,5.266887914848837,-94.24910371023572,-1.207283175602356,42504459.59875273,0.5423308170570693,1000000000.0,2.352694304174484e-09,0.018438930050599916,3.1622776601683794e-11,0,fog
1700.0,13.988491205739187,88.88859486246116,0.44752107215959114,1e-14,4.8832154794337725,-95.02456803358879,-1.2861940893531028,40559889.929810815,0.45364683741341866,1000000000.0,2.4654899254670253e-09,0.022043579223471523,3.1622776601683794e-11,0,fog
1710.0,13.988491205739187,88.88859486246116,0.44752107215959114,1e-14,1.8772363994059447,-95.79972796537919,-1.3648044480894441,26904744.607606053,0.37949135798331984,1000000000.0,3.7168165488450575e-09,0.026351061202399082,3.1622776601683794e-11,0,fog
1720.0,13.988491205739187,88.88859486246116,0.44752107215959114,1e-14,2.4131444054881825,-96.57458703495152,-1.443117756856111,29115812.401254844,0.31747974808010004,1000000000.0,3.434559840607098e-09,0.03149807211475109,3.1622776601683794e-11,0,fog
1730.0,13.988491205739187,88.88859486246116,0.44752107215959114,1e-14,8.827039963739153,-97.3491487103982,-1.5211374597397764,62197752.8285286,0.2656194764203206,1000000000.0,1.6077751277556193e-09,0.03764784169733035,3.1622776601683794e-11,0,fog
1740.0,13.988491205739187,88.88859486246116,0.44752107215959114,1e-14,2.057701201251618,-98.12341639997015,-1.5988669412745935,27637748.061609786,0.22224540190865075,1000000000.0,3.618239799316537e-09,0.04499530660305984,3.1622776601683794e-11,0,fog
1750.0,13.988491205739187,88.88859486246116,0.44752107215959114,1e-14,4.853950060855496,-98.89739345344671,-1.6763095278072058,40413250.761083946,0.18596659675807936,1000000000.0,2.474435936648167e-09,0.053773097826857706,3.1622776601683794e-11,0,fog
1760.0,13.988491205739187,88.88859486246116,0.44752107215959114,1e-14,2.5879641343267252,-99.6710831634673,-1.7534684888230458,29859262.35335174,0.15562021714838284,1000000000.0,3.3490445549729024e-09,0.06425900299615356,3.1622776601683794e-11,0,fog
1770.0,13.988491205739187,88.88859486246116,0.44752107215959114,1e-14,5.367654975458521,-100.44448876682443,-1.830347038234919,43021852.24230439,0.13023434347876608,1000000000.0,2.324400154525836e-09,0.07678466165593593,3.1622776601683794e-11,0,fog
1780.0,13.988491205739187,88.88859486246116,0.44752107215959114,1e-14,2.991001677276188,-101.21761344572144,-1.9069483356354056,31613836.68769215,0.10899658678818519,1000000000.0,3.1631719043747653e-09,0.09174599218811466,3.1622776601683794e-11,0,fog
1790.0,13.988491205739187,88.88859486246116,0.44752107215959114,1e-14,5.0111581817393045,-101.99046032899395,-1.9832754875141347,41203804.13612233,0.09122814100070799,1000000000.0,2.4269603765136952e-09,0.1,3.1622776601683794e-11,0,fog
1800.0,13.988491205739187,88.88859486246116,0.44752107215959114,1e-14,6.371962103560989,-102.76303249329806,-2.0593315484411505,48320946.721628696,0.07636103859736645,1000000000.0,2.069495876727918e-09,0.1,3.1622776601683794e-11,0,fog
1810.0,13.988491205739187,88.88859486246116,0.44752107215959114,1e-14,8.52545858969981,-103.53533296426522,-2.135119522217451,60433431.666041456,0.06392053177040606,1000000000.0,1.6547132480016298e-09,0.1,3.1622776601683794e-11,0,fog
1820.0,13.988491205739187,88.88859486246116,0.44752107215959114,1e-14,6.990803469400618,-104.30736471762569,-2.2106423629939798,51705359.31370442,0.0535103566613824,1000000000.0,1.934035491239593e-09,0.1,3.1622776601683794e-11,0,fog
1830.0,13.988491205739187,88.88859486246116,0.44752107215959114,1e-14,3.562204236280138,-105.0791306803007,-2.2859029763598073,34194786.91968537,0.04479831794190418,1000000000.0,2.9244223756935203e-09,0.1,3.1622776601683794e-11,0,fog
1840.0,13.988491205739187,88.88859486246116,0.44752107215959114,1e-14,3.4040622791297324,-105.85063373146548,-2.3609042204006983,33469400.426639225,0.03750699887677903,1000000000.0,2.9878037468638737e-09,0.1,3.1622776601683794e-11,0,fog
1850.0,13.988491205739187,88.88859486246116,0.44752107215959114,1e-14,3.997721816449072,-106.62187670358321,-2.435648906729,36234098.62341572,0.03140415104450699,1000000000.0,2.7598313135731367e-09,0.1,3.1622776601683794e-11,0,fog
1860.0,13.988491205739187,88.88859486246116,0.44752107215959114,1e-14,2.71778897828095,-107.39286238341097,-2.5101398014857637,30418300.19415521,0.026295967141625867,1000000000.0,3.2874946779312386e-09,0.1,3.1622776601683794e-11,0,fog
1870.0,13.988491205739187,88.88859486246116,0.44752107215959114,1e-14,4.622874333370646,-108.16359351297888,-2.5843796263161494,39264020.433064185,0.022020033444405316,1000000000.0,2.546860940297141e-09,0.1,3.1622776601683794e-11,0,fog
1880.0,13.988491205739187,88.88859486246116,0.44752107215959114,1e-14,6.838886542665193,-108.93407279054344,-2.6583710593185117,50866699.00895595,0.01844020432644234,1000000000.0,1.9659227342901356e-09,0.1,3.1622776601683794e-11,0,fog
1890.0,13.988491205739187,88.88859486246116,0.44752107215959114,1e-14,2.206253402527011,-109.70430287151504,-2.7321167359685603,28249975.850139383,0.01544339883215868,1000000000.0,3.539826034913464e-09,0.1,3.1622776601683794e-11,0,fog
1900.0,13.988491205739187,88.88859486246116,0.44752107215959114,1e-14,3.979159515217262,-110.47428636936147,-2.8056192500189923,36145956.79127935,0.012934475194395511,1000000000.0,2.7665611558559217e-09,0.1,3.1622776601683794e-11,0,fog
1910.0,13.988491205739187,88.88859486246116,0.44752107215959114,1e-14,3.690097896350096,-111.2440258564875,-2.878881154375705,34787370.94459135,0.010833668093210994,1000000000.0,2.8746064242474104e-09,0.1,3.1622776601683794e-11,0,fog
1920.0,13.988491205739187,88.88859486246116,0.44752107215959114,1e-14,0.9531777025908781,-112.0135238650916,-2.9519049619508735,23339777.740102656,0.009074346257327979,1000000000.0,4.28453094599007e-09,0.1,3.1622776601683794e-11,0,fog
1930.0,13.988491205739187,88.88859486246116,0.44752107215959114,1e-14,3.9381750908678583,-112.78278288800036,-3.024693146494087,35951726.279640354,0.007601410750882393,1000000000.0,2.7815076033394955e-09,0.1,3.1622776601683794e-11,0,fog
1940.0,13.988491205739187,88.88859486246116,0.44752107215959114,1e-14,3.416777378442461,-113.55180537948146,-3.097248143401856,33527420.827430453,0.006367771204269241,1000000000.0,2.982633245626369e-09,0.1,3.1622776601683794e-11,0,fog
1950.0,13.988491205739187,88.88859486246116,0.44752107215959114,1e-14,-0.30902050978902196,-114.3205937560356,-3.169572350506428,18991713.06655696,0.005334666156793119,1000000000.0,5.265454445817887e-09,0.1,3.1622776601683794e-11,0,fog
1960.0,13.988491205739187,88.88859486246116,0.44752107215959114,1e-14,3.410865379199322,-115.08915039716851,-3.2416681288443385,33500437.105415463,0.00446942065811565,1000000000.0,2.9850356783504373e-09,0.1,3.1622776601683794e-11,0,fog
1970.0,13.988491205739187,88.88859486246116,0.44752107215959114,1e-14,0.8654045748422448,-115.85747764614288,-3.3135378034054384,23017789.065600295,0.0037448055829547786,1000000000.0,4.344465913515923e-09,0.1,3.1622776601683794e-11,0,fog
1980.0,13.988491205739187,88.88859486246116,0.44752107215959114,1e-14,2.2560228939073426,-116.6255778107116,-3.3851836638629322,28456864.748585954,0.0031377562604832997,1000000000.0,3.5140905677238774e-09,0.1,3.1622776601683794e-11,0,fog
1990.0,13.988491205739187,88.88859486246116,0.44752107215959114,1e-14,4.26695567186006,-117.39345316383239,-3.4566079652851727,37524510.274126746,0.0026293724743288883,1000000000.0,2.6649248523024773e-09,0.1,3.1622776601683794e-11,0,fog
2000.0,13.988491205739187,88.88859486246116,0.44752107215959114,1e-14,6.0478070210511845,-118.1611059443648,-3.5278129288294053,46583260.46552045,0.002203316749322218,1000000000.0,2.146693876741776e-09,0.1,3.1622776601683794e-11,0,fog
2010.0,13.988491205739187,88.88859486246116,0.44752107215959114,1e-14,1.001411493871018,-118.92853835774929,-3.598800742418291,23517959.405842982,0.001846455036797737,1000000000.0,4.252069589641151e-09,0.1,3.1622776601683794e-11,0,fog
2020.0,13.988491205739187,88.88859486246116,0.44752107215959114,1e-14,5.032938285995272,-119.69575257667012,-3.669573561399744,41313876.36676763,0.0015472550013417756,1000000000.0,2.420494245377535e-09,0.1,3.1622776601683794e-11,0,fog
2030.0,13.988491205739187,88.88859486246116,0.44752107215959114,1e-14,-2.2904740861836927,-120.46275074170123,-3.740133509190258,13383015.113559851,0.001296747048743696,1000000000.0,7.472157742591104e-09,0.1,3.1622776601683794e-11,0,fog
2040.0,13.988491205739187,88.88859486246116,0.44752107215959114,1e-14,-3.213373768896119,-121.2295349619371,-3.810482677902712,11256491.837430162,0.0010869226127439922,1000000000.0,8.88376249405515e-09,0.1,3.1622776601683794e-11,0,fog
2050.0,13.988491205739187,88.88859486246116,0.44752107215959114,1e-14,1.8793350976876013,-121.99610731560728,-3.880623128958547,26913200.869220626,0.001,1000000000.0,3.7156487065931035e-09,0.1,3.1622776601683794e-11,0,fog
2060.0,13.988491205739187,88.88859486246116,0.44752107215959114,1e-14,2.728644659510536,-122.76246985067652,-3.9505568936853024,30465311.705861602,0.001,1000000000.0,3.2824216921030143e-09,0.1,3.1622776601683794e-11,0,fog
2070.0,13.988491205739187,88.88859486246116,0.44752107215959114,1e-14,6.0941668035442405,-123.52862458543038,-4.02028597389932,46830236.28064108,0.001,1000000000.0,2.135372527286148e-09,0.1,3.1622776601683794e-11,0,fog
2080.0,13.988491205739187,88.88859486246116,0.44752107215959114,1e-14,6.880426767369499,-124.29457350904653,-4.089812342474914,51095529.04078019,0.001,1000000000.0,1.957118399149725e-09,0.1,3.1622776601683794e-11,0,fog
2090.0,13.988491205739187,88.88859486246116,0.44752107215959114,1e-14,0.9784346623754487,-125.06031858215246,-4.159137943899509,23432970.53407024,0.001,1000000000.0,4.267491390159244e-09,0.1,3.1622776601683794e-11,0,fog
2100.0,13.988491205739187,88.88859486246116,0.44752107215959114,1e-14,0.4823819721903959,-125.82586173736999,-4.22826469481555,21646912.097827896,0.001,1000000000.0,4.619596529429906e-09,0.1,3.1622776601683794e-11,0,fog
2110.0,13.988491205739187,88.88859486246116,0.44752107215959114,1e-14,7.886436184078235,-126.59120487984643,-4.297194484549749,56745636.07703507,0.001,1000000000.0,1.7622500497526356e-09,0.1,3.1622776601683794e-11,0,fog
2120.0,13.988491205739187,88.88859486246116,0.44752107215959114,1e-14,-1.6495697299099419,-127.35634988777409,-4.365929175629674,15037489.940561688,0.001,1000000000.0,6.650046011353458e-09,0.1,3.1622776601683794e-11,0,fog
2130.0,13.988491205739187,88.88859486246116,0.44752107215959114,1e-14,0.8554314726315937,-128.12129861289637,-4.434470604288123,22981388.00308877,0.001,1000000000.0,4.3513472722604786e-09,0.1,3.1622776601683794e-11,0,fog
2140.0,13.988491205739187,88.88859486246116,0.44752107215959114,1e-14,0.04096143026799837,-128.8860528810031,-4.502820580955927,20136391.770471007,0.001,1000000000.0,4.966133016275782e-09,0.1,3.1622776601683794e-11,0,fog
2150.0,13.988491205739187,88.88859486246116,0.44752107215959114,1e-14,-1.8600559185086496,-129.6506144924137,-4.570980890742987,14477635.944599258,0.001,1000000000.0,6.907205042498948e-09,0.1,3.1622776601683794e-11,0,fog
2160.0,13.988491205739187,88.88859486246116,0.44752107215959114,1e-14,1.5355812188027471,-130.41498522244927,-4.63895329390823,25549672.62961169,0.001,1000000000.0,3.913944473953905e-09,0.1,3.1622776601683794e-11,0,fog
2170.0,13.988491205739187,88.88859486246116,0.44752107215959114,1e-14,3.2368566519284627,-131.17916682189394,-4.706739526318927,32711396.831210982,0.001,1000000000.0,3.0570385152304725e-09,0.1,3.1622776601683794e-11,0,fog
2180.0,13.988491205739187,88.88859486246116,0.44752107215959114,1e-14,3.9596511049019085,-131.94316101744556,-4.774341299899163,36053438.367632754,0.001,1000000000.0,2.7736605585384543e-09,0.1,3.1622776601683794e-11,0,fog
2190.0,13.988491205739187,88.88859486246116,0.44752107215959114,1e-14,1.8961721105876563,-132.7069695121558,-4.841760303068156,26981100.243076902,0.001,1000000000.0,3.706298078991759e-09,0.1,3.1622776601683794e-11,0,fog
2200.0,13.988491205739187,88.88859486246116,0.44752107215959114,1e-14,3.444550618287039,-133.47059398586094,-4.908998201168657,33654338.01606932,0.001,1000000000.0,2.9713851436403787e-09,0.1,3.1622776601683794e-11,0,fog
2210.0,13.988491205739187,88.88859486246116,0.44752107215959114,1e-14,1.1768954341794426,-134.2340360956019,-4.976056636885488,24173618.755488314,0.001,1000000000.0,4.136741007272495e-09,0.1,3.1622776601683794e-11,0,fog
2220.0,13.988491205739187,88.88859486246116,0.44752107215959114,1e-14,0.219318622039836,-134.99729747603558,-5.042937230654786,20737757.78997195,0.001,1000000000.0,4.822122093081658e-09,0.1,3.1622776601683794e-11,0,fog
2230.0,13.988491205739187,88.88859486246116,0.44752107215959114,1e-14,3.1427714435463088,-135.7603797398369,-5.109641581063983,32288970.397463344,0.001,1000000000.0,3.097032787637481e-09,0.1,3.1622776601683794e-11,0,fog
2240.0,13.988491205739187,88.88859486246116,0.44752107215959114,1e-14,2.990548706308303,-136.52328447809145,-5.176171265242772,31611833.380589694,0.001,1000000000.0,3.1633723611045613e-09,0.1,3.1622776601683794e-11,0,fog
2250.0,13.988491205739187,88.88859486246116,0.44752107215959114,1e-14,0.880249624978731,-137.28601326067957,-5.242527839245497,23072042.121721294,0.001,1000000000.0,4.33425006215009e-09,0.1,3.1622776601683794e-11,0,fog
2260.0,13.988491205739187,88.88859486246116,0.44752107215959114,1e-14,0.9521986754744631,-138.04856763665217,-5.308712838425009,23336170.190979164,0.001,1000000000.0,4.28519329357034e-09,0.1,3.1622776601683794e-11,0,fog
2270.0,13.988491205739187,88.88859486246116,0.44752107215959114,1e-14,-2.2051041962616864,-138.81094913459793,-5.374727777798171,13594813.99069331,0.001,1000000000.0,7.355746100568765e-09,0.1,3.1622776601683794e-11,0,fog
2280.0,13.988491205739187,88.88859486246116,0.44752107215959114,1e-14,-0.1728754760168414,-139.57315926300274,-5.440574152403514,19431434.67555579,0.001,1000000000.0,5.146300397767193e-09,0.1,3.1622776601683794e-11,0,fog
2290.0,13.988491205739187,88.88859486246116,0.44752107215959114,1e-14,-0.9715637866547269,-140.33519951060075,-5.50625343765094,16952664.530751392,0.001,1000000000.0,5.8987777301087025e-09,0.1,3.1622776601683794e-11,0,fog
2300.0,13.988491205739187,88.88859486246116,0.44752107215959114,1e-14,0.893054775085659,-141.09707134671862,-5.57176708966378,23118907.129708666,0.001,1000000000.0,4.325463977987793e-09,0.1,3.1622776601683794e-11,0,fog
2310.0,13.988491205739187,88.88859486246116,0.44752107215959114,1e-14,3.276361432336145,-141.8587762216116,-5.637116545613537,32889648.877289407,0.001,1000000000.0,3.0404702820968966e-09,0.1,3.1622776601683794e-11,0,fog
2320.0,13.988491205739187,88.88859486246116,0.44752107215959114,1e-14,3.326493409940227,-142.62031556679233,-5.702303224047398,33116600.12402212,0.001,1000000000.0,3.019633646736037e-09,0.1,3.1622776601683794e-11,0,fog
2330.0,13.988491205739187,88.88859486246116,0.44752107215959114,1e-14,2.091201045013179,-143.3816907953534,-5.767328525208541,27775116.01501893,0.001,1000000000.0,3.6003449975124023e-09,0.1,3.1622776601683794e-11,0,fog
2340.0,13.988491205739187,88.88859486246116,0.44752107215959114,1e-14,1.7486009179081066,-144.142903302282,-5.832193831349741,26389511.539509583,0.001,1000000000.0,3.789384273001151e-09,0.1,3.1622776601683794e-11,0,fog
2350.0,13.988491205739187,88.88859486246116,0.44752107215959114,1e-14,6.258999948423252,-144.90395446476842,-5.896900507040357,47712557.71599629,0.001,1000000000.0,2.095884286800111e-09,0.1,3.1622776601683794e-11,0,fog
2360.0,13.988491205739187,88.88859486246116,0.44752107215959114,1e-14,2.172250131995142,-145.664845642508,-5.961449899466487,28109137.093999125,0.001,1000000000.0,3.557562071919614e-09,0.1,3.1622776601683794e-11,0,fog
2370.0,13.988491205739187,88.88859486246116,0.44752107215959114,1e-14,4.2444041240503765,-146.42557817799653,-6.025843338725167,37415570.99695787,0.001,1000000000.0,2.672684054671534e-09,0.1,3.1622776601683794e-11,0,fog
2380.0,13.988491205739187,88.88859486246116,0.44752107215959114,1e-14,3.917451652038139,-147.1861533968194,-6.090082138112081,35853715.51183297,0.001,1000000000.0,2.7891112140664066e-09,0.1,3.1622776601683794e-11,0,fog
2390.0,13.988491205739187,88.88859486246116,0.44752107215959114,1e-14,2.991583101001666,-147.94657260793505,-6.1541675944033045,31616408.191687424,0.001,1000000000.0,3.162914629445225e-09,0.1,3.1622776601683794e-11,0,fog
2400.0,13.988491205739187,88.88859486246116,0.44752107215959114,1e-14,4.222062535249975,-148.70683710395198,-6.218100988131425,37307798.37517204,0.001,1000000000.0,2.680404750620422e-09,0.1,3.1622776601683794e-11,0,fog
2410.0,13.988491205739187,88.88859486246116,0.44752107215959114,1e-14,5.320507502459591,-149.4669481614005,-6.281883583855432,42779432.147734635,0.001,1000000000.0,2.337571935379125e-09,0.1,3.1622776601683794e-11,0,fog
2420.0,13.988491205739187,88.88859486246116,0.44752107215959114,1e-14,1.6596794545086624,-150.22690704099847,-6.345516630425436,26036899.064561155,0.001,1000000000.0,3.840703140264122e-09,0.1,3.1622776601683794e-11,0,fog
2430.0,13.988491205739187,88.88859486246116,0.44752107215959114,1e-14,1.4188432972988778,-150.98671498791185,-6.409001361241792,25096554.77314016,0.001,1000000000.0,3.984610672817371e-09,0.1,3.1622776601683794e-11,0,fog
2440.0,13.988491205739187,88.88859486246116,0.44752107215959114,1e-14,1.519436693712052,-151.74637323200986,-6.472338994508846,25486706.13229151,0.001,1000000000.0,3.923614117922464e-09,0.1,3.1622776601683794e-11,0,fog
2450.0,13.988491205739187,88.88859486246116,0.44752107215959114,1e-14,1.1704476173677847,-152.50588298811456,-6.535530733483654,24149322.814674914,0.001,1000000000.0,4.140902863712295e-09,0.1,3.1622776601683794e-11,0,fog
2460.0,13.988491205739187,88.88859486246116,0.44752107215959114,1e-14,2.34747803830102,-153.26524545624608,-6.59857776671933,28839347.007056113,0.001,1000000000.0,3.4674848905397558e-09,0.1,3.1622776601683794e-11,0,fog
2470.0,13.988491205739187,88.88859486246116,0.44752107215959114,1e-14,-1.7565867013014298,-154.02446182186208,-6.661481268303788,14750811.55332035,0.001,1000000000.0,6.779288016698335e-09,0.1,3.1622776601683794e-11,0,fog
2480.0,13.988491205739187,88.88859486246116,0.44752107215959114,1e-14,2.285773746552337,-154.78353325609282,-6.724242398093537,28580960.690022517,0.001,1000000000.0,3.498832704910075e-09,0.1,3.1622776601683794e-11,0,fog
2490.0,13.988491205739187,88.88859486246116,0.44752107215959114,1e-14,0.8283693349438721,-155.5424609159717,-6.786862301942676,22882803.09787588,0.001,1000000000.0,4.370093977222687e-09,0.1,3.1622776601683794e-11,0,fog
2500.0,13.988491205739187,88.88859486246116,0.44752107215959114,1e-14,3.4179239310506944,-156.3012459446606,-6.849342111927484,33532655.2877933,0.001,1000000000.0,2.9821676554317612e-09,0.1,3.1622776601683794e-11,0,fog
2510.0,13.988491205739187,88.88859486246116,0.44752107215959114,1e-14,0.9805124522574573,-157.05988947167117,-6.911682946566202,23440647.861805033,0.001,1000000000.0,4.266093692868588e-09,0.1,3.1622776601683794e-11,0,fog
2520.0,13.988491205739187,88.88859486246116,0.44752107215959114,1e-14,-0.44346599615289506,-157.81839261308164,-6.973885911035069,18564428.338104613,0.001,1000000000.0,5.386645803401549e-09,0.1,3.1622776601683794e-11,0,fog
2530.0,13.988491205739187,88.88859486246116,0.44752107215959114,1e-14,0.20449697097545538,-158.57675647174923,-7.0359520973792655,20687320.358056244,0.001,1000000000.0,4.833878833468981e-09,0.1,3.1622776601683794e-11,0,fog
2540.0,13.988491205739187,88.88859486246116,0.44752107215959114,1e-14,5.304916127678766,-159.33498213751838,-7.097882584720423,42699396.47039345,0.001,1000000000.0,2.3419534763058577e-09,0.1,3.1622776601683794e-11,0,fog
2550.0,13.988491205739187,88.88859486246116,0.44752107215959114,1e-14,1.4967317026382148,-160.09307068742515,-7.159678439459498,25398316.291544717,0.001,1000000000.0,3.937268866648878e-09,0.1,3.1622776601683794e-11,0,fog
2560.0,13.988491205739187,88.88859486246116,0.44752107215959114,1e-14,0.6799293615444526,-160.85102318589728,-7.221340715476117,22346990.63558649,0.001,1000000000.0,4.474875459998399e-09,0.1,3.1622776601683794e-11,0,fog
2570.0,13.988491205739187,88.88859486246116,0.44752107215959114,1e-14,1.428986016767098,-161.6088406849505,-7.282870454323756,25135722.70236321,0.001,1000000000.0,3.978401623224392e-09,0.1,3.1622776601683794e-11,0,fog
2580.0,13.988491205739187,88.88859486246116,0.44752107215959114,1e-14,0.04197943183771713,-162.3665242243812,-7.344268685421213,20139789.644287914,0.001,1000000000.0,4.965295157805295e-09,0.1,3.1622776601683794e-11,0,fog
2590.0,13.988491205739187,88.88859486246116,0.44752107215959114,1e-14,1.0564851895571934,-163.12407483195486,-7.405536426240388,23722482.11233262,0.001,1000000000.0,4.215410492311551e-09,0.1,3.1622776601683794e-11,0,fog
2600.0,13.988491205739187,88.88859486246116,0.44752107215959114,1e-14,0.9865446506966009,-163.88149352359179,-7.466674682490435,23462945.764085703,0.001,1000000000.0,4.262039430405544e-09,0.1,3.1622776601683794e-11,0,fog
2610.0,13.988491205739187,88.88859486246116,0.44752107215959114,1e-14,1.352514361754828,-164.63878130354792,-7.527684448298459,24841358.873998173,0.001,1000000000.0,4.025544677617114e-09,0.1,3.1622776601683794e-11,0,fog
2620.0,13.988491205739187,88.88859486246116,0.44752107215959114,1e-14,1.8500840247138228,-165.3959391645938,-7.588566706386473,26795484.90500413,0.001,1000000000.0,3.731972022694194e-09,0.1,3.1622776601683794e-11,0,fog
2630.0,13.988491205739187,88.88859486246116,0.44752107215959114,1e-14,-2.46637170075239,-166.1529680881887,-7.649322428245455,12954810.15058353,0.001,1000000000.0,7.71914052291192e-09,0.1,3.1622776601683794e-11,0,fog
2640.0,13.988491205739187,88.88859486246116,0.44752107215959114,1e-14,3.077038427939243,-166.90986904465234,-7.709952574305646,31995606.341096036,0.001,1000000000.0,3.125429127172291e-09,0.1,3.1622776601683794e-11,0,fog
2650.0,13.988491205739187,88.88859486246116,0.44752107215959114,1e-14,-3.3330633582006044,-167.6666429933329,-7.77045809410393,11002010.959021932,0.001,1000000000.0,9.089247445077069e-09,0.1,3.1622776601683794e-11,0,fog
2660.0,13.988491205739187,88.88859486246116,0.44752107215959114,1e-14,1.5296845273492181,-168.42329088277245,-7.830839926447851,25526663.28721664,0.001,1000000000.0,3.917472443414822e-09,0.1,3.1622776601683794e-11,0,fog
2670.0,13.988491205739187,88.88859486246116,0.44752107215959114,1e-14,1.546505275099335,-169.17981365086825,-7.891098999576741,25592333.195079517,0.001,1000000000.0,3.9074202120511e-09,0.1,3.1622776601683794e-11,0,fog
2680.0,13.988491205739187,88.88859486246116,0.44752107215959114,1e-14,2.7727247668685493,-169.93621222503214,-7.951236231319768,30656624.494488373,0.001,1000000000.0,3.2619377263135604e-09,0.1,3.1622776601683794e-11,0,fog
2690.0,13.988491205739187,88.88859486246116,0.44752107215959114,1e-14,0.1985854544030019,-170.69248752234637,-8.011252529250896,20667227.149159856,0.001,1000000000.0,4.838578454587949e-09,0.1,3.1622776601683794e-11,0,fog
2700.0,13.988491205739187,88.88859486246116,0.44752107215959114,1e-14,1.4524162289869196,-171.44864044971672,-8.071148790841221,25226349.065064788,0.001,1000000000.0,3.964109104416025e-09,0.1,3.1622776601683794e-11,0,fog
2710.0,13.988491205739187,88.88859486246116,0.44752107215959114,1e-14,-1.682182194555054,-172.20467190402246,-8.130925903608329,14949680.510882404,0.001,1000000000.0,6.6891061603093425e-09,0.1,3.1622776601683794e-11,0,fog
2720.0,13.988491205739187,88.88859486246116,0.44752107215959114,1e-14,-0.20531236918112938,-172.96058277226422,-8.190584745262925,19326027.085101936,0.001,1000000000.0,5.174369235831615e-09,0.1,3.1622776601683794e-11,0,fog
2730.0,13.988491205739187,88.88859486246116,0.44752107215959114,1e-14,2.1664263061054214,-173.71637393170852,-8.250126183852785,28085056.954520985,0.001,1000000000.0,3.560612327115204e-09,0.1,3.1622776601683794e-11,0,fog
2740.0,13.988491205739187,88.88859486246116,0.44752107215959114,1e-14,0.17207445308217473,-174.4720462500299,-8.309551077904189,20577280.70523401,0.001,993010788.7713178,4.859728621700929e-09,0.1,3.184535048285991e-11,0,fog
2750.0,13.988491205739187,88.88859486246116,0.44752107215959114,1e-14,3.2119993039038945,-175.2276005854506,-8.368860276560383,32599503.388996325,0.001,980416926.2975826,3.067531391712983e-09,0.1,3.225441723155791e-11,0,fog
2760.0,13.988491205739187,88.88859486246116,0.44752107215959114,1e-14,-0.5629991120688658,-175.9830377868775,-8.428054619718239,18190327.418658566,0.001,967996259.2580439,5.49742715996557e-09,0.1,3.266828388977683e-11,0,fog
2770.0,13.988491205739187,88.88859486246116,0.44752107215959114,1e-14,1.3283991029508542,-176.73835869403644,-8.487134938161631,24748984.038429193,0.001,955746248.8322573,4.04056990156542e-09,0.1,3.308700048817445e-11,0,fog
2780.0,13.988491205739187,88.88859486246116,0.44752107215959114,1e-14,-1.6348538387596676,-177.49356413760466,-8.54610205369292,15077241.10464891,0.001,943664394.53633,6.632513157142924e-09,0.1,3.351061752967978e-11,0,fog
2790.0,13.988491205739187,88.88859486246116,0.44752107215959114,1e-14,5.284366950329854,-178.2486549393406,-8.604956779262068,42594010.66186992,0.001,931748233.6643326,2.347747921505777e-09,0.1,3.3939185993752114e-11,0,fog
2800.0,13.988491205739187,88.88859486246116,0.44752107215959114,1e-14,0.4429994595782034,-179.00363191221066,-8.663699919093233,21509123.824342217,0.001,919995340.7363958,4.649189842257936e-09,0.1,3.437275734067505e-11,0,fog
2810.0,13.988491205739187,88.88859486246116,0.44752107215959114,1e-14,-0.9545827344360305,-179.75849586051538,-8.722332268809197,17002845.26856138,0.001,908403326.9534448,5.8813685839335435e-09,0.1,3.48113835158867e-11,0,fog
2820.0,13.988491205739187,88.88859486246116,0.44752107215959114,1e-14,4.160363722106055,-180.5132475800114,-8.780854615553551,37010962.98875751,0.001,896969839.6585665,2.7019021372228577e-09,0.1,3.5255116954346055e-11,0,fog
2830.0,13.988491205739187,88.88859486246116,0.44752107215959114,1e-14,-0.881575406397701,-181.26788785803296,-8.839267738110863,17219831.190231863,0.001,885692561.8049333,5.8072578584118815e-09,0.1,3.5704010584937544e-11,0,fog
2840.0,13.988491205739187,88.88859486246116,0.44752107215959114,1e-14,2.4074099035670002,-182.02241747360995,-8.89757240702454,29091608.28834453,0.001,874569211.4303602,3.4374173819762563e-09,0.1,3.615811783491058e-11,0,fog
2850.0,13.988491205739187,88.88859486246116,0.44752107215959114,1e-14,-0.6571790521986571,-182.7768371975851,-8.955769384712767,17899407.083074387,0.001,863597541.1383665,5.586777234345356e-09,0.1,3.661749263435797e-11,0,fog
2860.0,13.988491205739187,88.88859486246116,0.44752107215959114,1e-14,-1.8416172569452698,-183.53114779272784,-9.013859425582154,14526029.98660599,0.001,852775337.5858082,6.884193416384722e-09,0.1,3.7082189420729863e-11,0,fog
2870.0,13.988491205739187,88.88859486246116,0.44752107215959114,1e-14,2.595427387242296,-184.2853500138471,-9.071843276139873,29891240.305697903,0.001,842100420.9769182,3.3454617131072305e-09,0.1,3.7552263143388887e-11,0,fog
2880.0,13.988491205739187,88.88859486246116,0.44752107215959114,1e-14,-0.6766851067318385,-185.0394446079021,-9.129721675103383,17839575.00373848,0.001,831570644.5638765,5.605514704192442e-09,0.1,3.802776926820041e-11,0,fog
2890.0,13.988491205739187,88.88859486246116,0.44752107215959114,1e-14,-4.495199480220762,-185.79343231411065,-9.187495353508439,8770239.143999543,0.001,821183894.1537701,1.1402197632024481e-08,0.1,3.850876378216241e-11,0,fog
2900.0,13.988491205739187,88.88859486246116,0.44752107215959114,1e-14,2.242024363446447,-186.54731386405604,-9.245165034815358,28398583.98141529,0.001,810938087.6219091,3.521302332026216e-09,0.1,3.899530319807541e-11,0,fog
2910.0,13.988491205739187,88.88859486246116,0.44752107215959114,1e-14,1.7039321835062964,-187.30108998179196,-9.3027314350131,26212016.66744913,0.001,800831174.4315522,3.815044117692135e-09,0.1,3.948744455924851e-11,0,fog
2920.0,13.988491205739187,88.88859486246116,0.44752107215959114,1e-14,1.7362292585111874,-188.0547613839459,-9.360195262722044,26340278.282056753,0.001,790861135.1598411,3.796467103694988e-09,0.1,3.998524544424921e-11,0,fog
2930.0,13.988491205739187,88.88859486246116,0.44752107215959114,1e-14,1.6514456049214346,-188.8083287798201,-9.417557219294622,26004395.59814427,0.001,781025981.0300746,3.845503719653312e-09,0.1,4.048876397168932e-11,0,fog
2940.0,13.988491205739187,88.88859486246116,0.44752107215959114,1e-14,1.0678260805073734,-189.56179287149126,-9.474817998914347,23764739.835181605,0.001,771323753.4501702,4.207914780197123e-09,0.1,4.099805880505237e-11,0,fog
2950.0,13.988491205739187,88.88859486246116,0.44752107215959114,1e-14,6.196722818353251,-190.31515435390907,-9.531978288693182,47378435.60688222,0.001,761752523.5572935,2.110664877788281e-09,0.1,4.1513189157561557e-11,0,fog
2960.0,13.988491205739187,88.88859486246116,0.44752107215959114,1e-14,-0.481024860197536,-191.0684139149917,-9.589038768767438,18446294.112482868,0.001,752310391.76859,5.42114309737307e-09,0.1,4.203421479708994e-11,0,fog
2970.0,13.988491205739187,88.88859486246116,0.44752107215959114,1e-14,-0.04853544258638465,-191.8215722357212,-9.646000112391647,19839219.215297252,0.001,742995487.3380523,5.040520945647593e-09,0.1,4.256119605110856e-11,0,fog
2980.0,13.988491205739187,88.88859486246116,0.44752107215959114,1e-14,1.7827219672476105,-192.57462999023585,-9.70286298603122,26525588.2038041,0.001,733805967.9193673,3.769944674993437e-09,0.1,4.309419381167883e-11,0,fog
2990.0,13.988491205739187,88.88859486246116,0.44752107215959114,1e-14,-1.46443834153402,-193.32758784592266,-9.759628049453454,15543411.262064407,0.001,724740019.1347576,6.433594165012041e-09,0.1,4.36332695404859e-11,0,fog
3000.0,13.988491205739187,88.88859486246116,0.44752107215959114,1e-14,-1.309018623006878,-194.08044646350635,-9.816295955816855,15977972.030611578,0.001,715795854.1497655,6.258616538345034e-09,0.1,4.417848527391356e-11,0,fog
3010.0,13.988491205739187,88.88859486246116,0.44752107215959114,1e-14,2.8243759835125957,-194.8332064971387,-9.872867351759226,30881651.995851424,0.001,706971713.2538962,3.238168735708627e-09,0.1,4.472990362816261e-11,0,fog
3020.0,13.988491205739187,88.88859486246116,0.44752107215959114,1e-14,0.220424536446032,-195.58586859448513,-9.929342877484089,20741524.534734536,0.001,698265863.4471047,4.821246376202301e-09,0.1,4.5287587804411254e-11,0,fog
3030.0,13.988491205739187,88.88859486246116,0.44752107215959114,1e-14,-0.9793097265846455,-196.3384333968104,-9.985723166845958,16929810.66433579,0.001,689676598.0320098,5.906740599920543e-09,0.1,4.5851601594021445e-11,0,fog
3040.0,13.988491205739187,88.88859486246116,0.44752107215959114,1e-14,2.0842703703626597,-197.090901539063,-10.042008847433635,27746663.129841786,0.001,681202236.211936,3.604036980304457e-09,0.1,4.642200938378202e-11,0,fog
3050.0,13.988491205739187,88.88859486246116,0.44752107215959114,1e-14,0.889919873265228,-197.8432736499576,-10.09820054065301,23107428.1029311,0.001,672841122.6944569,4.3276127293160474e-09,0.1,4.699887616120629e-11,0,fog
3060.0,13.988491205739187,88.88859486246116,0.44752107215959114,1e-14,1.2717842567047768,-198.59555035205705,-10.15429886180766,24532971.923155304,0.001,664591627.300706,4.0761470038456935e-09,0.1,4.7582267519863766e-11,0,fog
3070.0,13.988491205739187,88.88859486246116,0.44752107215959114,1e-14,0.5279084670271601,-199.3477322618519,-10.210304420178517,21806933.33332958,0.001,656452144.5801613,4.585697515164163e-09,0.1,4.817224966476172e-11,0,fog
3080.0,13.988491205739187,88.88859486246116,0.44752107215959114,1e-14,-2.2813107316493415,-200.09981998983977,-10.266217819102394,13405624.092182698,0.001,648421093.4309244,7.459555729174415e-09,0.1,4.876888941777236e-11,0,fog
3090.0,13.988491205739187,88.88859486246116,0.44752107215959114,1e-14,-1.3928825264375888,-200.85181414060264,-10.322039656048958,15742365.974587223,0.001,640496916.7254671,6.352285302058739e-09,0.1,4.937225422310362e-11,0,fog
3100.0,13.988491205739187,88.88859486246116,0.44752107215959114,1e-14,-1.3976871646816846,-201.60371531288325,-10.377770522696437,15728947.374253282,0.001,632678080.9417775,6.3577045316897705e-09,0.1,4.998241215281472e-11,0,fog
3110.0,13.988491205739187,88.88859486246116,0.44752107215959114,1e-14,-1.5320507133696992,-202.35552409965993,-10.433411005006462,15357170.162756119,0.001,624963075.799786,6.511616329062881e-09,0.1,5.05994319123815e-11,0,fog
3120.0,13.988491205739187,88.88859486246116,0.44752107215959114,1e-14,-1.233917867385074,-203.10724108822103,-10.488961683297333,16191190.615281912,0.001,617350413.9031006,6.176198055849944e-09,0.1,5.1223382846305674e-11,0,fog
3130.0,13.988491205739187,88.88859486246116,0.44752107215959114,1e-14,-1.8747907924174,-203.85886686023713,-10.544423132316211,14439052.168823257,0.001,609838630.3859655,6.925662351710287e-09,0.1,5.1854334943769977e-11,0,fog
3140.0,13.988491205739187,88.88859486246116,0.44752107215959114,1e-14,1.0139534565220174,-204.61040199183265,-10.59979592131026,23564434.87197909,0.001,602426282.5653349,4.2436833534638194e-09,0.1,5.249235884434409e-11,0,fog
3150.0,13.988491205739187,88.88859486246116,0.44752107215959114,1e-14,4.212794396689134,-205.36184705365667,-10.655080614096704,37263134.80507291,0.001,595111949.598067,2.6836174820800704e-09,0.1,5.3137525843736655e-11,0,fog
3160.0,13.988491205739187,88.88859486246116,0.44752107215959114,1e-14,-1.399246738636279,-206.11320261095148,-10.710277769131494,15724593.578801207,0.001,587894232.143171,6.3594648407837374e-09,0.1,5.3789907899594156e-11,0,fog
3170.0,13.988491205739187,88.88859486246116,0.44752107215959114,1e-14,-0.9584889711392321,-206.8644692236213,-10.76538793957721,16991292.293680944,0.001,580771752.02901,5.8853675324736765e-09,0.1,5.444957763735073e-11,0,fog
3180.0,13.988491205739187,88.88859486246116,0.44752107215959114,1e-14,0.0030829879978853114,-207.61564744629976,-10.820411673369563,20010243.28200984,0.001,573743151.9254689,4.9974404903864794e-09,0.1,5.511660835612325e-11,0,fog
3190.0,13.988491205739187,88.88859486246116,0.44752107215959114,1e-14,1.7076952205209466,-208.36673782841467,-10.875349513283254,26226941.092584707,0.001,566807095.0209297,3.812873169119733e-09,0.1,5.579107403466095e-11,0,fog
3200.0,13.988491205739187,88.88859486246116,0.44752107215959114,1e-14,-2.2794164106258563,-209.11774091425485,-10.930201996996516,13410301.739752056,0.001,559962264.7040969,7.456953761418414e-09,0.1,5.6473049337341226e-11,0,fog
3210.0,13.988491205739187,88.88859486246116,0.44752107215959114,1e-14,0.3115849876706136,-209.86865724303232,-10.98496965715458,21053624.116026185,0.001,553207364.2505841,4.749776069378916e-09,0.1,5.716260962021422e-11,0,fog
3220.0,13.988491205739187,88.88859486246116,0.44752107215959114,1e-14,0.5907116790499884,-210.6194873489469,-11.039653021432486,22028976.64925018,0.001,546541116.5141463,4.53947550956271e-09,0.1,5.785983093710258e-11,0,fog
3230.0,13.988491205739187,88.88859486246116,0.44752107215959114,1e-14,1.0766957319612231,-211.3702317612471,-11.094252612596648,23797823.146090902,0.001,539962263.6225814,4.20206501183392e-09,0.1,5.856479004574889e-11,0,fog
3240.0,13.988491205739187,88.88859486246116,0.44752107215959114,1e-14,-1.8435257828546838,-212.12089100429205,-11.14876894856559,14521015.109000916,0.001,533469566.678197,6.886570893932516e-09,0.1,5.927756441401556e-11,0,fog
3250.0,13.988491205739187,88.88859486246116,0.44752107215959114,1e-14,-1.6089451378357893,-212.871465597611,-11.20320254246954,15147421.078341104,0.001,527061805.462817,6.601783860289416e-09,0.1,5.999823222613444e-11,0,fog
3260.0,13.988491205739187,88.88859486246116,0.44752107215959114,1e-14,-1.6883470773391451,-213.62195605596315,-11.257553902709589,14933125.55265321,0.001,520737778.1472001,6.696521746060906e-09,0.1,6.072687238901417e-11,0,fog
3270.0,13.988491205739187,88.88859486246116,0.44752107215959114,1e-14,-1.7956448710037307,-214.37236288939562,-11.311823533015257,14647230.708277887,0.001,514496301.00493526,6.827229118708766e-09,0.1,6.146356453859219e-11,0,fog
3280.0,13.988491205739187,88.88859486246116,0.44752107215959114,1e-14,-2.493161349678516,-215.12268660330062,-11.366011932501863,12890555.371446434,0.001,508336208.1306177,7.757617660252843e-09,0.1,6.220838904624767e-11,0,fog
3290.0,13.988491205739187,88.88859486246116,0.44752107215959114,1e-14,-1.2101706934058,-215.87292769847284,-11.420119595726533,16259050.914238999,0.001,502256351.16235733,6.1504204967107995e-09,0.1,6.296142702526332e-11,0,fog
3300.0,13.988491205739187,88.88859486246116,0.44752107215959114,1e-14,-0.635868642855371,-216.62308667116423,-11.474147012743515,17964939.151058465,0.001,496255599.008525,5.566397924265063e-09,0.1,6.37227603373409e-11,0,fog
3310.0,13.988491205739187,88.88859486246116,0.44752107215959114,1e-14,-0.7096798409795753,-217.37316401313984,-11.52809466915889,17738697.51707051,0.001,490332837.5786378,5.637392480691823e-09,0.1,6.449247159917624e-11,0,fog
3320.0,13.988491205739187,88.88859486246116,0.44752107215959114,1e-14,-1.1801619803336507,-218.12316021173064,-11.581963046183972,16345106.868894992,0.001,484486969.51842815,6.118038921501434e-09,0.1,6.52706441890817e-11,0,fog
3330.0,13.988491205739187,88.88859486246116,0.44752107215959114,1e-14,2.345280135920106,-218.87307574988802,-11.635752620688379,28830120.006449524,0.001,478716913.94892883,3.4685946495411473e-09,0.1,6.60573622536709e-11,0,fog
3340.0,13.988491205739187,88.88859486246116,0.44752107215959114,1e-14,-3.89393172263874,-219.6229111062354,-11.689463865252009,9871919.90761207,0.001,473021606.2096139,1.0129741826905595e-08,0.1,6.685271071459373e-11,0,fog
3350.0,13.988491205739187,88.88859486246116,0.44752107215959114,1e-14,0.0605375886939612,-220.37266675511995,-11.743097248216344,20201802.3143435,0.001,467399997.6054663,4.950053388503803e-09,0.1,6.765677527533209e-11,0,fog
3360.0,13.988491205739187,88.88859486246116,0.44752107215959114,1e-14,-1.5477131836001377,-221.12234316666394,-11.796653233735071,15314269.21359771,0.001,461851055.1579768,6.5298577819964724e-09,0.1,6.846964242804897e-11,0,fog
3370.0,13.988491205739187,88.88859486246116,0.44752107215959114,1e-14,3.686832556501443,-221.8719408068144,-11.850132281823733,34772175.7107195,0.001,456373761.35998017,2.8758626101493035e-09,0.1,6.929139946049672e-11,0,fog
3380.0,13.988491205739187,88.88859486246116,0.44752107215959114,1e-14,0.09617371372706884,-222.6214601373926,-11.903534848408782,20321250.843898118,0.001,450967113.9343081,4.920956921804206e-09,0.1,7.012213446298048e-11,0,fog
3390.0,13.988491205739187,88.88859486246116,0.44752107215959114,1e-14,-3.1701468527995047,-223.37090161614287,-11.956861385376072,11349575.281253332,0.001,445630125.5961549,8.810902392548122e-09,0.1,7.09619363353846e-11,0,fog
3400.0,13.988491205739187,88.88859486246116,0.44752107215959114,1e-14,1.0370289946387459,-224.12026569678034,-12.010112340618264,23650098.559411034,0.001,440361823.81917614,4.228312188585244e-09,0.1,7.1810894794252e-11,0,fog
3410.0,13.988491205739187,88.88859486246116,0.44752107215959114,1e-14,-0.9320754680833971,-224.8695528290384,-12.06328815808186,17069524.459286544,0.001,435161250.605202,5.858394019031724e-09,0.1,7.266910037992653e-11,0,fog
3420.0,13.988491205739187,88.88859486246116,0.44752107215959114,1e-14,-6.0424880895539275,-225.6187634587149,-12.116389277813312,6409536.0929626655,0.001,430027462.25756437,1.5601753161167897e-08,0.1,7.353664446375142e-11,0,fog
3430.0,13.988491205739187,88.88859486246116,0.44752107215959114,1e-14,2.4606458264058375,-226.3678980277184,-12.16941613600477,29316753.48796255,0.001,424959529.1579254,3.4110188920154465e-09,0.1,7.441361925533382e-11,0,fog
3440.0,13.988491205739187,88.88859486246116,0.44752107215959114,1e-14,-1.7574125975167334,-227.11695697411318,-12.222369165038714,14748615.512417844,0.001,419956535.5466485,6.780297439837884e-09,0.1,7.530011780986119e-11,0,fog
3450.0,13.988491205739187,88.88859486246116,0.44752107215959114,1e-14,-3.7610493999038965,-227.86594073216372,-12.275248793532313,10130515.156777171,0.001,415017579.30656654,9.871166318042713e-09,0.1,7.619623403548546e-11,0,fog
3460.0,13.988491205739187,88.88859486246116,0.44752107215959114,1e-14,-1.5965270373728941,-228.61484973237856,-12.328055446381143,15181146.446012106,0.001,410141771.75014114,6.587117801387703e-09,0.1,7.71020627007688e-11,0,fog
3470.0,13.988491205739187,88.88859486246116,0.44752107215959114,1e-14,0.7288800847944401,-229.36368440155422,-12.380789544801786,22522759.892131094,0.001,405328237.4100075,4.4399532063980124e-09,0.1,7.801769944218309e-11,0,fog
3480.0,13.988491205739187,88.88859486246116,0.44752107215959114,1e-14,0.31556315017969894,-230.11244516281658,-12.433451506374695,21067316.16676242,0.001,400576113.8327264,4.746689099286812e-09,0.1,7.894324077168743e-11,0,fog
3490.0,13.988491205739187,88.88859486246116,0.44752107215959114,1e-14,1.112179343988899,-230.86113243566416,-12.486041745085402,23930471.363321442,0.001,395884551.37588656,4.178772681981992e-09,0.1,7.987878408434895e-11,0,fog
3500.0,13.988491205739187,88.88859486246116,0.44752107215959114,1e-14,1.267281240456569,-231.60974663600882,-12.538560671366042,24515842.29573153,0.001,391252713.0083053,4.0789950756622004e-09,0.1,8.082442766604539e-11,0,fog
3510.0,13.988491205739187,88.88859486246116,0.44752107215959114,1e-14,-3.127898089935286,-232.35828817621706,-12.591008692135745,11441158.550001238,0.001,386679774.1134383,8.740373587427401e-09,0.1,8.178027070122052e-11,0,fog
3520.0,13.988491205739187,88.88859486246116,0.44752107215959114,1e-14,-2.9372096123598794,-233.10675746514966,-12.643386210840617,11862027.008334639,0.001,382164922.2958692,8.43026237672e-09,0.1,8.274641328070837e-11,0,fog
3530.0,13.988491205739187,88.88859486246116,0.44752107215959114,1e-14,-0.7994785349743978,-233.855154908202,-12.695693627493199,17466242.45905911,0.001,377707357.19086397,5.725329889035956e-09,0.1,8.372295640962083e-11,0,fog
3540.0,13.988491205739187,88.88859486246116,0.44752107215959114,1e-14,-5.8856952896272645,-234.60348090734317,-12.747931338711226,6620060.429758674,0.001,373306290.2769298,1.5105602291857837e-08,0.1,8.471000201530241e-11,0,fog
3550.0,13.988491205739187,88.88859486246116,0.44752107215959114,1e-14,-2.2748072437419182,-235.35173586115377,-12.800099737756113,13421688.51223895,0.001,368960944.69133204,7.450627386324169e-09,0.1,8.570765295535276e-11,0,fog
3560.0,13.988491205739187,88.88859486246116,0.44752107215959114,1e-14,-4.11989329823507,-236.09992016486513,-12.852199214570476,9444912.965453992,0.001,364670555.0485665,1.0587710057865342e-08,0.1,8.671601302570836e-11,0,fog
3570.0,13.988491205739187,88.88859486246116,0.44752107215959114,1e-14,-2.023296420906192,-236.84803421039578,-12.904230155815583,14054601.508015627,0.001,360434367.2616586,7.115107457366754e-09,0.1,8.77351869688029e-11,0,fog
3580.0,13.988491205739187,88.88859486246116,0.44752107215959114,1e-14,-3.7307322573063004,-237.5960783863889,-12.95619294490794,10190299.964780299,0.001,356251638.36634,9.813253814472573e-09,0.1,8.876528048178552e-11,0,fog
3590.0,13.988491205739187,88.88859486246116,0.44752107215959114,1e-14,1.1518654451727741,-238.3440530782491,-13.008087962055555,24079390.9119883,0.001,352121636.3479896,4.152928965915556e-09,0.1,8.98064002248135e-11,0,fog
3600.0,13.988491205739187,88.88859486246116,0.44752107215959114,1e-14,-2.347727464488358,-239.09195866817754,-13.059915584293663,13242430.583375946,0.001,348043639.97133505,7.551483798264065e-09,0.1,9.08586538294113e-11,0,fog
3610.0,13.988491205739187,88.88859486246116,0.44752107215959114,1e-14,-1.5920449858509471,-239.83979553520817,-13.111676185519798,15193332.911081517,0.001,344016938.6128649,6.581834320701503e-09,0.1,9.19221499068977e-11,0,fog
3620.0,13.988491205739187,88.88859486246116,0.44752107215959114,1e-14,1.1788083195160795,-240.58756405524235,-13.163370136528698,24180829.678626064,0.001,340040832.0958852,4.135507396935684e-09,0.1,9.299699805688852e-11,0,fog
3630.0,13.988491205739187,88.88859486246116,0.44752107215959114,1e-14,-1.1971775261482804,-241.3352646010834,-13.21499780504638,16296269.92029562,0.001,336114630.52823097,6.136373568251867e-09,0.1,9.408330887586201e-11,0,fog
3640.0,13.988491205739187,88.88859486246116,0.44752107215959114,1e-14,-1.7669464862522375,-242.0828975424705,-13.26655955576399,14723283.232234254,0.001,332237654.14253414,6.791963342868127e-09,0.1,9.518119396580263e-11,0,fog
3650.0,13.988491205739187,88.88859486246116,0.44752107215959114,1e-14,-1.6003331712387734,-242.83046324611257,-13.318055750371116,15170803.599053927,0.001,328409233.1390496,6.5916086347750325e-09,0.1,9.629076594291306e-11,0,fog
3660.0,13.988491205739187,88.88859486246116,0.44752107215959114,1e-14,-2.4012455460352413,-243.57796207572102,-13.369486747588553,13112072.763807721,0.001,324628707.53098696,7.626559263461576e-09,0.1,9.741213844639813e-11,0,fog
3670.0,13.988491205739187,88.88859486246116,0.44752107215959114,1e-14,-1.463919198523854,-244.32539439204248,-13.420852903200881,15544847.832402475,0.001,320895426.99229515,6.432999607211008e-09,0.1,9.854542614732577e-11,0,fog
3680.0,13.988491205739187,88.88859486246116,0.44752107215959114,1e-14,-1.5245937552003426,-245.07276055289117,-13.472154570088179,15377627.417415738,0.001,317208750.70790064,6.502953757791417e-09,0.1,9.969074475755366e-11,0,fog
3690.0,13.988491205739187,88.88859486246116,0.44752107215959114,1e-14,-2.486214803682884,-245.8200609131805,-13.523392098257773,12907192.293233328,0.001,313568047.2263052,7.747618360999053e-09,0.1,1.0084821103873929e-10,0,fog
3700.0,13.988491205739187,88.88859486246116,0.44752107215959114,1e-14,-0.27049894415428355,-246.56729582495444,-13.574565834875216,19115411.60896909,0.001,309972694.31455594,5.231380942541634e-09,0.1,1.0201794281141887e-10,0,fog
3710.0,13.988491205739187,88.88859486246116,0.44752107215959114,1e-14,-0.5790921564631475,-247.31446563741827,-13.625676124294927,18140377.099457145,0.001,306422078.8155382,5.5125645653194565e-09,0.1,1.0320005896415923e-10,0,fog
3720.0,13.988491205739187,88.88859486246116,0.44752107215959114,1e-14,-1.7030358838196804,-248.06157069696962,-13.676723308090743,14893737.160882648,0.001,302915596.5075055,6.714231553826729e-09,0.1,1.0439467946279966e-10,0,fog
3730.0,13.988491205739187,88.88859486246116,0.44752107215959114,1e-14,-1.4303308961481207,-248.80861134722772,-13.727707725085281,15638006.293452974,0.001,299452651.9659263,6.394677053037516e-09,0.1,1.0560192535974616e-10,0,fog
3740.0,13.988491205739187,88.88859486246116,0.44752107215959114,1e-14,-0.5340924224090742,-249.55558792906385,-13.778629711379864,18280297.02790897,0.001,296032658.42746353,5.470370631687636e-09,0.1,1.0682191880336837e-10,0,fog
3750.0,13.988491205739187,88.88859486246116,0.44752107215959114,1e-14,-0.43781112406099965,-250.30250078063017,-13.829489600383397,18582261.258950315,0.001,292655037.6561765,5.381476377200008e-09,0.1,1.0805478304745796e-10,0,fog
3760.0,13.988491205739187,88.88859486246116,0.44752107215959114,1e-14,-3.718261414475876,-251.0493502373888,-13.880287722840961,10214977.482193448,0.001,289319219.81185013,9.789546787970711e-09,0.1,1.0930064246076943e-10,0,fog
3770.0,13.988491205739187,88.88859486246116,0.44752107215959114,1e-14,-3.605521242986214,-251.7961366321403,-13.93102440686232,10440336.088512693,0.001,286024643.3204209,9.578235715038728e-09,0.1,1.1055962253664338e-10,0,fog
3780.0,13.988491205739187,88.88859486246116,0.44752107215959114,1e-14,-2.5901593063573074,-252.54286029505192,-13.981699977949717,12660020.086077284,0.001,282770754.74648,7.898881622626641e-09,0.1,1.1183184990270795e-10,0,fog
3790.0,13.988491205739187,88.88859486246116,0.44752107215959114,1e-14,-0.87053322292644,-253.28952155368506,-14.032314759025383,17252825.36364949,0.001,279557008.6678343,5.79615210217644e-09,0.1,1.1311745233065336e-10,0,fog
3800.0,13.988491205739187,88.88859486246116,0.44752107215959114,1e-14,-2.2307813027965153,-254.03612073302298,-14.082869070458884,13530835.834668482,0.001,276382867.55203676,7.390526440634338e-09,0.1,1.1441655874610217e-10,0,fog
3810.0,13.988491205739187,88.88859486246116,0.44752107215959114,1e-14,1.6233091929578194,-254.78265815549776,-14.133363230093835,25893514.766060438,0.001,273247801.6349308,3.861970879715163e-09,0.1,1.1572929923854609e-10,0,fog
3820.0,13.988491205739187,88.88859486246116,0.44752107215959114,1e-14,-6.010238650772507,-255.52913414101693,-14.18379755327436,6452342.790290417,0.001,270151288.8011147,1.5498246644688734e-08,0.1,1.170558050713742e-10,0,fog
3830.0,13.988491205739187,88.88859486246116,0.44752107215959114,1e-14,-4.094991858749054,-256.2755490069898,-14.234172352871354,9491192.88236088,0.001,267092814.4663202,1.053608342380727e-08,0.1,1.1839620869198395e-10,0,fog
3840.0,13.988491205739187,88.88859486246116,0.44752107215959114,1e-14,-3.390992303144472,-257.0219030683535,-14.284487939308264,10880550.960934665,0.001,264071871.4616825,9.190711054894023e-09,0.1,1.197506437419721e-10,0,fog
3850.0,13.988491205739187,88.88859486246116,0.44752107215959114,1e-14,-0.4691254723421423,-257.76819663759875,-14.334744620586378,18483663.141270515,0.001,261087959.91986424,5.410182994339416e-09,0.1,1.211192450674086e-10,0,fog
3860.0,13.988491205739187,88.88859486246116,0.44752107215959114,1e-14,-1.4350446758885056,-258.51443002479493,-14.384942702310212,15624907.120372063,0.001,258140587.16298002,6.400038043721747e-09,0.1,1.225021487292054e-10,0,fog
3870.0,13.988491205739187,88.88859486246116,0.44752107215959114,1e-14,0.201925859090494,-259.2606035376153,-14.435082487712094,20678579.522921905,0.001,255229267.59234825,4.83592211395137e-09,0.1,1.2389949201355557e-10,0,fog
3880.0,13.988491205739187,88.88859486246116,0.44752107215959114,1e-14,-7.030104245804111,-260.00671748136176,-14.485164277676716,5216121.237487645,0.001,252353522.57997757,1.917133353444929e-08,0.1,1.253114134424721e-10,0,fog
3890.0,13.988491205739187,88.88859486246116,0.44752107215959114,1e-14,-6.240558408992612,-260.75277215898865,-14.535188370765468,6152148.622439578,0.001,249512880.36179018,1.625448378071626e-08,0.1,1.2673805278441422e-10,0,fog
3900.0,13.988491205739187,88.88859486246116,0.44752107215959114,1e-14,1.9052820111115096,-261.49876787112765,-14.585155063240052,27017881.264456965,0.001,246706875.93258676,3.701252478726145e-09,0.1,1.2817955106498447e-10,0,fog
3910.0,13.988491205739187,88.88859486246116,0.44752107215959114,1e-14,-4.116423054578291,-262.2447049161107,-14.63506464908616,9451351.037443789,0.001,243935050.94265196,1.0580497920755041e-08,0.1,1.2963605057773418e-10,0,fog
3920.0,13.988491205739187,88.88859486246116,0.44752107215959114,1e-14,0.18932123167495263,-262.99058358999423,-14.684917420036697,20635764.983199842,0.001,241196953.5960304,4.845955557325489e-09,0.1,1.311076948950496e-10,0,fog
3930.0,13.988491205739187,88.88859486246116,0.44752107215959114,1e-14,-2.9115696255860684,-263.73640418658147,-14.734713665594825,11919561.109521464,0.001,238492138.55043286,8.38957064619762e-09,0.1,1.325946288791262e-10,0,fog
3940.0,13.988491205739187,88.88859486246116,0.44752107215959114,1e-14,-4.076475895935346,-264.48216699744586,-14.784453673056504,9525729.26431184,0.001,235820166.81873617,1.049788391264175e-08,0.1,1.3409699869303683e-10,0,fog
3950.0,13.988491205739187,88.88859486246116,0.44752107215959114,1e-14,-2.2702305717303517,-265.22787231195366,-14.834137727532948,13433002.51945636,0.001,233180605.6720549,7.44435206166008e-09,0.1,1.3561495181189318e-10,0,fog
3960.0,13.988491205739187,88.88859486246116,0.44752107215959114,1e-14,0.8906930392364387,-265.9735204172858,-14.883766111972733,23110258.8485789,0.001,230573028.5443766,4.3270826456428554e-09,0.1,1.3714863703409093e-10,0,fog
3970.0,13.988491205739187,88.88859486246116,0.44752107215959114,1e-14,-4.280658614571479,-266.71911159846,-14.933339107183514,9150699.889600778,0.001,227997014.93870106,1.0928125849001343e-08,0.1,1.3869820449265902e-10,0,fog
3980.0,13.988491205739187,88.88859486246116,0.44752107215959114,1e-14,-4.11925660282796,-267.4646461383528,-14.982856991853708,9446093.898981769,0.001,225452150.33469343,1.0586386401555821e-08,0.1,1.4026380566669432e-10,0,fog
3990.0,13.988491205739187,88.88859486246116,0.44752107215959114,1e-14,-3.020380571283212,-268.21012431772095,-15.032320042573673,11676942.564953625,0.001,222938026.09780714,8.563885575675703e-09,0.1,1.4184559339289333e-10,0,fog
4000.0,13.988491205739187,88.88859486246116,0.44752107215959114,1e-14,-0.4200707406306208,-268.9555464152219,-15.081728533856705,18638285.610616773,0.001,220454239.3898601,5.365300333365309e-09,0.1,1.4344372187717747e-10,0,fog
10.0,56.5513945986145,92.27852244835447,0.18261982399399146,5e-14,47.1351937405813,70.81427375519743,47.99741911946339,313160006.7496767,1000000000.0,1000000000.0,3.193255774832533e-10,1.0000000000000001e-11,3.1622776601683794e-11,1,worst
20.0,56.5513945986145,92.27852244835447,0.18261982399399146,5e-14,41.631382294899566,62.788798703526034,41.948135649449256,276594898.7103635,1000000000.0,1000000000.0,3.6153956731036844e-10,1.0000000000000001e-11,3.1622776601683794e-11,1,worst
30.0,56.5513945986145,92.27852244835447,0.18261982399399146,5e-14,42.14807419522084,57.26321000894261,38.39762691160112,280027503.10713494,1000000000.0,1000000000.0,3.571077800945191e-10,1.0000000000000001e-11,3.1622776601683794e-11,1,worst
40.0,56.5513945986145,92.27852244835447,0.18261982399399146,5e-14,40.1695198218347,52.76136724396071,35.87016862270062,266883287.70847264,1000000000.0,1000000000.0,3.74695623913454e-10,1.0000000000000001e-11,3.1622776601683794e-11,1,worst
50.0,56.5513945986145,92.27852244835447,0.18261982399399146,5e-14,34.82132330662556,48.82060329081108,33.90328480580497,231357370.44929224,1000000000.0,1000000000.0,4.322317452251538e-10,1.0000000000000001e-11,3.1622776601683794e-11,1,worst
60.0,56.5513945986145,92.27852244835447,0.18261982399399146,5e-14,34.188355997839125,45.23480898497978,32.29097632811798,227153517.91691497,1000000000.0,1000000000.0,4.4023091043026064e-10,1.0000000000000001e-11,3.1622776601683794e-11,1,worst
70.0,56.5513945986145,92.27852244835447,0.18261982399399146,5e-14,31.85824777887298,41.894026682974875,30.92335697877121,211680420.1813128,1000000000.0,1000000000.0,4.724102489703392e-10,1.0000000000000001e-11,3.1622776601683794e-11,1,worst
80.0,56.5513945986145,92.27852244835447,0.18261982399399146,5e-14,29.35139010995232,38.73261406759486,29.734834482482967,195039897.02461994,1000000000.0,1000000000.0,5.127156111417398e-10,1.0000000000000001e-11,3.1622776601683794e-11,1,worst
90.0,56.5513945986145,92.27852244835447,0.18261982399399146,5e-14,29.793566202733274,35.70822581561216,28.68310047680083,197974411.9129844,1000000000.0,1000000000.0,5.05115782558571e-10,1.0000000000000001e-11,3.1622776601683794e-11,1,worst
100.0,56.5513945986145,92.27852244835447,0.18261982399399146,5e-14,27.21275565544758,32.79194568903066,27.739267108852815,180852401.8237341,1000000000.0,1000000000.0,5.529370856653812e-10,1.0000000000000001e-11,3.1622776601683794e-11,1,worst
110.0,56.5513945986145,92.27852244835447,0.18261982399399146,5e-14,29.562687270020405,29.96314669475477,26.882729848953815,196442135.83420992,1000000000.0,1000000000.0,5.090557561662656e-10,1.0000000000000001e-11,3.1622776601683794e-11,1,worst
120.0,56.5513945986145,92.27852244835447,0.18261982399399146,5e-14,27.14485862572748,27.20659700426718,26.098275074431314,180402165.83497432,1000000000.0,1000000000.0,5.543170700704146e-10,1.0000000000000001e-11,3.1622776601683794e-11,1,worst
130.0,56.5513945986145,92.27852244835447,0.18261982399399146,5e-14,25.757223564465647,24.51072818060561,25.37434939251257,171203832.3030414,1000000000.0,1000000000.0,5.840990745054924e-10,1.0000000000000001e-11,3.1622776601683794e-11,1,worst
140.0,56.5513945986145,92.27852244835447,0.18261982399399146,5e-14,24.09026407647775,21.866546955599077,24.70197216835004,160164537.9571723,1000000000.0,1000000000.0,6.243579338813428e-10,1.0000000000000001e-11,3.1622776601683794e-11,1,worst
150.0,56.5513945986145,92.27852244835447,0.18261982399399146,5e-14,25.288353436897978,19.26692331752878,24.07402414406667,168097439.99410406,1000000000.0,1000000000.0,5.948930572857472e-10,1.0000000000000001e-11,3.1622776601683794e-11,1,worst
160.0,56.5513945986145,92.27852244835447,0.18261982399399146,5e-14,25.42548431676032,16.706108801179354,23.48476611532729,169005871.6655862,1000000000.0,1000000000.0,5.916954187122629e-10,1.0000000000000001e-11,3.1622776601683794e-11,1,worst
170.0,56.5513945986145,92.27852244835447,0.18261982399399146,5e-14,22.82250500454741,14.179401052874084,22.92950378414581,151779694.01120698,1000000000.0,1000000000.0,6.588496613559933e-10,1.0000000000000001e-11,3.1622776601683794e-11,1,worst
180.0,56.5513945986145,92.27852244835447,0.18261982399399146,5e-14,24.292279256482814,11.682904405903116,22.404348552910648,161501603.6966573,1000000000.0,1000000000.0,6.191888978875184e-10,1.0000000000000001e-11,3.1622776601683794e-11,1,worst
190.0,56.5513945986145,92.27852244835447,0.18261982399399146,5e-14,20.883616499409243,9.213355266342518,21.90604307918568,138982209.2835332,1000000000.0,1000000000.0,7.195165519062456e-10,1.0000000000000001e-11,3.1622776601683794e-11,1,worst
200.0,56.5513945986145,92.27852244835447,0.18261982399399146,5e-14,20.93645834173455,6.767992332919292,21.43183162822811,139330458.7245879,1000000000.0,1000000000.0,7.177181566427501e-10,1.0000000000000001e-11,3.1622776601683794e-11,1,worst
210.0,56.5513945986145,92.27852244835447,0.18261982399399146,5e-14,24.969253175590595,4.344458508552876,20.979362090094867,165983873.5679924,1000000000.0,1000000000.0,6.024681666381087e-10,1.0000000000000001e-11,3.1622776601683794e-11,1,worst
220.0,56.5513945986145,92.27852244835447,0.18261982399399146,5e-14,24.005044728259648,1.940725647270554,20.546610811594633,159600573.5796585,1000000000.0,1000000000.0,6.265641642577734e-10,1.0000000000000001e-11,3.1622776601683794e-11,1,worst
230.0,56.5513945986145,92.27852244835447,0.18261982399399146,5e-14,20.998710346170924,-0.4449639603821822,20.131824150952383,139740768.43835425,927985323.8454654,1000000000.0,7.156107778533819e-10,1.0776032489997945e-11,3.1622776601683794e-11,2,worst
240.0,56.5513945986145,92.27852244835447,0.18261982399399146,5e-14,23.162133327315445,-2.8141436417741517,19.73347248033761,154024860.49544868,607011710.7302103,1000000000.0,6.492458404333691e-10,1.647414674746622e-11,3.1622776601683794e-11,2,worst
250.0,56.5513945986145,92.27852244835447,0.18261982399399146,5e-14,21.280418211559194,-5.168158990929129,19.350213584394453,141598105.73711547,383184411.6594759,1000000000.0,7.062241368232383e-10,2.6097095016711403e-11,3.1622776601683794e-11,2,worst
260.0,56.5513945986145,92.27852244835447,0.18261982399399146,5e-14,25.010941010856627,-7.50819732663561,18.980863241684375,166259966.4715047,235718001.2634185,1000000000.0,6.014677021911887e-10,4.242357370417733e-11,3.1622776601683794e-11,2,worst
270.0,56.5513945986145,92.27852244835447,0.18261982399399146,5e-14,22.97301861378253,-9.835311589288366,18.624371361186462,152774579.5188487,142563624.67366296,1000000000.0,6.545591571251055e-10,7.014412002283629e-11,3.1622776601683794e-11,2,worst
280.0,56.5513945986145,92.27852244835447,0.18261982399399146,5e-14,23.00025176309805,-12.15043989070044,18.279802460787323,152954607.5864246,85353289.52301092,1000000000.0,6.537887388812173e-10,1.1716010075164167e-10,3.1622776601683794e-11,2,worst
290.0,56.5513945986145,92.27852244835447,0.18261982399399146,5e-14,17.958065129782256,-14.454421632641427,17.94631957291807,119768887.12338452,50822999.81392835,1000000000.0,8.349413808694837e-10,1.9676130957660315e-10,3.1622776601683794e-11,2,worst
300.0,56.5513945986145,92.27852244835447,0.18261982399399146,5e-14,18.46905167670431,-16.74801089239557,17.623170879769447,123113317.78910713,30187135.936670545,1000000000.0,8.122598090589988e-10,3.312669350606482e-10,3.1622776601683794e-11,2,worst
310.0,56.5513945986145,92.27852244835447,0.18261982399399146,5e-14,15.648401710298955,-19.03188761325748,17.309678540742738,104741113.00373358,17917857.57276177,1000000000.0,9.547349377167248e-10,5.581024382737433e-10,3.1622776601683794e-11,2,worst
320.0,56.5513945986145,92.27852244835447,0.18261982399399146,5e-14,21.79652926255649,-21.306667018270034,17.00522929429556,145003166.09976304,10639115.082700362,1000000000.0,6.896401140041274e-10,9.399277968390821e-10,3.1622776601683794e-11,2,worst
330.0,56.5513945986145,92.27852244835447,0.18261982399399146,5e-14,21.452769352159052,-23.5729075753613,16.709266506401434,142734882.58233866,6323124.147644721,1000000000.0,7.005995884875134e-10,1.5814967042399232e-09,3.1622776601683794e-11,2,worst
340.0,56.5513945986145,92.27852244835447,0.18261982399399146,5e-14,18.177248871278067,-25.831117773428872,16.42128340637956,121202736.38018033,3762671.4665303403,1000000000.0,8.250638804583335e-10,2.6576861915667772e-09,3.1622776601683794e-11,2,worst
350.0,56.5513945986145,92.27852244835447,0.18261982399399146,5e-14,16.446986412871013,-28.081761916234797,16.140817303484653,109918005.05594617,2242130.20530284,1000000000.0,9.097690587552232e-10,4.4600442812594465e-09,3.1622776601683794e-11,2,worst
360.0,56.5513945986145,92.27852244835447,0.18261982399399146,5e-14,20.40987635606443,-30.325265100164188,15.867444618409905,135861648.96998563,1337970.7792164567,1000000000.0,7.360428844941508e-10,7.474004780475256e-09,3.1622776601683794e-11,2,worst
370.0,56.5513945986145,92.27852244835447,0.18261982399399146,5e-14,19.426217220761302,-32.562017510042736,15.600776595681253,129392421.92020011,799562.5349956164,1000000000.0,7.728427872049012e-10,1.2506839130543835e-08,3.1622776601683794e-11,2,worst
380.0,56.5513945986145,92.27852244835447,0.18261982399399146,5e-14,19.824115674385254,-34.79237814214963,15.34045558795043,132007484.35501301,478481.00784885563,1000000000.0,7.575328057238482e-10,2.0899471109538455e-08,3.1622776601683794e-11,2,worst
390.0,56.5513945986145,92.27852244835447,0.18261982399399146,5e-14,17.284941487195923,-37.016678043711664,15.086151823022163,115372841.16936731,286723.6903091049,1000000000.0,8.667551131310013e-10,3.487678325156674e-08,3.1622776601683794e-11,2,worst
400.0,56.5513945986145,92.27852244835447,0.18261982399399146,5e-14,17.198758411152554,-39.23522314233776,14.837560580258383,114810859.0292893,172038.77046190982,1000000000.0,8.709977509574167e-10,5.812643262417436e-08,3.1622776601683794e-11,2,worst
410.0,56.5513945986145,92.27852244835447,0.18261982399399146,5e-14,16.795381291078016,-41.44829672615211,14.59439971568841,112183358.48506854,103354.48084735083,1000000000.0,8.913978093578815e-10,9.675439243673894e-08,3.1622776601683794e-11,2,worst
420.0,56.5513945986145,92.27852244835447,0.18261982399399146,5e-14,19.53776940958332,-43.65616162513348,14.356407485390605,130125301.19268066,62165.441101318844,1000000000.0,7.684900559955426e-10,1.6086108009274383e-07,3.1622776601683794e-11,2,worst
430.0,56.5513945986145,92.27852244835447,0.18261982399399146,5e-14,19.90435583206532,-45.85906213584775,14.123340625022365,132535144.19264781,37433.6944411996,1000000000.0,7.545168536931154e-10,2.6713900803213214e-07,3.1622776601683794e-11,2,worst
440.0,56.5513945986145,92.27852244835447,0.18261982399399146,5e-14,18.245284405493223,-48.05722572497007,13.894972650155864,121648032.25486514,22565.687522879194,1000000000.0,8.220437120634201e-10,4.43150690173347e-07,3.1622776601683794e-11,2,worst
450.0,56.5513945986145,92.27852244835447,0.18261982399399146,5e-14,16.202790325129882,-50.25086454142442,13.671092347638222,108332560.08829343,13617.144160351456,1000000000.0,9.230835117207402e-10,7.343683728572572e-07,3.1622776601683794e-11,2,worst
460.0,56.5513945986145,92.27852244835447,0.18261982399399146,5e-14,13.762785488597572,-52.440176762379025,13.451502432779108,92626338.19004902,8225.373443931163,1000000000.0,1.0796065347506434e-09,1.21575027178592e-06,3.1622776601683794e-11,2,worst
470.0,56.5513945986145,92.27852244835447,0.18261982399399146,5e-14,12.293425793065751,-54.62534779453526,13.236018350961729,83329084.71181107,4973.235338322918,1000000000.0,1.2000611832692554e-09,2.010763480855546e-06,3.1622776601683794e-11,2,worst
480.0,56.5513945986145,92.27852244835447,0.18261982399399146,5e-14,15.844394104241303,-56.806551348989075,13.02446720542983,106009479.80994762,3009.670497174897,1000000000.0,9.433118639887552e-10,3.3226228616676652e-06,3.1622776601683794e-11,2,worst
490.0,56.5513945986145,92.27852244835447,0.18261982399399146,5e-14,18.997439419406618,-58.983950405305194,12.816686795636798,126577448.62850069,1822.9687507290298,1000000000.0,7.900301442597067e-10,5.485557553304666e-06,3.1622776601683794e-11,2,worst
500.0,56.5513945986145,92.27852244835447,0.18261982399399146,5e-14,17.712783562267745,-61.157698078231846,12.612524752752165,118165665.7656874,1105.1075977541032,1000000000.0,8.462695094384828e-10,9.048892633009564e-06,3.1622776601683794e-11,2,worst
510.0,56.5513945986145,92.27852244835447,0.18261982399399146,5e-14,17.61454867764178,-63.327938398623246,12.41183776077932,117523996.20800534,670.4719266534199,1000000000.0,8.508900584269644e-10,1.49148675768034e-05,3.1622776601683794e-11,2,worst
520.0,56.5513945986145,92.27852244835447,0.18261982399399146,5e-14,13.897152236154852,-65.49480701856396,12.21449085330758,93483560.98431577,407.09313238050544,1000000000.0,1.0697067906599915e-09,2.456440358382934e-05,3.1622776601683794e-11,2,worst
530.0,56.5513945986145,92.27852244835447,0.18261982399399146,5e-14,16.952904974260704,-67.65843184935767,12.020356777253255,113208859.00920945,247.3610504918173,1000000000.0,8.83323097460642e-10,4.0426736465249606e-05,3.1622776601683794e-11,2,worst
540.0,56.5513945986145,92.27852244835447,0.18261982399399146,5e-14,15.456612055848169,-69.81893363990801,11.829315416075161,103501412.40326878,150.41153808806934,1000000000.0,9.661703901235052e-10,6.648426129480025e-05,3.1622776601683794e-11,2,worst
550.0,56.5513945986145,92.27852244835447,0.18261982399399146,5e-14,16.04592617641252,-71.97642650205319,11.641253265915168,107315211.79421857,91.5233431427743,1000000000.0,9.318343441538764e-10,0.00010926174303314327,3.1622776601683794e-11,2,worst
560.0,56.5513945986145,92.27852244835447,0.18261982399399146,5e-14,11.3747199269623,-74.13101838858915,11.456062958941516,77601415.20258762,55.72790163556735,1000000000.0,1.2886362927652576e-09,0.00017944332563237366,3.1622776601683794e-11,2,worst
570.0,56.5513945986145,92.27852244835447,0.18261982399399146,5e-14,17.503294253545604,-76.28281152900396,11.273642828881208,116797581.7560874,33.95419058259553,1000000000.0,8.561821100785599e-10,0.0002945144569320368,3.1622776601683794e-11,2,worst
580.0,56.5513945986145,92.27852244835447,0.18261982399399146,5e-14,14.308742486245634,-78.43190282733542,11.093896514337757,96115737.88975757,20.70066300866101,1000000000.0,1.0404123424063766e-09,0.00048307631479320597,3.1622776601683794e-11,2,worst
590.0,56.5513945986145,92.27852244835447,0.18261982399399146,5e-14,13.065620997541757,-80.57838422603677,10.91673259601913,88196497.10820977,12.628044970110837,1000000000.0,1.1338318785757252e-09,0.0007918882157664846,3.1622776601683794e-11,2,worst
600.0,56.5513945986145,92.27852244835447,0.18261982399399146,5e-14,12.60093552304697,-82.72234303927686,10.742064264454626,85262083.98793127,7.7079739943314936,1000000000.0,1.1728542785108896e-09,0.0012973577761619436,3.1622776601683794e-11,2,worst
610.0,56.5513945986145,92.27852244835447,0.18261982399399146,5e-14,13.94941372311402,-84.86386225870612,10.569809015177668,93817257.26873167,4.70747816559098,1000000000.0,1.0659019770057697e-09,0.0021242796351333883,3.1622776601683794e-11,2,worst
620.0,56.5513945986145,92.27852244835447,0.18261982399399146,5e-14,15.700351113071989,-87.00302083437339,10.39988836869341,105077158.9962023,2.876553345295005,1000000000.0,9.516816114491087e-10,0.0034763826008498548,3.1622776601683794e-11,2,worst
630.0,56.5513945986145,92.27852244835447,0.18261982399399146,5e-14,15.980942451603937,-89.13989393317922,10.232227612852341,106894016.6325544,1.758673140956202,1000000000.0,9.355060568427097e-10,0.0056861049203053935,3.1622776601683794e-11,2,worst
640.0,56.5513945986145,92.27852244835447,0.18261982399399146,5e-14,11.336923359277804,-91.27455317698741,10.066755565511727,77367424.71564013,1.075769562627637,1000000000.0,1.292533651824973e-09,0.009295671068787587,3.1622776601683794e-11,2,worst
650.0,56.5513945986145,92.27852244835447,0.18261982399399146,5e-14,14.51459537160909,-93.40706686228631,9.903404355597871,97435598.05416094,0.6583666132005689,1000000000.0,1.0263189429433544e-09,0.01518910558265739,3.1622776601683794e-11,2,worst
660.0,56.5513945986145,92.27852244835447,0.18261982399399146,5e-14,12.032762067209603,-95.53750016309041,9.742109220883094,81696498.18552342,0.40311086227484166,1000000000.0,1.2240426728317219e-09,0.024807071542473056,3.1622776601683794e-11,2,worst
670.0,56.5513945986145,92.27852244835447,0.18261982399399146,5e-14,15.484575112387319,-97.66591531859277,9.582808320969434,103682068.74126594,0.2469351709974888,1000000000.0,9.644869282994885e-10,0.040496458886780835,3.1622776601683794e-11,2,worst
680.0,56.5513945986145,92.27852244835447,0.18261982399399146,5e-14,11.92392456814288,-99.7923718069247,9.425442564126712,81016516.88739045,0.15133435282938482,1000000000.0,1.2343162091132084e-09,0.06607884999696041,3.1622776601683794e-11,2,worst
690.0,56.5513945986145,92.27852244835447,0.18261982399399146,5e-14,10.226727702431361,-101.91692650623818,9.269955446771831,70561241.75665094,0.09278596730941382,1000000000.0,1.4172086192144462e-09,0.1,3.1622776601683794e-11,2,worst
700.0,56.5513945986145,92.27852244835447,0.18261982399399146,5e-14,11.333730634952516,-104.03963384420575,9.1162929044973,77347665.61054276,0.056913036293604384,1000000000.0,1.2928638403066383e-09,0.1,3.1622776601683794e-11,2,worst
710.0,56.5513945986145,92.27852244835447,0.18261982399399146,5e-14,10.096473684737646,-106.16054593692294,8.964403173666426,69771905.6170933,0.03492375574416753,1000000000.0,1.4332416338002552e-09,0.1,3.1622776601683794e-11,2,worst
720.0,56.5513945986145,92.27852244835447,0.18261982399399146,5e-14,10.94219033027504,-108.27971271810281,8.814236662688046,74932246.58166227,0.02143893187662204,1000000000.0,1.3345389276567136e-09,0.1,3.1622776601683794e-11,2,worst
730.0,56.5513945986145,92.27852244835447,0.18261982399399146,5e-14,11.887789115462198,-110.39718205936498,8.66574583216979,80790980.406835,0.013166082930619235,1000000000.0,1.2377619320428484e-09,0.1,3.1622776601683794e-11,2,worst
740.0,56.5513945986145,92.27852244835447,0.18261982399399146,5e-14,10.261539625761145,-112.51299988234655,8.518885083224887,70772551.2568477,0.008088651922109991,1000000000.0,1.412977181465171e-09,0.1,3.1622776601683794e-11,2,worst
750.0,56.5513945986145,92.27852244835447,0.18261982399399146,5e-14,11.930334025914135,-114.62721026329325,8.373610653275904,81056532.84475924,0.004971077248611425,1000000000.0,1.2337068523708211e-09,0.1,3.1622776601683794e-11,2,worst
760.0,56.5513945986145,92.27852244835447,0.18261982399399146,5e-14,12.691615493249287,-116.73985553072765,8.229880518759558,85833480.40180683,0.0030563892272865755,1000000000.0,1.1650465474763035e-09,0.1,3.1622776601683794e-11,2,worst
770.0,56.5513945986145,92.27852244835447,0.18261982399399146,5e-14,13.173985280337249,-118.85097635673793,8.087654304191261,88882983.35427368,0.0018797706724373693,1000000000.0,1.1250747468884526e-09,0.1,3.1622776601683794e-11,2,worst
780.0,56.5513945986145,92.27852244835447,0.18261982399399146,5e-14,10.709953500375036,-120.96061184238044,7.946893197096784,73507136.40759827,0.0011564369678767217,1000000000.0,1.3604121298576832e-09,0.1,3.1622776601683794e-11,2,worst
790.0,56.5513945986145,92.27852244835447,0.18261982399399146,5e-14,14.104321624144859,-123.06879959764615,7.807559868363057,94807271.08476572,0.001,1000000000.0,1.0547714205442275e-09,0.1,3.1622776601683794e-11,2,worst
800.0,56.5513945986145,92.27852244835447,0.18261982399399146,5e-14,13.549185255741008,-125.17557581640057,7.669618397598498,91265841.5524742,0.001,1000000000.0,1.0957001907718564e-09,0.1,3.1622776601683794e-11,2,worst
810.0,56.5513945986145,92.27852244835447,0.18261982399399146,5e-14,10.87499761032062,-127.28097534667256,7.5330342031298585,74519325.25203189,0.001,1000000000.0,1.3419337824354944e-09,0.1,3.1622776601683794e-11,2,worst
820.0,56.5513945986145,92.27852244835447,0.18261982399399146,5e-14,9.830340333601654,-129.38503175663294,7.397773976294019,68165749.279333,0.001,1000000000.0,1.467012408096844e-09,0.1,3.1622776601683794e-11,2,worst
830.0,56.5513945986145,92.27852244835447,0.18261982399399146,5e-14,14.250913259362534,-131.48777739657774,7.2638056197124,95745354.04822786,0.001,1000000000.0,1.0444371008292375e-09,0.1,3.1622776601683794e-11,2,worst
840.0,56.5513945986145,92.27852244835447,0.18261982399399146,5e-14,13.820683940314268,-133.58924345720203,7.1310981892617065,92995584.98093171,0.001,1000000000.0,1.0753198662119768e-09,0.1,3.1622776601683794e-11,2,worst
850.0,56.5513945986145,92.27852244835447,0.18261982399399146,5e-14,5.445581533199999,-135.68946002442792,6.999621839479005,43423829.30893892,0.001,1000000000.0,2.302883038908195e-09,0.1,3.1622776601683794e-11,2,worst
860.0,56.5513945986145,92.27852244835447,0.18261982399399146,5e-14,11.860382404543145,-137.78845613102857,6.869347772158989,80619999.6884158,0.001,1000000000.0,1.2403870055381419e-09,0.1,3.1622776601683794e-11,2,worst
870.0,56.5513945986145,92.27852244835447,0.18261982399399146,5e-14,13.289378908054701,-139.8862598052701,6.74024818792347,89614865.62133114,0.001,1000000000.0,1.1158862908141982e-09,0.1,3.1622776601683794e-11,2,worst
880.0,56.5513945986145,92.27852244835447,0.18261982399399146,5e-14,6.114158722194887,-141.98289811677623,6.612296240557981,46936901.56223862,0.001,1000000000.0,2.1305198398620196e-09,0.1,3.1622776601683794e-11,2,worst
890.0,56.5513945986145,92.27852244835447,0.18261982399399146,5e-14,11.918311521939358,-144.07839721980312,6.485465993928585,80981476.06659193,0.001,1000000000.0,1.2348502998113906e-09,0.1,3.1622776601683794e-11,2,worst
900.0,56.5513945986145,92.27852244835447,0.18261982399399146,5e-14,11.703962814486445,-146.1727823940987,6.359732381305832,79645427.67646551,0.001,1000000000.0,1.2555648568580552e-09,0.1,3.1622776601683794e-11,2,worst
910.0,56.5513945986145,92.27852244835447,0.18261982399399146,5e-14,9.258030234361982,-148.26607808350636,6.235071166935967,64743697.250807546,0.001,1000000000.0,1.5445518907055112e-09,0.1,3.1622776601683794e-11,2,worst
920.0,56.5513945986145,92.27852244835447,0.18261982399399146,5e-14,10.140422518969217,-150.35830793246018,6.111458909712212,70038001.59685762,0.001,1000000000.0,1.4277963065766097e-09,0.1,3.1622776601683794e-11,2,worst
930.0,56.5513945986145,92.27852244835447,0.18261982399399146,5e-14,13.93172409602505,-152.44949482050959,5.98887292881011,93704289.23841688,0.001,1000000000.0,1.0671870072624381e-09,0.1,3.1622776601683794e-11,2,worst
940.0,56.5513945986145,92.27852244835447,0.18261982399399146,5e-14,9.739854459445993,-154.53966089499886,5.867291271160326,67621735.97654139,0.001,1000000000.0,1.4788144456198367e-09,0.1,3.1622776601683794e-11,2,worst
950.0,56.5513945986145,92.27852244835447,0.18261982399399146,5e-14,9.3471050634504,-156.62882760201887,5.746692680642838,65273309.50733723,0.001,1000000000.0,1.5320197605233917e-09,0.1,3.1622776601683794e-11,2,worst
960.0,56.5513945986145,92.27852244835447,0.18261982399399146,5e-14,10.346971621629095,-158.71701571573976,5.62705656889392,71291742.23860927,0.001,1000000000.0,1.4026869993625053e-09,0.1,3.1622776601683794e-11,2,worst
970.0,56.5513945986145,92.27852244835447,0.18261982399399146,5e-14,6.677933748614521,-160.804245366225,5.508362987625901,49983632.753044024,0.001,1000000000.0,2.0006549042578336e-09,0.1,3.1622776601683794e-11,2,worst
980.0,56.5513945986145,92.27852244835447,0.18261982399399146,5e-14,8.39907304083809,-162.89053606581984,5.390592602366382,59698469.187359266,0.001,1000000000.0,1.6750848281579438e-09,0.1,3.1622776601683794e-11,2,worst
990.0,56.5513945986145,92.27852244835447,0.18261982399399146,5e-14,9.435582866106472,-164.97590673420225,5.273726667530781,65800492.951903775,0.001,1000000000.0,1.5197454534739431e-09,0.1,3.1622776601683794e-11,2,worst
1000.0,56.5513945986145,92.27852244835447,0.18261982399399146,5e-14,9.18376531815855,-167.06037572217485,5.157747002747243,64303019.16457918,0.001,1000000000.0,1.555136932902899e-09,0.1,3.1622776601683794e-11,2,worst
1010.0,56.5513945986145,92.27852244835447,0.18261982399399146,5e-14,9.020746089412611,-169.14396083427516,5.042635970359896,63338543.14898825,0.001,1000000000.0,1.5788174945036983e-09,0.1,3.1622776601683794e-11,2,worst
1020.0,56.5513945986145,92.27852244835447,0.18261982399399146,5e-14,10.559500782115578,-171.2266793502726,4.928376454039892,72587051.35481058,0.001,1000000000.0,1.377656181557686e-09,0.1,3.1622776601683794e-11,2,worst
1030.0,56.5513945986145,92.27852244835447,0.18261982399399146,5e-14,8.617509824628044,-173.3085480456175,4.814951838440294,60970395.80743983,0.001,1000000000.0,1.6401402463553903e-09,0.1,3.1622776601683794e-11,2,worst
1040.0,56.5513945986145,92.27852244835447,0.18261982399399146,5e-14,6.981434455543862,-175.389583210904,4.7023459898336455,51653494.46157944,0.001,1000000000.0,1.9359774404882003e-09,0.1,3.1622776601683794e-11,2,worst
1050.0,56.5513945986145,92.27852244835447,0.18261982399399146,5e-14,10.363941518580816,-177.46980067040073,4.590543237675973,71394975.72103892,0.001,1000000000.0,1.400658785720851e-09,0.1,3.1622776601683794e-11,2,worst
1060.0,56.5513945986145,92.27852244835447,0.18261982399399146,5e-14,10.630600355714733,-179.54921579970647,4.4795283570448134,73021540.7460629,0.001,1000000000.0,1.3694589155240702e-09,0.1,3.1622776601683794e-11,2,worst
1070.0,56.5513945986145,92.27852244835447,0.18261982399399146,5e-14,8.98879917284151,-181.6278435425756,4.369286551901524,63150002.289100654,0.001,1000000000.0,1.5835312173418473e-09,0.1,3.1622776601683794e-11,2,worst
1080.0,56.5513945986145,92.27852244835447,0.18261982399399146,5e-14,10.368373421725579,-183.7056984269625,4.259803439132213,71421942.05015473,0.001,1000000000.0,1.4001299478775985e-09,0.1,3.1622776601683794e-11,2,worst
1090.0,56.5513945986145,92.27852244835447,0.18261982399399146,5e-14,6.049737410660029,-185.7827945803275,4.151065033324244,46593533.93575426,0.001,1000000000.0,2.1462205493553147e-09,0.1,3.1622776601683794e-11,2,worst
1100.0,56.5513945986145,92.27852244835447,0.18261982399399146,5e-14,6.770430949568578,-187.8591457442439,4.043057732237713,50490421.6263531,0.001,1000000000.0,1.9805736767269486e-09,0.1,3.1622776601683794e-11,2,worst
1110.0,56.5513945986145,92.27852244835447,0.18261982399399146,5e-14,8.315070676433535,-189.93476528834532,3.935768302934548,59211463.40011933,0.001,1000000000.0,1.6888621604275107e-09,0.1,3.1622776601683794e-11,2,worst
1120.0,56.5513945986145,92.27852244835447,0.18261982399399146,5e-14,9.56038445027643,-192.00966622364786,3.8291838685295545,66545971.51718504,0.001,1000000000.0,1.502720566250591e-09,0.1,3.1622776601683794e-11,2,worst
1130.0,56.5513945986145,92.27852244835447,0.18261982399399146,5e-14,8.696231144647768,-194.0838612152803,3.7232918955302807,61430695.81071539,0.001,1000000000.0,1.6278506808408467e-09,0.1,3.1622776601683794e-11,2,worst
1140.0,56.5513945986145,92.27852244835447,0.18261982399399146,5e-14,6.150125844250454,-196.15736259465552,3.61808018173474,47129044.22180655,0.001,1000000000.0,2.1218338213981887e-09,0.1,3.1622776601683794e-11,2,worst
1150.0,56.5513945986145,92.27852244835447,0.18261982399399146,5e-14,6.305715617445998,-198.2301823711087,3.5135368446574375,47963794.36951604,0.001,1000000000.0,2.0849059444628968e-09,0.1,3.1622776601683794e-11,2,worst
1160.0,56.5513945986145,92.27852244835447,0.18261982399399146,5e-14,6.351789451010177,-200.30233224303407,3.409650310456783,48212081.91324787,0.001,1000000000.0,2.0741688811517945e-09,0.1,3.1622776601683794e-11,2,worst
1170.0,56.5513945986145,92.27852244835447,0.18261982399399146,5e-14,4.438954039920105,-202.37382360854366,3.306409303337432,38360425.399513364,0.001,1000000000.0,2.6068532597990584e-09,0.1,3.1622776601683794e-11,2,worst
1180.0,56.5513945986145,92.27852244835447,0.18261982399399146,5e-14,11.304212078799566,-204.4446675756722,3.20380283540365,77165028.64246933,0.001,1000000000.0,1.2959238369926943e-09,0.1,3.1622776601683794e-11,2,worst
1190.0,56.5513945986145,92.27852244835447,0.18261982399399146,5e-14,6.79687691598636,-206.51487497215294,3.10182019694102,50635664.769077495,0.001,1000000000.0,1.9748926069411186e-09,0.1,3.1622776601683794e-11,2,worst
1200.0,56.5513945986145,92.27852244835447,0.18261982399399146,5e-14,8.595509070176334,-208.58445635478404,3.000450947104639,60841932.31267144,0.001,1000000000.0,1.643603288043059e-09,0.1,3.1622776601683794e-11,2,worst
1210.0,56.5513945986145,92.27852244835447,0.18261982399399146,5e-14,10.280214341778958,-210.653422018407,2.89968490499362,70885967.53737725,0.001,1000000000.0,1.4107164432406357e-09,0.1,3.1622776601683794e-11,2,worst
1220.0,56.5513945986145,92.27852244835447,0.18261982399399146,5e-14,9.499054200754728,-212.72178200451657,2.7995121410931745,66179356.753614135,0.001,1000000000.0,1.5110452096459653e-09,0.1,3.1622776601683794e-11,2,worst
1230.0,56.5513945986145,92.27852244835447,0.18261982399399146,5e-14,9.3009021555295,-214.78954610951803,2.6999229690656534,64998458.35789066,0.001,1000000000.0,1.5384980278976147e-09,0.1,3.1622776601683794e-11,2,worst
1240.0,56.5513945986145,92.27852244835447,0.18261982399399146,5e-14,10.08151245028185,-216.8567238926525,2.6009079378744104,69681374.79053713,0.001,1000000000.0,1.435103717465405e-09,0.1,3.1622776601683794e-11,2,worst
1250.0,56.5513945986145,92.27852244835447,0.18261982399399146,5e-14,0.8130104249991632,-218.92332468360263,2.5024578242234554,22826975.440694924,0.001,1000000000.0,4.380781863098885e-09,0.1,3.1622776601683794e-11,2,worst
1260.0,56.5513945986145,92.27852244835447,0.18261982399399146,5e-14,9.898824040281042,-220.98935758979695,2.4045636252988345,68578194.03534241,0.001,1000000000.0,1.4581894639637794e-09,0.1,3.1622776601683794e-11,2,worst
1270.0,56.5513945986145,92.27852244835447,0.18261982399399146,5e-14,7.79440444603118,-223.05483150342434,2.3072165517964436,56220530.176853016,0.001,1000000000.0,1.778709657938654e-09,0.1,3.1622776601683794e-11,2,worst
1280.0,56.5513945986145,92.27852244835447,0.18261982399399146,5e-14,9.580173817025667,-225.1197551081753,2.2104080212237136,66664377.143095896,0.001,1000000000.0,1.5000515160495506e-09,0.1,3.1622776601683794e-11,2,worst
1290.0,56.5513945986145,92.27852244835447,0.18261982399399146,5e-14,7.351914414487695,-227.18413688572008,2.1141296514615817,53718348.05487359,0.001,1000000000.0,1.8615613402305194e-09,0.1,3.1622776601683794e-11,2,worst
1300.0,56.5513945986145,92.27852244835447,0.18261982399399146,5e-14,10.549063206772487,-229.2479851219374,2.0183732545753514,72523315.5117601,0.001,1000000000.0,1.378866910514928e-09,0.1,3.1622776601683794e-11,2,worst
1310.0,56.5513945986145,92.27852244835447,0.18261982399399146,5e-14,6.993217062176896,-231.31130791290468,1.9231308308622772,51718723.46763212,0.001,1000000000.0,1.933535735130517e-09,0.1,3.1622776601683794e-11,2,worst
1320.0,56.5513945986145,92.27852244835447,0.18261982399399146,5e-14,7.151769821033113,-233.37411317066085,1.8283945631260679,52599324.31226629,0.001,1000000000.0,1.9011651063487097e-09,0.1,3.1622776601683794e-11,2,worst
1330.0,56.5513945986145,92.27852244835447,0.18261982399399146,5e-14,4.169514941530949,-235.43640862875168,1.7341568111668266,37054916.3285446,0.001,1000000000.0,2.698697228550123e-09,0.1,3.1622776601683794e-11,2,worst
1340.0,56.5513945986145,92.27852244835447,0.18261982399399146,5e-14,5.533748905854111,-237.49820184756845,1.6404101064779013,43880566.65059313,0.001,1000000000.0,2.278913141579686e-09,0.1,3.1622776601683794e-11,2,worst
1350.0,56.5513945986145,92.27852244835447,0.18261982399399146,5e-14,2.2102839314904514,-239.559500219487,1.5471471471394125,28266697.487380806,0.001,1000000000.0,3.5377319916712352e-09,0.1,3.1622776601683794e-11,2,worst
1360.0,56.5513945986145,92.27852244835447,0.18261982399399146,5e-14,6.853208155816745,-241.62031097381873,1.4543607929006725,50945549.32558706,0.001,1000000000.0,1.962880002743943e-09,0.1,3.1622776601683794e-11,2,worst
1370.0,56.5513945986145,92.27852244835447,0.18261982399399146,5e-14,2.637656555564348,-243.6806411815797,1.362044060442372,30072547.682419423,0.001,1000000000.0,3.325291925913565e-09,0.1,3.1622776601683794e-11,2,worst
1380.0,56.5513945986145,92.27852244835447,0.18261982399399146,5e-14,8.710556398615452,-245.7404977600866,1.2701901188112856,61514565.81887408,0.001,1000000000.0,1.6256312414598512e-09,0.1,3.1622776601683794e-11,2,worst
1390.0,56.5513945986145,92.27852244835447,0.18261982399399146,5e-14,6.11752816288579,-247.7998874773873,1.1787922850195969,46954888.45971181,0.001,1000000000.0,2.1297037066929017e-09,0.1,3.1622776601683794e-11,2,worst
1400.0,56.5513945986145,92.27852244835447,0.18261982399399146,5e-14,4.559228957781315,-249.85881695653256,1.0878440198022474,38950205.73307146,0.001,1000000000.0,2.5673805341442133e-09,0.1,3.1622776601683794e-11,2,worst
1410.0,56.5513945986145,92.27852244835447,0.18261982399399146,5e-14,3.248464215111369,-251.91729267969555,0.9973389235248931,32763718.074312832,0.001,1000000000.0,3.052156650023224e-09,0.1,3.1622776601683794e-11,2,worst
1420.0,56.5513945986145,92.27852244835447,0.18261982399399146,5e-14,5.166407367581172,-253.97532099214703,0.9072707322368672,41991270.75346669,0.001,1000000000.0,2.3814473390697345e-09,0.1,3.1622776601683794e-11,2,worst
1430.0,56.5513945986145,92.27852244835447,0.18261982399399146,5e-14,6.80316501893617,-256.03290810608996,0.8176333138622454,50670222.021789275,0.001,1000000000.0,1.973545723896727e-09,0.1,3.1622776601683794e-11,2,worst
1440.0,56.5513945986145,92.27852244835447,0.18261982399399146,5e-14,8.452377734487726,-258.0900601043614,0.7284206645239806,60008123.39072241,0.001,1000000000.0,1.6664410474709257e-09,0.1,3.1622776601683794e-11,2,worst
1450.0,56.5513945986145,92.27852244835447,0.18261982399399146,5e-14,5.030136275173035,-260.1467829440065,0.6396269049949694,41299708.169728816,0.001,1000000000.0,2.4213246153951368e-09,0.1,3.1622776601683794e-11,2,worst
1460.0,56.5513945986145,92.27852244835447,0.18261982399399146,5e-14,4.213710756698575,-262.2030824597294,0.5512462772712183,37267549.618138626,0.001,1000000000.0,2.6832995736142693e-09,0.1,3.1622776601683794e-11,2,worst
1470.0,56.5513945986145,92.27852244835447,0.18261982399399146,5e-14,5.667401639522623,-264.2589643672271,0.4632731412619364,44576798.984783836,0.001,1000000000.0,2.2433194459327313e-09,0.1,3.1622776601683794e-11,2,worst
1480.0,56.5513945986145,92.27852244835447,0.18261982399399146,5e-14,6.438500246389353,-266.31443426640953,0.37570197159180907,48680700.45916788,0.001,1000000000.0,2.05420215931111e-09,0.1,3.1622776601683794e-11,2,worst
1490.0,56.5513945986145,92.27852244835447,0.18261982399399146,5e-14,7.784331685278303,-268.3694976445126,0.28852735451096123,56163153.673500635,0.001,1000000000.0,1.7805267948687653e-09,0.1,3.1622776601683794e-11,2,worst
1500.0,56.5513945986145,92.27852244835447,0.18261982399399146,5e-14,7.0600171737140585,-270.424159879106,0.2017439849083189,52089087.49699517,0.001,1000000000.0,1.919787901943351e-09,0.1,3.1622776601683794e-11,2,worst
1510.0,56.5513945986145,92.27852244835447,0.18261982399399146,5e-14,4.718103524078657,-272.4784262410021,0.11534666342404876,39735768.81340847,0.001,1000000000.0,2.5166242653962673e-09,0.1,3.1622776601683794e-11,2,worst
1520.0,56.5513945986145,92.27852244835447,0.18261982399399146,5e-14,6.575683509832302,-274.5323018970686,0.02933029365749462,49425625.990937814,0.001,1000000000.0,2.0232419518234327e-09,0.1,3.1622776601683794e-11,2,worst
1530.0,56.5513945986145,92.27852244835447,0.18261982399399146,5e-14,6.500689987712235,-276.58579191294893,-0.05631012053356699,49017867.209416494,0.001,1000000000.0,2.040072440785218e-09,0.1,3.1622776601683794e-11,0,worst
1540.0,56.5513945986145,92.27852244835447,0.18261982399399146,5e-14,5.359584519282038,-278.6389012556948,-0.14157947764533674,42980313.86619264,0.001,1000000000.0,2.326646573855241e-09,0.1,3.1622776601683794e-11,0,worst
1550.0,56.5513945986145,92.27852244835447,0.18261982399399146,5e-14,4.984351987538233,-280.6916347963127,-0.22648258105641617,41068512.70107479,0.001,1000000000.0,2.4349554786137398e-09,0.1,3.1622776601683794e-11,0,worst
1560.0,56.5513945986145,92.27852244835447,0.18261982399399146,5e-14,6.422048972397519,-282.7439973122295,-0.31102414147432,48591657.44143173,0.001,1000000000.0,2.0579664342697414e-09,0.1,3.1622776601683794e-11,0,worst
1570.0,56.5513945986145,92.27852244835447,0.18261982399399146,5e-14,4.960819395999337,-284.79599348967895,-0.39520877930428355,40949908.88917551,0.001,1000000000.0,2.442007875295505e-09,0.1,3.1622776601683794e-11,0,worst
1580.0,56.5513945986145,92.27852244835447,0.18261982399399146,5e-14,5.871003864664104,-286.8476279260126,-0.47904102694255357,45646203.905689664,0.001,1000000000.0,2.1907626799944103e-09,0.1,3.1622776601683794e-11,0,worst
1590.0,56.5513945986145,92.27852244835447,0.18261982399399146,5e-14,3.697463212334938,-288.8989051319377,-0.5625253309976586,34821657.94930653,0.001,1000000000.0,2.8717759546538618e-09,0.1,3.1622776601683794e-11,0,worst
1600.0,56.5513945986145,92.27852244835447,0.18261982399399146,5e-14,6.5867878162647315,-290.94982953368566,-0.6456660544416195,49486111.350933164,0.001,1000000000.0,2.020769005081954e-09,0.1,3.1622776601683794e-11,0,worst
1610.0,56.5513945986145,92.27852244835447,0.18261982399399146,5e-14,2.3386590496184994,-293.00040547511253,-0.7284674786946255,28802334.455119193,0.001,1000000000.0,3.4719407954873767e-09,0.1,3.1622776601683794e-11,0,worst
1620.0,56.5513945986145,92.27852244835447,0.18261982399399146,5e-14,3.968816494996119,-295.0506372197344,-0.8109338056447655,36096890.31737779,0.001,1000000000.0,2.7703217402042506e-09,0.1,3.1622776601683794e-11,0,worst
1630.0,56.5513945986145,92.27852244835447,0.18261982399399146,5e-14,2.8050049598138713,-297.1005289527007,-0.8930691596058011,30797150.809898134,0.001,1000000000.0,3.2470536192542924e-09,0.1,3.1622776601683794e-11,0,worst
1640.0,56.5513945986145,92.27852244835447,0.18261982399399146,5e-14,6.359557276485376,-299.1500847827072,-0.9748775892151116,48253990.93287727,0.001,1000000000.0,2.072367447059518e-09,0.1,3.1622776601683794e-11,0,worst
1650.0,56.5513945986145,92.27852244835447,0.18261982399399146,5e-14,6.363491240716613,-301.19930874385057,-1.0563630692737718,48275220.852795824,0.001,1000000000.0,2.0714560852021162e-09,0.1,3.1622776601683794e-11,0,worst
1660.0,56.5513945986145,92.27852244835447,0.18261982399399146,5e-14,4.2082677765665295,-303.2482047974273,-1.1375295025312653,37241330.34080922,0.001,1000000000.0,2.6851887160008233e-09,0.1,3.1622776601683794e-11,0,worst
1670.0,56.5513945986145,92.27852244835447,0.18261982399399146,5e-14,2.4008217556677494,-305.2967768336786,-1.218380721416338,29063815.507875282,0.001,1000000000.0,3.4407044722983285e-09,0.1,3.1622776601683794e-11,0,worst
1680.0,56.5513945986145,92.27852244835447,0.18261982399399146,5e-14,6.552386609741973,-307.3450286734835,-1.298920489716437,49298818.01694021,0.001,1000000000.0,2.0284461985607384e-09,0.1,3.1622776601683794e-11,0,worst
1690.0,56.5513945986145,92.27852244835447,0.18261982399399146,5e-14,3.876338921037444,-309.392964070001,-1.3791525042071555,35659673.8435996,0.001,1000000000.0,2.804288127776821e-09,0.1,3.1622776601683794e-11,0,worst
1700.0,56.5513945986145,92.27852244835447,0.18261982399399146,5e-14,3.1790132984036177,-311.4405867102651,-1.4590803962336736,32451338.67752857,0.001,1000000000.0,3.0815369742896474e-09,0.1,3.1622776601683794e-11,0,worst
1710.0,56.5513945986145,92.27852244835447,0.18261982399399146,5e-14,2.1610483042110076,-313.487900216732,-1.538707733245758,28062831.02361847,0.001,1000000000.0,3.563432353486973e-09,0.1,3.1622776601683794e-11,0,worst
1720.0,56.5513945986145,92.27852244835447,0.18261982399399146,5e-14,6.936438032261236,-315.53490814878273,-1.6180380202881963,51404664.59388212,0.001,1000000000.0,1.9453487497689347e-09,0.1,3.1622776601683794e-11,0,worst
1730.0,56.5513945986145,92.27852244835447,0.18261982399399146,5e-14,5.2782698981801985,-317.58161400418237,-1.697074701447633,42562764.01624155,0.001,1000000000.0,2.3494714760968285e-09,0.1,3.1622776601683794e-11,0,worst
1740.0,56.5513945986145,92.27852244835447,0.18261982399399146,5e-14,2.3183502684933757,-319.6280212204974,-1.7758211612582215,28717205.536894586,0.001,1000000000.0,3.482232972547571e-09,0.1,3.1622776601683794e-11,0,worst
1750.0,56.5513945986145,92.27852244835447,0.18261982399399146,5e-14,5.759593524172828,-321.6741331764715,-1.8542807260666052,45059728.416136794,0.001,1000000000.0,2.219276580552758e-09,0.1,3.1622776601683794e-11,0,worst
1760.0,56.5513945986145,92.27852244835447,0.18261982399399146,5e-14,1.3162599094008982,-323.71995319336395,-1.9324566653582167,24702566.393279128,0.001,1000000000.0,4.048162381508959e-09,0.1,3.1622776601683794e-11,0,worst
1770.0,56.5513945986145,92.27852244835447,0.18261982399399146,5e-14,5.701169756876553,-325.76548453624844,-2.010352193045861,44753434.918877125,0.001,1000000000.0,2.234465358497426e-09,0.1,3.1622776601683794e-11,0,worst
1780.0,56.5513945986145,92.27852244835447,0.18261982399399146,5e-14,3.6044182708070736,-327.8107304152764,-2.087970468722119,34389797.71899764,0.001,1000000000.0,2.9078391451182603e-09,0.1,3.1622776601683794e-11,0,worst
1790.0,56.5513945986145,92.27852244835447,0.18261982399399146,5e-14,3.1774257021486108,-329.8556939869048,-2.16531459887662,32444216.799675535,0.001,1000000000.0,3.0822134070131128e-09,0.1,3.1622776601683794e-11,0,worst
1800.0,56.5513945986145,92.27852244835447,0.18261982399399146,5e-14,3.8613413126403913,-331.9003783550895,-2.2423876380793786,35589021.51331825,0.001,1000000000.0,2.809855279740626e-09,0.1,3.1622776601683794e-11,0,worst
1810.0,56.5513945986145,92.27852244835447,0.18261982399399146,5e-14,7.902074578691128,-333.94478657244605,-2.3191925901314505,56835019.78804295,0.001,1000000000.0,1.7594785815670321e-09,0.1,3.1622776601683794e-11,0,worst
1820.0,56.5513945986145,92.27852244835447,0.18261982399399146,5e-14,1.1972867204891173,-335.98892164137794,-2.3957324091837506,24250557.657359898,0.001,1000000000.0,4.123616512779474e-09,0.1,3.1622776601683794e-11,0,worst
1830.0,56.5513945986145,92.27852244835447,0.18261982399399146,5e-14,3.9289843551501065,-338.03278651517456,-2.4720100008253496,35908242.39227461,0.001,1000000000.0,2.784875932037104e-09,0.1,3.1622776601683794e-11,0,worst
1840.0,56.5513945986145,92.27852244835447,0.18261982399399146,5e-14,3.2935743669951734,-340.07638409907923,-2.548028223142012,32967479.01751708,0.001,1000000000.0,3.033292292287972e-09,0.1,3.1622776601683794e-11,0,worst
1850.0,56.5513945986145,92.27852244835447,0.18261982399399146,5e-14,5.0941746887651504,-342.119717251328,-2.623789887746085,41624058.582849115,0.001,1000000000.0,2.4024567378733285e-09,0.1,3.1622776601683794e-11,0,worst
1860.0,56.5513945986145,92.27852244835447,0.18261982399399146,5e-14,2.751619372012115,-344.16278878416074,-2.69929776077862,30564940.617541213,0.001,1000000000.0,3.2717223714352654e-09,0.1,3.1622776601683794e-11,0,worst
1870.0,56.5513945986145,92.27852244835447,0.18261982399399146,5e-14,4.220128947161072,-346.205601464805,-2.7745545638847773,37298478.16762296,0.001,1000000000.0,2.6810745347461728e-09,0.1,3.1622776601683794e-11,0,worst
1880.0,56.5513945986145,92.27852244835447,0.18261982399399146,5e-14,8.558948264302359,-348.24815801643405,-2.849562975162911,60628626.791691504,0.001,1000000000.0,1.6493858642647654e-09,0.1,3.1622776601683794e-11,0,worst
1890.0,56.5513945986145,92.27852244835447,0.18261982399399146,5e-14,2.97087100048617,-350.29046111909884,-2.9243256300887026,31524874.326243926,0.001,1000000000.0,3.1720982918162403e-09,0.1,3.1622776601683794e-11,0,worst
1900.0,56.5513945986145,92.27852244835447,0.18261982399399146,5e-14,1.2339981011197665,-352.33251341063635,-2.998845122414906,24389467.618780386,0.001,1000000000.0,4.100130497436441e-09,0.1,3.1622776601683794e-11,0,worst
1910.0,56.5513945986145,92.27852244835447,0.18261982399399146,5e-14,4.708644273252773,-354.37431748755324,-3.07312400504739,39688791.84206611,0.001,1000000000.0,2.5196030254065357e-09,0.1,3.1622776601683794e-11,0,worst
1920.0,56.5513945986145,92.27852244835447,0.18261982399399146,5e-14,6.248002548069195,-356.4158759058871,-3.14716479089833,47653488.74435236,0.001,1000000000.0,2.098482244111696e-09,0.1,3.1622776601683794e-11,0,worst
1930.0,56.5513945986145,92.27852244835447,0.18261982399399146,5e-14,5.928062717800685,-358.4571911820452,-3.220969953717315,45947771.30352811,0.001,1000000000.0,2.176384124039581e-09,0.1,3.1622776601683794e-11,0,worst
1940.0,56.5513945986145,92.27852244835447,0.18261982399399146,5e-14,2.650400715283169,-360.4982657936211,-3.2945419289008555,30127386.077748813,0.001,1000000000.0,3.3192391713616675e-09,0.1,3.1622776601683794e-11,0,worst
1950.0,56.5513945986145,92.27852244835447,0.18261982399399146,5e-14,5.991332438232362,-362.53910218019115,-3.3678831142811987,46283107.755469926,0.001,1000000000.0,2.1606154998997794e-09,0.1,3.1622776601683794e-11,0,worst
1960.0,56.5513945986145,92.27852244835447,0.18261982399399146,5e-14,2.846016800495164,-364.5797027440901,-3.4409958708948807,30976207.5382076,0.001,1000000000.0,3.2282841557235505e-09,0.1,3.1622776601683794e-11,0,worst
1970.0,56.5513945986145,92.27852244835447,0.18261982399399146,5e-14,8.608888033991406,-366.62006985116716,-3.5138825237317235,60920043.35292548,0.001,1000000000.0,1.6414958771561322e-09,0.1,3.1622776601683794e-11,0,worst
1980.0,56.5513945986145,92.27852244835447,0.18261982399399146,5e-14,4.679515822884312,-368.660205831523,-3.586545362464989,39544295.26063485,0.001,1000000000.0,2.5288097648701047e-09,0.1,3.1622776601683794e-11,0,worst
1990.0,56.5513945986145,92.27852244835447,0.18261982399399146,5e-14,5.142802209799257,-370.7001129802277,-3.6589866421630006,41871110.58643382,0.001,1000000000.0,2.3882815287063312e-09,0.1,3.1622776601683794e-11,0,worst
2000.0,56.5513945986145,92.27852244835447,0.18261982399399146,5e-14,2.685091927596474,-372.73979355802203,-3.7312085839830047,30276950.078751974,0.001,1000000000.0,3.302842582885483e-09,0.1,3.1622776601683794e-11,0,worst
2010.0,56.5513945986145,92.27852244835447,0.18261982399399146,5e-14,3.304009444129548,-374.7792497919997,-3.803213375847662,33014710.293605857,0.001,1000000000.0,3.0289528246857756e-09,0.1,3.1622776601683794e-11,0,worst
2020.0,56.5513945986145,92.27852244835447,0.18261982399399146,5e-14,3.4287015507974417,-376.81848387627406,-3.8750031731048864,33581880.455333516,0.001,1000000000.0,2.9777963188514026e-09,0.1,3.1622776601683794e-11,0,worst
2030.0,56.5513945986145,92.27852244835447,0.18261982399399146,5e-14,1.019794202850079,-378.8574979726265,-3.9465800991711717,23586098.58287768,0.001,1000000000.0,4.239785552011343e-09,0.1,3.1622776601683794e-11,0,worst
2040.0,56.5513945986145,92.27852244835447,0.18261982399399146,5e-14,3.6265533013202713,-380.8962942111422,-4.017946246159397,34492282.61390394,0.001,1000000000.0,2.8991992533335476e-09,0.1,3.1622776601683794e-11,0,worst
2050.0,56.5513945986145,92.27852244835447,0.18261982399399146,5e-14,2.0633941399282065,-382.93487469082635,-4.089103675491003,27661063.65586826,0.001,1000000000.0,3.615189974040826e-09,0.1,3.1622776601683794e-11,0,worst
2060.0,56.5513945986145,92.27852244835447,0.18261982399399146,5e-14,4.407079084942538,-384.97324148020886,-4.160054418493502,38204842.86255316,0.001,1000000000.0,2.617469213517325e-09,0.1,3.1622776601683794e-11,0,worst
2070.0,56.5513945986145,92.27852244835447,0.18261982399399146,5e-14,2.8729747319028576,-387.0113966179319,-4.2308004769832905,31094220.644068845,0.001,1000000000.0,3.2160317232158957e-09,0.1,3.1622776601683794e-11,0,worst
2080.0,56.5513945986145,92.27852244835447,0.18261982399399146,5e-14,4.297964528970681,-389.0493421133256,-4.301343823834657,37674555.80448726,0.001,1000000000.0,2.6543113213849603e-09,0.1,3.1622776601683794e-11,0,worst
2090.0,56.5513945986145,92.27852244835447,0.18261982399399146,5e-14,1.517312611337033,-391.0870799469674,-4.371686403535023,25478429.032594398,0.001,1000000000.0,3.924888770499571e-09,0.1,3.1622776601683794e-11,0,worst
2100.0,56.5513945986145,92.27852244835447,0.18261982399399146,5e-14,4.7353756128030255,-393.12461207123073,-4.441830132726835,39821612.86559619,0.001,1000000000.0,2.51119914046462e-09,0.1,3.1622776601683794e-11,0,worst
2110.0,56.5513945986145,92.27852244835447,0.18261982399399146,5e-14,2.863784949874301,-395.1619404108185,-4.511776900736805,31053962.68260604,0.001,1000000000.0,3.2202009457560163e-09,0.1,3.1622776601683794e-11,0,worst
2120.0,56.5513945986145,92.27852244835447,0.18261982399399146,5e-14,3.0413218822621673,-397.19906686328534,-4.581528570092502,31836816.93967058,0.001,1000000000.0,3.141017526642056e-09,0.1,3.1622776601683794e-11,0,worst
2130.0,56.5513945986145,92.27852244835447,0.18261982399399146,5e-14,2.853490808921535,-399.23599329954703,-4.651086977026722,31008901.292262536,0.001,1000000000.0,3.224880464402407e-09,0.1,3.1622776601683794e-11,0,worst
2140.0,56.5513945986145,92.27852244835447,0.18261982399399146,5e-14,4.046386329905502,-401.2727215643781,-4.720453931970297,36465688.041292064,0.001,1000000000.0,2.7423039402619967e-09,0.1,3.1622776601683794e-11,0,worst
2150.0,56.5513945986145,92.27852244835447,0.18261982399399146,5e-14,4.646378942907077,-403.309253476898,-4.789631220033101,39380213.26359067,0.001,1000000000.0,2.539346329352053e-09,0.1,3.1622776601683794e-11,0,worst
2160.0,56.5513945986145,92.27852244835447,0.18261982399399146,5e-14,3.047620122102785,-405.3455908310456,-4.858620601474115,31864786.407609966,0.001,1000000000.0,3.1382604835574217e-09,0.1,3.1622776601683794e-11,0,worst
2170.0,56.5513945986145,92.27852244835447,0.18261982399399146,5e-14,2.986695151178651,-407.38173539604344,-4.927423812160583,31594793.49261531,0.001,1000000000.0,3.1650784495038123e-09,0.1,3.1622776601683794e-11,0,worst
2180.0,56.5513945986145,92.27852244835447,0.18261982399399146,5e-14,8.671448936078974,-409.4176889168507,-4.996042564016591,61285681.25183689,0.001,1000000000.0,1.6317025112126456e-09,0.1,3.1622776601683794e-11,0,worst
2190.0,56.5513945986145,92.27852244835447,0.18261982399399146,5e-14,1.7381938235378556,-411.4534531146057,-5.0644785454613555,26348092.549793076,0.001,1000000000.0,3.79534115462128e-09,0.1,3.1622776601683794e-11,0,worst
2200.0,56.5513945986145,92.27852244835447,0.18261982399399146,5e-14,2.6628409764522303,-413.48902968705977,-5.132733421837628,30180971.45305241,0.001,1000000000.0,3.313345965538373e-09,0.1,3.1622776601683794e-11,0,worst
2210.0,56.5513945986145,92.27852244835447,0.18261982399399146,5e-14,1.4798035147778705,-415.5244203089987,-5.20080883583023,25332539.922000512,0.001,1000000000.0,3.947492052036723e-09,0.1,3.1622776601683794e-11,0,worst
2220.0,56.5513945986145,92.27852244835447,0.18261982399399146,5e-14,6.15676623880762,-417.5596266326577,-5.2687064078753,47164552.425499834,0.001,1000000000.0,2.120236382142245e-09,0.1,3.1622776601683794e-11,0,worst
2230.0,56.5513945986145,92.27852244835447,0.18261982399399146,5e-14,4.074946955908757,-419.5946502881244,-5.3364277365602675,36601947.36831268,0.001,1000000000.0,2.732095071164787e-09,0.1,3.1622776601683794e-11,0,worst
2240.0,56.5513945986145,92.27852244835447,0.18261982399399146,5e-14,2.902504907302088,-421.629492883735,-5.4039743990148,31223780.6657467,0.001,1000000000.0,3.2026871143667303e-09,0.1,3.1622776601683794e-11,0,worst
2250.0,56.5513945986145,92.27852244835447,0.18261982399399146,5e-14,2.6330738178835134,-423.6641560064595,-5.471347951293296,30052841.92610077,0.001,1000000000.0,3.3274723317647515e-09,0.1,3.1622776601683794e-11,0,worst
2260.0,56.5513945986145,92.27852244835447,0.18261982399399146,5e-14,-2.6619560161707767,-425.6986412222808,-5.53854992874858,12491504.823211346,0.001,1000000000.0,8.005440610660692e-09,0.1,3.1622776601683794e-11,0,worst
2270.0,56.5513945986145,92.27852244835447,0.18261982399399146,5e-14,4.084988283481039,-427.73295007656327,-5.605581846397513,36649913.311032675,0.001,1000000000.0,2.7285194142573084e-09,0.1,3.1622776601683794e-11,0,worst
2280.0,56.5513945986145,92.27852244835447,0.18261982399399146,5e-14,8.156364381952514,-429.76708409441414,-5.672445199278627,58294672.62616726,0.001,1000000000.0,1.7154226191693561e-09,0.1,3.1622776601683794e-11,0,worst
2290.0,56.5513945986145,92.27852244835447,0.18261982399399146,5e-14,3.997755129951912,-431.80104478103794,-5.739141462801825,36234256.90691832,0.001,1000000000.0,2.759819257695518e-09,0.1,3.1622776601683794e-11,0,worst
2300.0,56.5513945986145,92.27852244835447,0.18261982399399146,5e-14,0.9575110238950657,-433.8348336220813,-5.805672093090436,23355749.644572783,0.001,1000000000.0,4.281600955730281e-09,0.1,3.1622776601683794e-11,0,worst
2310.0,56.5513945986145,92.27852244835447,0.18261982399399146,5e-14,2.803421568323742,-435.86845208397153,-5.872038527315965,30790249.389434952,0.001,1000000000.0,3.247781423761802e-09,0.1,3.1622776601683794e-11,0,worst
2320.0,56.5513945986145,92.27852244835447,0.18261982399399146,5e-14,5.800993224696185,-437.901901614248,-5.938242184025597,45277295.66824893,0.001,1000000000.0,2.2086124739584616e-09,0.1,3.1622776601683794e-11,0,worst
2330.0,56.5513945986145,92.27852244835447,0.18261982399399146,5e-14,-2.0986412978115254,-439.9351836418858,-6.004284463462483,13862609.228664178,0.001,1000000000.0,7.213649202000636e-09,0.1,3.1622776601683794e-11,0,worst
2340.0,56.5513945986145,92.27852244835447,0.18261982399399146,5e-14,2.8537200584254805,-441.96829957761247,-6.070166747879455,31009904.408247408,0.001,1000000000.0,3.2247761451790856e-09,0.1,3.1622776601683794e-11,0,worst
2350.0,56.5513945986145,92.27852244835447,0.18261982399399146,5e-14,0.4549966446232929,-444.0012508142189,-6.135890401845842,21551035.931258056,0.001,1000000000.0,4.640148172875439e-09,0.1,3.1622776601683794e-11,0,worst
2360.0,56.5513945986145,92.27852244835447,0.18261982399399146,5e-14,3.0981490480375413,-446.03403872686283,-6.201456772547743,32089663.33867991,0.001,1000000000.0,3.1162682806791254e-09,0.1,3.1622776601683794e-11,0,worst
2370.0,56.5513945986145,92.27852244835447,0.18261982399399146,5e-14,-0.6789498162423797,-448.0666646733655,-6.266867190082195,17832637.698014833,0.001,1000000000.0,5.607695378184699e-09,0.1,3.1622776601683794e-11,0,worst
2380.0,56.5513945986145,92.27852244835447,0.18261982399399146,5e-14,3.559747188102534,-450.0991299945033,-6.33212296774488,34183454.20567968,0.001,1000000000.0,2.925391898615814e-09,0.1,3.1622776601683794e-11,0,worst
2390.0,56.5513945986145,92.27852244835447,0.18261982399399146,5e-14,-3.3860643323680364,-452.1314360142927,-6.397225402311875,10890840.347661477,0.001,1000000000.0,9.182027906732871e-09,0.1,3.1622776601683794e-11,0,worst
2400.0,56.5513945986145,92.27852244835447,0.18261982399399146,5e-14,3.554245908934945,-454.16358404026937,-6.462175774315767,34158087.60767453,0.001,1000000000.0,2.9275643633378443e-09,0.1,3.1622776601683794e-11,0,worst
2410.0,56.5513945986145,92.27852244835447,0.18261982399399146,5e-14,-1.044416300047672,-456.19557536376044,-6.526975348315517,16738613.302564735,0.001,1000000000.0,5.9742105389744405e-09,0.1,3.1622776601683794e-11,0,worst
2420.0,56.5513945986145,92.27852244835447,0.18261982399399146,5e-14,0.3736436743694327,-458.2274112601534,-6.591625373161293,21267906.111749336,0.001,1000000000.0,4.701920324199455e-09,0.1,3.1622776601683794e-11,0,worst
2430.0,56.5513945986145,92.27852244835447,0.18261982399399146,5e-14,0.02207663497965484,-460.25909298915735,-6.65612708225342,20073430.192970663,0.001,1000000000.0,4.981709605118617e-09,0.1,3.1622776601683794e-11,0,worst
2440.0,56.5513945986145,92.27852244835447,0.18261982399399146,5e-14,2.264002992411932,-462.2906217950597,-6.720481693796245,28490120.061767317,0.001,1000000000.0,3.5099887183064663e-09,0.1,3.1622776601683794e-11,0,worst
2450.0,56.5513945986145,92.27852244835447,0.18261982399399146,5e-14,1.5096459251496839,-464.32199890697825,-6.7846904110468245,25448567.503977038,0.001,1000000000.0,3.929494262668115e-09,0.1,3.1622776601683794e-11,0,worst
2460.0,56.5513945986145,92.27852244835447,0.18261982399399146,5e-14,2.10888496491431,-466.35322553910646,-6.848754422558272,27847793.375124387,0.001,1000000000.0,3.5909487927085476e-09,0.1,3.1622776601683794e-11,0,worst
2470.0,56.5513945986145,92.27852244835447,0.18261982399399146,5e-14,3.7229031175891834,-468.3843028909562,-6.912674902418502,34940219.50876784,0.001,1000000000.0,2.8620312466813827e-09,0.1,3.1622776601683794e-11,0,worst
2480.0,56.5513945986145,92.27852244835447,0.18261982399399146,5e-14,2.14768233114647,-470.41523214759286,-6.976453010484022,28007637.88180096,0.001,1000000000.0,3.570454617487712e-09,0.1,3.1622776601683794e-11,0,worst
2490.0,56.5513945986145,92.27852244835447,0.18261982399399146,5e-14,1.3730911125709468,-472.44601447986827,-7.040089892608933,24920350.923826337,0.001,1000000000.0,4.012784583398063e-09,0.1,3.1622776601683794e-11,0,worst
2500.0,56.5513945986145,92.27852244835447,0.18261982399399146,5e-14,-0.2943596105477724,-474.4766510446465,-7.103586680869455,19038724.60053267,0.001,1000000000.0,5.2524526772766165e-09,0.1,3.1622776601683794e-11,0,worst
2510.0,56.5513945986145,92.27852244835447,0.18261982399399146,5e-14,4.007665197696667,-476.50714298502805,-7.166944493783944,36281358.27546799,0.001,1000000000.0,2.7562363911721578e-09,0.1,3.1622776601683794e-11,0,worst
2520.0,56.5513945986145,92.27852244835447,0.18261982399399146,5e-14,-0.5276895830678967,-478.5374914305668,-7.230164436528582,18300268.384781573,0.001,1000000000.0,5.464400734317076e-09,0.1,3.1622776601683794e-11,0,worst
2530.0,56.5513945986145,92.27852244835447,0.18261982399399146,5e-14,1.724276366114907,-480.5676974974841,-7.2932476011485505,26292764.95055303,0.001,1000000000.0,3.803327652609493e-09,0.1,3.1622776601683794e-11,0,worst
2540.0,56.5513945986145,92.27852244835447,0.18261982399399146,5e-14,2.6035512029800714,-482.5977622888789,-7.356195066765508,29926070.759414826,0.001,1000000000.0,3.341567986119251e-09,0.1,3.1622776601683794e-11,0,worst
2550.0,56.5513945986145,92.27852244835447,0.18261982399399146,5e-14,2.897247311239582,-484.6276868949327,-7.4190078997803255,31200691.72020549,0.001,1000000000.0,3.2050571473465204e-09,0.1,3.1622776601683794e-11,0,worst
2560.0,56.5513945986145,92.27852244835447,0.18261982399399146,5e-14,4.224224956608623,-486.6574723931117,-7.481687154072745,37318222.94518557,0.001,1000000000.0,2.679655999346052e-09,0.1,3.1622776601683794e-11,0,worst
2570.0,56.5513945986145,92.27852244835447,0.18261982399399146,5e-14,2.616437551964637,-488.6871198483632,-7.544233871196127,29981367.717845857,0.001,1000000000.0,3.335404873490039e-09,0.1,3.1622776601683794e-11,0,worst
2580.0,56.5513945986145,92.27852244835447,0.18261982399399146,5e-14,-0.24636402737085916,-490.7166303133115,-7.606649080569355,19193201.33967523,0.001,1000000000.0,5.210178241254886e-09,0.1,3.1622776601683794e-11,0,worst
2590.0,56.5513945986145,92.27852244835447,0.18261982399399146,5e-14,2.539251256313449,-492.7460048284453,-7.6689337996642735,29651021.17813908,0.001,1000000000.0,3.3725651268202318e-09,0.1,3.1622776601683794e-11,0,worst
2600.0,56.5513945986145,92.27852244835447,0.18261982399399146,5e-14,0.05398401936049879,-494.77524442230686,-7.7310890341900915,20179888.310723662,0.001,1000000000.0,4.9554288140861345e-09,0.1,3.1622776601683794e-11,0,worst
2610.0,56.5513945986145,92.27852244835447,0.18261982399399146,5e-14,3.766047616411285,-496.80435011167197,-7.7931157782738865,35141765.70162398,0.001,1000000000.0,2.845616832377286e-09,0.1,3.1622776601683794e-11,0,worst
2620.0,56.5513945986145,92.27852244835447,0.18261982399399146,5e-14,0.9504494036779363,-498.83332290173166,-7.855015014637672,23329725.322408304,0.001,1000000000.0,4.286377084086351e-09,0.1,3.1622776601683794e-11,0,worst
2630.0,56.5513945986145,92.27852244835447,0.18261982399399146,5e-14,-1.1438944592856046,-500.8621637862667,-7.9167877147724255,16449562.490658676,0.001,1000000000.0,6.079189039634803e-09,0.1,3.1622776601683794e-11,0,worst
2640.0,56.5513945986145,92.27852244835447,0.18261982399399146,5e-14,1.2949947146563119,-502.89087374782116,-7.978434839108388,24621385.676328503,0.001,1000000000.0,4.0615098319239616e-09,0.1,3.1622776601683794e-11,0,worst
2650.0,56.5513945986145,92.27852244835447,0.18261982399399146,5e-14,-0.46013821556454104,-504.91945375787066,-8.039957337182443,18511922.657533534,0.001,1000000000.0,5.401924038360458e-09,0.1,3.1622776601683794e-11,0,worst
2660.0,56.5513945986145,92.27852244835447,0.18261982399399146,5e-14,2.2443980229271716,-506.9479047769893,-8.101356147802136,28408461.415643033,0.001,1000000000.0,3.5200779984844693e-09,0.1,3.1622776601683794e-11,0,worst
2670.0,56.5513945986145,92.27852244835447,0.18261982399399146,5e-14,2.3115956765808505,-508.9762277550125,-8.162632199206797,28688924.68520059,0.001,1000000000.0,3.4856656740287583e-09,0.1,3.1622776601683794e-11,0,worst
2680.0,56.5513945986145,92.27852244835447,0.18261982399399146,5e-14,1.718487636767847,-511.00442363119714,-8.223786409225568,26269773.351793006,0.001,1000000000.0,3.806656367409224e-09,0.1,3.1622776601683794e-11,0,worst
2690.0,56.5513945986145,92.27852244835447,0.18261982399399146,5e-14,1.675141198380686,-513.032493334378,-8.284819685432467,26098002.50291652,0.001,998306767.2165554,3.83171087476234e-09,0.1,3.1676412141183146e-11,0,worst
2700.0,56.5513945986145,92.27852244835447,0.18261982399399146,5e-14,0.18946057074843736,-515.0604377831231,-8.345732925298563,20636237.94869721,0.001,985310010.5768257,4.845844492034127e-09,0.1,3.209424065748709e-11,0,worst
2710.0,56.5513945986145,92.27852244835447,0.18261982399399146,5e-14,-3.736312948185912,-517.0882578858832,-8.406527016341443,10179272.907092063,0.001,972496260.4178586,9.8238843690229e-09,0.1,3.251711897390354e-11,0,worst
2720.0,56.5513945986145,92.27852244835447,0.18261982399399146,5e-14,-0.12833134275480518,-519.115954541142,-8.46720283627181,19576841.673396606,0.001,959862778.4020187,5.108076249903588e-09,0.1,3.294510143869673e-11,0,worst
2730.0,56.5513945986145,92.27852244835447,0.18261982399399146,5e-14,1.4106402956723798,-521.1435286375608,-8.527761253137442,25064905.43446536,0.001,947406868.221467,3.989642022047909e-09,0.1,3.337824293067254e-11,0,worst
2740.0,56.5513945986145,92.27852244835447,0.18261982399399146,5e-14,4.028328560984676,-523.1709810541225,-8.588203125464617,36379667.080764115,0.001,935125874.9805474,2.748788211227897e-09,0.1,3.38165988641279e-11,0,worst
2750.0,56.5513945986145,92.27852244835447,0.18261982399399146,5e-14,-2.098056530207103,-525.198312660271,-8.648529302396582,13864091.42052094,0.001,923017184.585493,7.212878000211753e-09,0.1,3.426022519384067e-11,0,worst
2760.0,56.5513945986145,92.27852244835447,0.18261982399399146,5e-14,2.2187535908341687,-527.2255243160503,-8.70874062383021,28301854.93247328,0.001,911078223.1412256,3.533337310879258e-09,0.1,3.4709178420108024e-11,0,worst
2770.0,56.5513945986145,92.27852244835447,0.18261982399399146,5e-14,4.0406603485685935,-529.2526168722394,-8.768837920549345,36438400.49004664,0.001,899306456.355552,2.7443575638649556e-09,0.1,3.5163515593822594e-11,0,worst
2780.0,56.5513945986145,92.27852244835447,0.18261982399399146,5e-14,2.5076266260095252,-531.2795911704856,-8.828822014356405,29516276.427183818,0.001,887699388.9504349,3.3879612235878872e-09,0.1,3.562329432159772e-11,0,worst
2790.0,56.5513945986145,92.27852244835447,0.18261982399399146,5e-14,1.0775404494344372,-533.3064480434343,-8.888693718201324,23800975.44112135,0.001,876254564.0805248,4.2015084737757556e-09,0.1,3.6088572770934823e-11,0,worst
2800.0,56.5513945986145,92.27852244835447,0.18261982399399146,5e-14,4.804986118069152,-535.3331883148592,-8.94845383630826,40168453.44044095,0.001,864969562.7588403,2.489515812409188e-09,0.1,3.655940967543669e-11,0,worst
2810.0,56.5513945986145,92.27852244835447,0.18261982399399146,5e-14,1.2297081980439373,-537.3598127997861,-9.008103164299996,24373209.236899048,0.001,853842003.2896088,4.10286552862346e-09,0.1,3.7035864340065594e-11,0,worst
2820.0,56.5513945986145,92.27852244835447,0.18261982399399146,5e-14,-2.09496314084312,-539.3863223046185,-9.067642489320122,13871934.189887486,0.001,842869540.7082355,7.208800058531066e-09,0.1,3.751799664644687e-11,0,worst
2830.0,56.5513945986145,92.27852244835447,0.18261982399399146,5e-14,1.0727679856073564,-541.4127176272583,-9.127072590153205,23783169.21296161,0.001,832049866.2283313,4.204654102427229e-09,0.1,3.800586705822012e-11,0,worst
2840.0,56.5513945986145,92.27852244835447,0.18261982399399146,5e-14,-1.5188178681864457,-543.4389995572255,-9.186394237342654,15393487.03264094,0.001,821380706.6958388,6.49625388893083e-09,0.1,3.849953662643534e-11,0,worst
2850.0,56.5513945986145,92.27852244835447,0.18261982399399146,5e-14,-4.497333282128551,-545.4651688757764,-9.245608193306623,8766524.04497086,0.001,810859824.050164,1.1407029683260556e-08,0.1,3.899906699499696e-11,0,worst
2860.0,56.5513945986145,92.27852244835447,0.18261982399399146,5e-14,3.1563195402264625,-547.4912263560166,-9.304715212451782,32349616.000829276,0.001,800485014.7923232,3.091226801500102e-09,0.1,3.9504520406153963e-11,0,worst
2870.0,56.5513945986145,92.27852244835447,0.18261982399399146,5e-14,1.0218643363752307,-549.5171727630175,-9.363716041285272,23593779.932736393,0.001,790254109.4599994,4.238405218879316e-09,0.1,4.001595970603991e-11,0,worst
2880.0,56.5513945986145,92.27852244835447,0.18261982399399146,5e-14,3.2474463319873763,-551.5430088539249,-9.422611418524554,32759128.154352248,0.001,780164972.1095486,3.0525842912798764e-09,0.1,4.0533448350259195e-11,0,worst
2890.0,56.5513945986145,92.27852244835447,0.18261982399399146,5e-14,-0.5204073828481626,-553.5687353780708,-9.48140207520538,18323001.57888698,0.001,770215499.8048699,5.457621098238996e-09,0.1,4.1057050409522085e-11,0,worst
2900.0,56.5513945986145,92.27852244835447,0.18261982399399146,5e-14,0.24360556953766377,-555.5943530770786,-9.540088734788071,20820586.72490275,0.001,760403622.1130704,4.802938616537334e-09,0.1,4.158683057533037e-11,0,worst
2910.0,56.5513945986145,92.27852244835447,0.18261982399399146,5e-14,-0.4340377894549192,-557.6198626849712,-9.598672113261586,18594167.44329697,0.001,750727300.6069641,5.378030519782649e-09,0.1,4.212285416570935e-11,0,worst
2920.0,56.5513945986145,92.27852244835447,0.18261982399399146,5e-14,1.7856084809790218,-559.6452649282725,-9.6571529192463,26537119.3827771,0.001,741184528.3742335,3.76830652029629e-09,0.1,4.2665187130993446e-11,0,worst
2930.0,56.5513945986145,92.27852244835447,0.18261982399399146,5e-14,0.6110112668943657,-561.6705605261119,-9.71553185409465,22101067.839464407,0.001,731773329.5333244,4.5246682525193036e-09,0.1,4.321389605965916e-11,0,worst
2940.0,56.5513945986145,92.27852244835447,0.18261982399399146,5e-14,0.9538273158646291,-563.6957501903225,-9.773809611990117,23342171.654900562,0.001,722491758.7559699,4.284091535202362e-09,0.1,4.376904818420878e-11,0,worst
2950.0,56.5513945986145,92.27852244835447,0.18261982399399146,5e-14,-0.19874048317616655,-565.7208346255419,-9.831986880044724,19347350.731145956,0.001,713337900.7962533,5.1686663145573185e-09,0.1,4.433071138710745e-11,0,worst
2960.0,56.5513945986145,92.27852244835447,0.18261982399399146,5e-14,-3.574744645213201,-567.7458145293068,-9.890064338394751,10502568.595922416,0.001,704309870.0262258,9.521480301383096e-09,0.1,4.4898954206770213e-11,0,worst
2970.0,56.5513945986145,92.27852244835447,0.18261982399399146,5e-14,3.1046356869412506,-569.7706905921516,-9.948042660294732,32118594.370048307,0.001,695405809.9780123,3.113461281893875e-09,0.1,4.547384584359981e-11,0,worst
2980.0,56.5513945986145,92.27852244835447,0.18261982399399146,5e-14,2.447739840150703,-571.7954634976984,-10.005922512210077,29262079.4494825,0.001,686623892.8922856,3.417392129381581e-09,0.1,4.605545616607989e-11,0,worst
2990.0,56.5513945986145,92.27852244835447,0.18261982399399146,5e-14,1.684317246810238,-573.820133922753,-10.063704553908082,26134307.09792697,0.001,677962319.2731316,3.8263880356687256e-09,0.1,4.66438557169191e-11,0,worst
3000.0,56.5513945986145,92.27852244835447,0.18261982399399146,5e-14,-0.8721275215596478,-575.844702537392,-10.121389438547254,17248058.72931318,0.001,669419317.4492202,5.797753913607066e-09,0.1,4.72391157192481e-11,0,worst
3010.0,56.5513945986145,92.27852244835447,0.18261982399399146,5e-14,-2.412623082312848,-577.8691700050555,-10.178977812765396,13084490.726367315,0.001,660993143.1411954,7.642636010164631e-09,0.1,4.784130808287192e-11,0,worst
3020.0,56.5513945986145,92.27852244835447,0.18261982399399146,5e-14,0.21845427781322257,-579.8935369826319,-10.236470316766031,20734814.158751406,0.001,652682079.0352684,4.8228066687443e-09,0.1,4.845050541057527e-11,0,worst
3030.0,56.5513945986145,92.27852244835447,0.18261982399399146,5e-14,-0.1475035537397531,-581.9178041205458,-10.293867584403642,19514164.152183484,0.001,644484434.362905,5.124482874087681e-09,0.1,4.90667810044846e-11,0,worst
3040.0,56.5513945986145,92.27852244835447,0.18261982399399146,5e-14,-4.210693820227235,-583.9419720628426,-10.351170243267092,9277771.473281424,0.001,636398544.4866362,1.0778450438015729e-08,0.1,4.969020887248092e-11,0,worst
3050.0,56.5513945986145,92.27852244835447,0.18261982399399146,5e-14,1.8572503469907105,-585.9660414472714,-10.408378914762238,26824295.634208944,0.001,628422770.4917823,3.727963684998696e-09,0.1,5.0320863734674796e-11,0,worst
3060.0,56.5513945986145,92.27852244835447,0.18261982399399146,5e-14,1.0635356836610868,-587.9900129053675,-10.46549421419266,23748747.52642275,0.001,620555498.7841986,4.210748372676936e-09,0.1,5.0958821029931403e-11,0,worst
3070.0,56.5513945986145,92.27852244835447,0.18261982399399146,5e-14,-3.7848154428512686,-590.0138870625335,-10.522516750839287,10083853.939174095,0.001,612795140.6938726,9.916843361992446e-09,0.1,5.160415692245386e-11,0,worst
3080.0,56.5513945986145,92.27852244835447,0.18261982399399146,5e-14,-1.1454174568203825,-592.0376645381181,-10.579447128038936,16445166.09946209,0.001,605140132.0842894,6.080814228034519e-09,0.1,5.225694830842765e-11,0,worst
3090.0,56.5513945986145,92.27852244835447,0.18261982399399146,5e-14,-0.41630417076119386,-594.0613459454945,-10.63628594326127,18650195.938850306,0.001,597588932.9676155,5.361873962497604e-09,0.1,5.2917272822717235e-11,0,worst
3100.0,56.5513945986145,92.27852244835447,0.18261982399399146,5e-14,-0.1897297980967636,-596.0849318921374,-10.693033788184522,19376614.32793383,0.001,590140027.1255516,5.160860318917398e-09,0.1,5.358520884562213e-11,0,worst
3110.0,56.5513945986145,92.27852244835447,0.18261982399399146,5e-14,0.9807098867274107,-598.1084229796992,-10.749691248770318,23441377.456926685,0.001,582791921.7357754,4.265960913933027e-09,0.1,5.426083550969473e-11,0,worst
3120.0,56.5513945986145,92.27852244835447,0.18261982399399146,5e-14,-0.19424466861514134,-600.1318198040826,-10.806258905336932,19361947.70639233,0.001,575543147.0039946,5.164769656256488e-09,0.1,5.494423270661289e-11,0,worst
3130.0,56.5513945986145,92.27852244835447,0.18261982399399146,5e-14,-3.9311865231688756,-602.1551229555167,-10.862737332631582,9800421.123635199,0.001,568392255.8014657,1.0203643163744757e-08,0.1,5.563548109411494e-11,0,worst
3140.0,56.5513945986145,92.27852244835447,0.18261982399399146,5e-14,-1.5658697648761546,-604.1783330186265,-10.919127099901402,15264650.429750921,0.001,561337823.3079727,6.5510835285883285e-09,0.1,5.633466210299222e-11,0,worst
3150.0,56.5513945986145,92.27852244835447,0.18261982399399146,5e-14,0.17710478440258726,-606.2014505725053,-10.975428770963617,20594326.944182705,0.001,554378446.6601319,4.85570615009815e-09,0.1,5.7041857944146404e-11,0,worst
3160.0,56.5513945986145,92.27852244835447,0.18261982399399146,5e-14,-0.10351512022464249,-608.2244761907845,-11.031642904274179,19658179.21986333,0.001,547512744.6050506,5.086941108917983e-09,0.1,5.7757151615703384e-11,0,worst
3170.0,56.5513945986145,92.27852244835447,0.18261982399399146,5e-14,-0.14531350159886358,-610.2474104417012,-11.087770052995666,19521316.7295271,0.001,540739357.1591982,5.122605272253194e-09,0.1,5.848062691019138e-11,0,worst
3180.0,56.5513945986145,92.27852244835447,0.18261982399399146,5e-14,-1.5506791644688604,-612.2702538881675,-11.14381076506379,15306155.357493157,0.001,534056945.2724733,6.533319286547345e-09,0.1,5.921236842177945e-11,0,worst
3190.0,56.5513945986145,92.27852244835447,0.18261982399399146,5e-14,-5.010899928280622,-614.2930070878359,-11.199765583253253,7910801.263552746,0.001,527464190.49735653,1.2640944535002759e-08,0.1,5.995246155358157e-11,0,worst
3200.0,56.5513945986145,92.27852244835447,0.18261982399399146,5e-14,0.7841116686205396,-616.3156705931654,-11.255635045242258,22722174.656356793,0.001,520959794.6631407,4.4009872079750005e-09,0.1,6.070099252502102e-11,0,worst
3210.0,56.5513945986145,92.27852244835447,0.18261982399399146,5e-14,-2.774132254329075,-618.3382449514859,-11.311419683676093,12231808.491029803,0.001,514542479.5551384,8.175405956799848e-09,0.1,6.145804837925941e-11,0,worst
3220.0,56.5513945986145,92.27852244835447,0.18261982399399146,5e-14,1.5750275587831624,-620.3607307050614,-11.36712002622977,25703926.681917172,0.001,508210986.59880435,3.890456164051793e-09,0.1,6.222371699069087e-11,0,worst
3230.0,56.5513945986145,92.27852244835447,0.18261982399399146,5e-14,-1.237152063229658,-622.3831283911536,-11.422736595669704,16181964.884477757,0.001,501964076.54872924,6.179719256214869e-09,0.1,6.299808707249979e-11,0,worst
3240.0,56.5513945986145,92.27852244835447,0.18261982399399146,5e-14,1.1221751041275922,-624.4054385420819,-11.478269909914417,23967924.008265365,0.001,495800529.18241525,4.1722428678226326e-09,0.1,6.378124818428566e-11,0,worst
3250.0,56.5513945986145,92.27852244835447,0.18261982399399146,5e-14,-2.1408496607722327,-626.427661685286,-11.53372048209414,13755950.7779731,0.001,489719142.9988145,7.2695811154054386e-09,0.1,6.457329073975027e-11,0,worst
3260.0,56.5513945986145,92.27852244835447,0.18261982399399146,5e-14,0.21202599413322787,-628.4497983433832,-11.589088820609959,20712930.802127663,0.001,483718734.92148757,4.8279019978055375e-09,0.1,6.537430601445793e-11,0,worst
3270.0,56.5513945986145,92.27852244835447,0.18261982399399146,5e-14,2.792545512549907,-630.47184903423,-11.644375429191399,30742868.062834695,0.001,477798140.00643843,3.25278694868716e-09,0.1,6.618438615365407e-11,0,worst
3280.0,56.5513945986145,92.27852244835447,0.18261982399399146,5e-14,-1.0017931295127624,-632.4938142709777,-11.699580806953776,16863603.233906873,0.001,471956211.1544273,5.929930787207718e-09,0.1,6.700362418016065e-11,0,worst
3290.0,56.5513945986145,92.27852244835447,0.18261982399399146,5e-14,1.5230551415227183,-634.5156945621304,-11.754705448454189,25500810.31223361,0.001,466191818.82783383,3.921444015919235e-09,0.1,6.783211400233127e-11,0,worst
3300.0,56.5513945986145,92.27852244835447,0.18261982399399146,5e-14,-5.828678941554955,-636.5374904116017,-11.809749843746943,6698128.696061526,0.001,460503850.77189267,1.4929542942165267e-08,0.1,6.866995042208216e-11,0,worst
3310.0,56.5513945986145,92.27852244835447,0.18261982399399146,5e-14,0.8739849995593971,-638.5592023187681,-11.864714478438088,23049137.104134087,0.001,454891211.7403246,4.338557211413525e-09,0.1,6.951722914298837e-11,0,worst
3320.0,56.5513945986145,92.27852244835447,0.18261982399399146,5e-14,-0.7400556606094426,-640.5808307785265,-11.919599833738943,17646192.706308346,0.001,449352823.22526723,5.666944800180662e-09,0.1,7.037404677845058e-11,0,worst
3330.0,56.5513945986145,92.27852244835447,0.18261982399399146,5e-14,-0.8388796415111415,-642.6023762813447,-11.97440638651912,17347662.53298354,0.001,443887623.1914421,5.764465374506077e-09,0.1,7.124050085993356e-11,0,worst
3340.0,56.5513945986145,92.27852244835447,0.18261982399399146,5e-14,0.047418229106540366,-644.6238393133166,-12.029134609358522,20157949.91379018,0.001,438494565.81451446,4.960821930189904e-09,0.1,7.211668984527483e-11,0,worst
3350.0,56.5513945986145,92.27852244835447,0.18261982399399146,5e-14,-0.04361967343169226,-646.6452203562131,-12.083784970598629,19855462.42006086,0.001,433172621.2235762,5.036397434842189e-09,0.1,7.300271312706562e-11,0,worst
3360.0,56.5513945986145,92.27852244835447,0.18261982399399146,5e-14,-2.0395198071722263,-648.6665198875338,-12.138357934393127,14013087.87659216,0.001,427920775.24769115,7.1361858914081816e-09,0.1,7.389867104110509e-11,0,worst
3370.0,56.5513945986145,92.27852244835447,0.18261982399399146,5e-14,-3.1627873220630107,-650.6877383805573,-12.192853960757532,11365485.487823702,0.001,422738029.16647536,8.798568271204428e-09,0.1,7.480466487492342e-11,0,worst
3380.0,56.5513945986145,92.27852244835447,0.18261982399399146,5e-14,0.15452826143810228,-652.7088763043914,-12.247273505618352,20517897.80410288,0.001,417623399.4645938,4.8737936485873045e-09,0.1,7.572079687638473e-11,0,worst
3390.0,56.5513945986145,92.27852244835447,0.18261982399399146,5e-14,-3.610574558627931,-654.7299341240221,-12.301617020861414,10430147.222665763,0.001,412575917.5901796,9.587592376710649e-09,0.1,7.664717026235973e-11,0,worst
3400.0,56.5513945986145,92.27852244835447,0.18261982399399146,5e-14,-2.294123264491404,-656.7509123003612,-12.355884954379377,13374019.750445282,0.001,407594629.71708864,7.477183514453129e-09,0.1,7.758388922747376e-11,0,worst
3410.0,56.5513945986145,92.27852244835447,0.18261982399399146,5e-14,-2.9854255575978073,-658.7718112902952,-12.410077750118745,11754442.562899752,0.001,402678596.51092297,8.507421722883522e-09,0.1,7.853105895293345e-11,0,worst
3420.0,56.5513945986145,92.27852244835447,0.18261982399399146,5e-14,-0.9438130986781772,-660.7926315467311,-12.464195848125968,17034727.101332158,0.001,397826892.8988128,5.870361139638085e-09,0.1,7.948878561542354e-11,0,worst
3430.0,56.5513945986145,92.27852244835447,0.18261982399399146,5e-14,-0.2168295405780043,-662.8133735186433,-12.518239684593198,19288697.40259938,0.001,393038607.84283215,5.184383264083132e-09,0.1,8.045717639608848e-11,0,worst
3440.0,56.5513945986145,92.27852244835447,0.18261982399399146,5e-14,-1.4811143085271397,-664.8340376511192,-12.572209691902913,15497318.889171675,0.001,388312844.1170796,6.452729063339611e-09,0.1,8.143633948958241e-11,0,worst
3450.0,56.5513945986145,92.27852244835447,0.18261982399399146,5e-14,-1.8578143669179639,-666.8546243854034,-12.626106298672283,14483512.476423362,0.001,383648718.0882874,6.904402517192056e-09,0.1,8.242638411320477e-11,0,worst
3460.0,56.5513945986145,92.27852244835447,0.18261982399399146,5e-14,-2.2036823363203695,-668.8751341589434,-12.679929929796856,13598363.666277632,0.001,379045359.4999575,7.3538259789292465e-09,0.1,8.342742051611196e-11,0,worst
3470.0,56.5513945986145,92.27852244835447,0.18261982399399146,5e-14,1.6585188485111502,-670.8955674054316,-12.73368100649327,26032316.009656556,0.001,374501911.2599723,3.841379305740815e-09,0.1,8.443955998860537e-11,0,worst
3480.0,56.5513945986145,92.27852244835447,0.18261982399399146,5e-14,-1.4969150673487235,-672.9159245548498,-12.787359946341951,15453740.922546677,0.001,370017529.23158014,6.470925098407865e-09,0.1,8.546291487150675e-11,0,worst
3490.0,56.5513945986145,92.27852244835447,0.18261982399399146,5e-14,-1.719000004778195,-674.9362060335097,-12.840967163328429,14851019.04912041,0.001,365591382.0277885,6.733544659073262e-09,0.1,8.649759856560336e-11,0,worst
3500.0,56.5513945986145,92.27852244835447,0.18261982399399146,5e-14,-0.521034244447705,-676.9564122640971,-12.894503067884841,18321043.880028307,0.001,361222650.8090047,5.458204273448064e-09,0.1,8.75437255411877e-11,0,worst
3510.0,56.5513945986145,92.27852244835447,0.18261982399399146,5e-14,-1.551041961719278,-678.9765436657115,-12.947968066930315,15305163.098537087,0.001,356910529.08397937,6.53374285240765e-09,0.1,8.860141134766887e-11,0,worst
3520.0,56.5513945986145,92.27852244835447,0.18261982399399146,5e-14,1.9016690378755499,-680.9966006539071,-13.00136256391096,27003290.343602523,0.001,352654222.5139402,3.703252408412202e-09,0.1,8.967077262327055e-11,0,worst
3530.0,56.5513945986145,92.27852244835447,0.18261982399399146,5e-14,1.6438995358747803,-683.0165836407325,-13.054686958839312,25974629.140767828,0.001,348452948.7198781,3.849910597685782e-09,0.1,9.075192710481379e-11,0,worst
3540.0,56.5513945986145,92.27852244835447,0.18261982399399146,5e-14,-3.2792770109216036,-685.0364930347713,-13.10794164833311,11115780.180552498,0.001,344305937.0929542,8.996219642320205e-09,0.1,9.184499363758113e-11,0,worst
3550.0,56.5513945986145,92.27852244835447,0.18261982399399146,5e-14,-1.4102629089799308,-687.0563292411792,-13.161127025653741,15693866.023375208,0.001,340212428.607957,6.3719162538443456e-09,0.1,9.295009218526883e-11,0,worst
3560.0,56.5513945986145,92.27852244835447,0.18261982399399146,5e-14,-3.8056416028600495,-689.0760926617247,-13.214243480743875,10043112.493413698,0.001,336171675.6397822,9.957072577408676e-09,0.1,9.406734384002215e-11,0,worst
3570.0,56.5513945986145,92.27852244835447,0.18261982399399146,5e-14,-1.0893928151364776,-691.0957836948245,-13.267291400264753,16607464.934206188,0.001,332182941.7828813,6.021388598209909e-09,0.1,9.519687083255711e-11,0,worst
3580.0,56.5513945986145,92.27852244835447,0.18261982399399146,5e-14,-3.4188367555390897,-693.1154027355828,-13.320271167632882,10822563.25699935,0.001,328245501.67362446,9.239955232909018e-09,0.1,9.633879654237096e-11,0,worst
3590.0,56.5513945986145,92.27852244835447,0.18261982399399146,5e-14,-0.8957651632520935,-695.1349501758267,-13.373183163056268,17177499.79402987,0.001,324358640.8155439,5.821568982626653e-09,0.1,9.74932455080394e-11,0,worst
3600.0,56.5513945986145,92.27852244835447,0.18261982399399146,5e-14,-2.083243225162022,-697.1544264041437,-13.426027763570147,13901679.413297603,0.001,320521655.40740806,7.193375492772863e-09,0.1,9.866034343760259e-11,0,worst
3610.0,56.5513945986145,92.27852244835447,0.18261982399399146,5e-14,-0.4642151675844275,-699.173831805916,-13.478805343072054,18499099.278697643,0.001,316733852.1740845,5.405668594640902e-09,0.1,9.984021721903965e-11,0,worst
3620.0,56.5513945986145,92.27852244835447,0.18261982399399146,5e-14,-3.812501044192004,-701.1931667633578,-13.531516272356725,10029723.78347751,0.001,312994548.2001381,9.970364305020569e-09,0.1,1.010329949308358e-10,0,worst
3630.0,56.5513945986145,92.27852244835447,0.18261982399399146,5e-14,-1.461906872106752,-703.2124316555474,-13.584160919150179,15550417.280530661,0.001,309303070.76614696,6.43069560102425e-09,0.1,1.0223880585263458e-10,0,worst
3640.0,56.5513945986145,92.27852244835447,0.18261982399399146,5e-14,-2.225149040201501,-705.2316268584647,-13.636739648143532,13544849.179005362,0.001,305658757.187651,7.3828802874380396e-09,0.1,1.0345778047598956e-10,0,worst
3650.0,56.5513945986145,92.27852244835447,0.18261982399399146,5e-14,-2.2939718087058196,-707.2507527450219,-13.689252821026429,13374393.00015039,0.001,302060954.65673304,7.476974842811598e-09,0.1,1.0469005051520288e-10,0,worst
3660.0,56.5513945986145,92.27852244835447,0.18261982399399146,5e-14,-0.05243169431393824,-709.2698096851,-13.741700796519638,19826351.373237267,0.001,298509020.0861782,5.0437923810321285e-09,0.1,1.0593574891825527e-10,0,worst
3670.0,56.5513945986145,92.27852244835447,0.18261982399399146,5e-14,-4.057652091728357,-711.2887980455783,-13.794083930407737,9560948.503556449,0.001,295002319.9561384,1.0459213326251296e-08,0.1,1.071950098778394e-10,0,worst
3680.0,56.5513945986145,92.27852244835447,0.18261982399399146,5e-14,-0.6057570117325639,-713.3077181903707,-13.846402575570806,18057830.559805438,0.001,291540230.1633318,5.537763778921926e-09,0.1,1.0846796884247338e-10,0,worst
3690.0,56.5513945986145,92.27852244835447,0.18261982399399146,5e-14,1.80792499619848,-715.3265704804543,-13.898657082016172,26626373.535191663,0.001,288122135.8726534,3.755674796187756e-09,0.1,1.097547625277243e-10,0,worst
3700.0,56.5513945986145,92.27852244835447,0.18261982399399146,5e-14,-2.597837726924027,-717.3453552739032,-13.950847796909386,12641911.843424344,0.001,284747431.37122303,7.910195960748985e-09,0.1,1.1105552892751971e-10,0,worst
3710.0,56.5513945986145,92.27852244835447,0.18261982399399146,5e-14,1.8189948872443438,-719.364072925919,-14.002975064604868,26670714.902533483,0.001,281415519.9248158,3.749430803240332e-09,0.1,1.1237040732555288e-10,0,worst
3720.0,56.5513945986145,92.27852244835447,0.18261982399399146,5e-14,-0.41437065186134703,-721.3827237888615,-14.055039226676428,18656312.051249564,0.001,278125813.63658583,5.360116175442198e-09,0.1,1.1369953830680317e-10,0,worst
3730.0,56.5513945986145,92.27852244835447,0.18261982399399146,5e-14,-7.256492383746249,-723.4013082122791,-14.107040621946737,4972725.352954788,0.001,274877733.3081592,2.010969697744922e-08,0.1,1.1504306376912755e-10,0,worst
3740.0,56.5513945986145,92.27852244835447,0.18261982399399146,5e-14,0.21445410123327235,-725.419826542939,-14.158979586517091,20721194.781129915,0.001,271670708.3029228,4.825976545091241e-09,0.1,1.1640112693497761e-10,0,worst
3750.0,56.5513945986145,92.27852244835447,0.18261982399399146,5e-14,-0.5795880384448537,-727.4382791248561,-14.210856453796396,18138839.524732336,0.001,268504176.4115689,5.513031848793295e-09,0.1,1.1777387236320574e-10,0,worst
3760.0,56.5513945986145,92.27852244835447,0.18261982399399146,5e-14,-3.3841909572198574,-729.4566662993237,-14.262671554529732,10894753.973317781,0.001,265377583.71984258,9.17872952844175e-09,0.1,1.1916144596096615e-10,0,worst
3770.0,56.5513945986145,92.27852244835447,0.18261982399399146,5e-14,-1.903327334258492,-731.4749884049398,-14.314425216826862,14364553.658813732,0.001,262290384.4784098,6.961580733741943e-09,0.1,1.2056399499573266e-10,0,worst
3780.0,56.5513945986145,92.27852244835447,0.18261982399399146,5e-14,-3.0579567929356983,-733.4932457776387,-14.36611776619003,11594093.870402096,0.001,259242040.97487128,8.6250811074839e-09,0.1,1.219816681074079e-10,0,worst
3790.0,56.5513945986145,92.27852244835447,0.18261982399399146,5e-14,-2.8634779122366183,-735.5114387507152,-14.417749525541467,12028082.682869405,0.001,256232023.4078518,8.313877002393879e-09,0.1,1.2341461532054063e-10,0,worst
3800.0,56.5513945986145,92.27852244835447,0.18261982399399146,5e-14,-5.829496988390133,-737.5295676548564,-14.46932081525074,6697002.844365229,0.001,253259809.7631402,1.4932052788978385e-08,0.1,1.248629880566475e-10,0,worst
3810.0,56.5513945986145,92.27852244835447,0.18261982399399146,5e-14,1.0258035720156897,-739.5476328181651,-14.520831953161434,23608401.15840909,0.001,250324885.69185385,4.235780277072298e-09,0.1,1.2632693914663742e-10,0,worst
3820.0,56.5513945986145,92.27852244835447,0.18261982399399146,5e-14,-5.950120606554435,-741.56563456619,-14.57228325461773,6532822.670837426,0.001,247426744.39057282,1.5307318909236712e-08,0.1,1.2780662284334954e-10,0,worst
3830.0,56.5513945986145,92.27852244835447,0.18261982399399146,5e-14,-5.231664217860597,-743.5835732219501,-14.623675032490496,7565822.939407635,0.001,244564886.48344752,1.3217332840177397e-08,0.1,1.2930219483418797e-10,0,worst
3840.0,56.5513945986145,92.27852244835447,0.18261982399399146,5e-14,-1.7042178609633254,-745.6014491059618,-14.675007597203177,14890571.113858918,0.001,241738819.9062024,6.715659139959262e-09,0.1,1.3081381225387718e-10,0,worst
3850.0,56.5513945986145,92.27852244835447,0.18261982399399146,5e-14,2.393191733643988,-747.6192625362652,-14.726281256757062,29031646.712056357,0.001,238948059.79205638,3.444516978035272e-09,0.1,1.3234163369731226e-10,0,worst
3860.0,56.5513945986145,92.27852244835447,0.18261982399399146,5e-14,-1.2840718820231132,-749.6370138284483,-14.777496316756668,16048564.163411226,0.001,236192128.35946962,6.2310870294545005e-09,0.1,1.3388581923253558e-10,0,worst
3870.0,56.5513945986145,92.27852244835447,0.18261982399399146,5e-14,-6.616434072267253,-751.6547032956738,-14.828653080434322,5689094.826047617,0.001,233470554.80175644,1.757748869682191e-08,0.1,1.3544653041380399e-10,0,worst
3880.0,56.5513945986145,92.27852244835447,0.18261982399399146,5e-14,-5.0242072042950525,-753.6723312487034,-14.879751848674715,7889625.253540439,0.001,230782875.17845598,1.2674873240034486e-08,0.1,1.3702393029478922e-10,0,worst
3890.0,56.5513945986145,92.27852244835447,0.18261982399399146,5e-14,-4.800225883888658,-755.6898979959217,-14.930792920039238,8252680.468440729,0.001,228128632.30849642,1.2117275154710323e-08,0.1,1.3861818344187756e-10,0,worst
3900.0,56.5513945986145,92.27852244835447,0.18261982399399146,5e-14,1.8829516144470801,-757.7074038433616,-14.981776590789565,26927776.63289736,0.001,225507375.6650933,3.7136374593151944e-09,0.1,1.402294559475854e-10,0,worst
3910.0,56.5513945986145,92.27852244835447,0.18261982399399146,5e-14,-5.439056932030496,-759.7248490947277,-15.032703154911445,7253798.908793494,0.001,222918661.27235094,1.3785879820679059e-08,0.1,1.41857915444094e-10,0,worst
3920.0,56.5513945986145,92.27852244835447,0.18261982399399146,5e-14,-3.958668721308044,-761.7422340514202,-15.083572904137753,9747956.883318486,0.001,220362051.60356054,1.0258559942045734e-08,0.1,1.4350373111689092e-10,0,worst
3930.0,56.5513945986145,92.27852244835447,0.18261982399399146,5e-14,1.5300483960326687,-763.7595590125577,-15.134386127971652,25528082.757481955,0.001,217837115.48112923,3.917254615240985e-09,0.1,1.4516707371854273e-10,0,worst
3940.0,56.5513945986145,92.27852244835447,0.18261982399399146,5e-14,-2.2616267505296577,-765.7768242750012,-15.185143113709103,13454292.327154968,0.001,215343427.9781653,7.432572265296239e-09,0.1,1.468481155825669e-10,0,worst
3950.0,56.5513945986145,92.27852244835447,0.18261982399399146,5e-14,2.3385489070993657,-767.7940301333762,-15.235844146461318,28801872.37128716,0.001,212880570.32163984,3.471996497689188e-09,0.1,1.4854703063743745e-10,0,worst
3960.0,56.5513945986145,92.27852244835447,0.18261982399399146,5e-14,-1.7858707676802084,-769.8111768800948,-15.286489509176874,14673098.775316225,0.001,210448129.79713044,6.815192995785232e-09,0.1,1.502639944207049e-10,0,worst
3970.0,56.5513945986145,92.27852244835447,0.18261982399399146,5e-14,-2.755611019026759,-771.8282648053791,-15.337079482663427,12274385.564931452,0.001,208045699.65512234,8.147047318254783e-09,0.1,1.5199918409323007e-10,0,worst
3980.0,56.5513945986145,92.27852244835447,0.18261982399399146,5e-14,-1.5494766637815331,-773.8452941972826,-15.387614345609393,15309444.57367727,0.001,205672879.01881355,6.531915610572696e-09,0.1,1.5375277845355174e-10,0,worst
3990.0,56.5513945986145,92.27852244835447,0.18261982399399146,5e-14,-1.2547205932933991,-775.8622653417112,-15.4380943746051,16131918.114092281,0.001,203329272.7934335,6.198890875390912e-09,0.1,1.5552495795236546e-10,0,worst
4000.0,56.5513945986145,92.27852244835447,0.18261982399399146,5e-14,-3.3961465275732223,-777.8791785224455,-15.488519844163903,10869797.730676468,0.001,201014491.57701692,9.199803204965123e-09,0.1,1.57315904707138e-10,0,worst
